AUDIT_AXIOMS|cadena_completa|CadenaCompletaGao.descenso|public|propext,Classical.choice,Quot.sound
AUDIT_AXIOMS|cadena_completa|CadenaCompletaGao.Estado.recOn|public|
AUDIT_AXIOMS|cadena_completa|CadenaCompletaGao.dominacion_cadena._proof_1_21|public|propext,Quot.sound
AUDIT_AXIOMS|cadena_completa|CadenaCompletaGao.instDecidableEqEstado.decEq.match_1|public|
AUDIT_AXIOMS|cadena_completa|CadenaCompletaGao.paso.eq_2|public|
AUDIT_AXIOMS|cadena_completa|CadenaCompletaGao.dominacion_cadena._proof_1_16|public|propext,Quot.sound
AUDIT_AXIOMS|cadena_completa|CadenaCompletaGao.mag_mag|public|propext,Quot.sound
AUDIT_AXIOMS|cadena_completa|CadenaCompletaGao.instDecidableEqEstado.decEq|public|
AUDIT_AXIOMS|cadena_completa|CadenaCompletaGao.bitInt|public|
AUDIT_AXIOMS|cadena_completa|CadenaCompletaGao.mag|public|
AUDIT_AXIOMS|cadena_completa|CadenaCompletaGao.paso.eq_1|public|
AUDIT_AXIOMS|cadena_completa|CadenaCompletaGao.coef_impar|public|propext,Quot.sound
AUDIT_AXIOMS|cadena_completa|CadenaCompletaGao.dominacion_cadena._proof_1_26|public|propext,Quot.sound
AUDIT_AXIOMS|cadena_completa|_private.cadena_completa.0.CadenaCompletaGao.paso.match_1.eq_3|private|
AUDIT_AXIOMS|cadena_completa|CadenaCompletaGao.mag_no_negativa._proof_1_1|public|propext,Quot.sound
AUDIT_AXIOMS|cadena_completa|CadenaCompletaGao.coef._sunfold|public|
AUDIT_AXIOMS|cadena_completa|CadenaCompletaGao.dominacion_cadena._proof_1_19|public|propext,Quot.sound
AUDIT_AXIOMS|cadena_completa|CadenaCompletaGao.ascenso._proof_1_3|public|propext,Quot.sound
AUDIT_AXIOMS|cadena_completa|CadenaCompletaGao.paso|public|
AUDIT_AXIOMS|cadena_completa|CadenaCompletaGao.mag_mag._proof_1_1|public|propext,Quot.sound
AUDIT_AXIOMS|cadena_completa|CadenaCompletaGao.dominacion_cadena._proof_1_17|public|propext,Quot.sound
AUDIT_AXIOMS|cadena_completa|CadenaCompletaGao.ascenso._proof_1_2|public|propext,Quot.sound
AUDIT_AXIOMS|cadena_completa|CadenaCompletaGao.coef.eq_def|public|
AUDIT_AXIOMS|cadena_completa|CadenaCompletaGao.instDecidableEqEstado.decEq._proof_2|public|
AUDIT_AXIOMS|cadena_completa|CadenaCompletaGao.instDecidableEqEstado.decEq._proof_3|public|
AUDIT_AXIOMS|cadena_completa|CadenaCompletaGao.coef._unsafe_rec|public|
AUDIT_AXIOMS|cadena_completa|CadenaCompletaGao.datos.eq_1|public|
AUDIT_AXIOMS|cadena_completa|CadenaCompletaGao.descenso._proof_1_4|public|propext,Quot.sound
AUDIT_AXIOMS|cadena_completa|CadenaCompletaGao.Dominado.eq_1|public|
AUDIT_AXIOMS|cadena_completa|CadenaCompletaGao.Estado.vivo.elim|public|
AUDIT_AXIOMS|cadena_completa|_private.cadena_completa.0.CadenaCompletaGao.paso.match_1.splitter|private|
AUDIT_AXIOMS|cadena_completa|CadenaCompletaGao.Estado.fusion.elim|public|
AUDIT_AXIOMS|cadena_completa|CadenaCompletaGao.Estado.vivo.injEq|public|propext
AUDIT_AXIOMS|cadena_completa|CadenaCompletaGao.coef_impar._proof_1_4|public|propext,Quot.sound
AUDIT_AXIOMS|cadena_completa|CadenaCompletaGao.dominacion_cadena._proof_1_18|public|propext,Quot.sound
AUDIT_AXIOMS|cadena_completa|CadenaCompletaGao.datos.match_1|public|
AUDIT_AXIOMS|cadena_completa|CadenaCompletaGao.coef_positivo._proof_1_4|public|propext,Quot.sound
AUDIT_AXIOMS|cadena_completa|CadenaCompletaGao.compartido_impar._proof_1_4|public|propext,Quot.sound
AUDIT_AXIOMS|cadena_completa|CadenaCompletaGao.Estado.fusion.sizeOf_spec|public|
AUDIT_AXIOMS|cadena_completa|CadenaCompletaGao.Estado.vivo.sizeOf_spec|public|
AUDIT_AXIOMS|cadena_completa|CadenaCompletaGao.compartido_par._proof_1_4|public|propext,Quot.sound
AUDIT_AXIOMS|cadena_completa|CadenaCompletaGao.compartido_par._proof_1_1|public|propext,Quot.sound
AUDIT_AXIOMS|cadena_completa|CadenaCompletaGao.compartido_impar._proof_1_1|public|propext,Quot.sound
AUDIT_AXIOMS|cadena_completa|CadenaCompletaGao.dominacion_cadena._proof_1_23|public|propext,Quot.sound
AUDIT_AXIOMS|cadena_completa|CadenaCompletaGao.Estado.ctorElim|public|
AUDIT_AXIOMS|cadena_completa|CadenaCompletaGao.Estado.fusion|public|
AUDIT_AXIOMS|cadena_completa|CadenaCompletaGao.Estado.vivo|public|
AUDIT_AXIOMS|cadena_completa|CadenaCompletaGao.ascenso|public|propext,Classical.choice,Quot.sound
AUDIT_AXIOMS|cadena_completa|CadenaCompletaGao.paso.match_1|public|
AUDIT_AXIOMS|cadena_completa|CadenaCompletaGao.Estado.vivo.inj|public|
AUDIT_AXIOMS|cadena_completa|CadenaCompletaGao.vuelco._proof_1_1|public|propext,Quot.sound
AUDIT_AXIOMS|cadena_completa|CadenaCompletaGao.coef_positivo|public|propext,Quot.sound
AUDIT_AXIOMS|cadena_completa|CadenaCompletaGao.vuelco._proof_1_2|public|propext,Quot.sound
AUDIT_AXIOMS|cadena_completa|CadenaCompletaGao.compartido_impar|public|propext,Classical.choice,Quot.sound
AUDIT_AXIOMS|cadena_completa|CadenaCompletaGao.Estado.vivo.noConfusion|public|
AUDIT_AXIOMS|cadena_completa|CadenaCompletaGao.vuelco._proof_1_3|public|propext,Quot.sound
AUDIT_AXIOMS|cadena_completa|CadenaCompletaGao.compartido_par|public|propext,Quot.sound
AUDIT_AXIOMS|cadena_completa|CadenaCompletaGao.instDecidableEqEstado.decEq._proof_4|public|
AUDIT_AXIOMS|cadena_completa|CadenaCompletaGao.instDecidableEqEstado.decEq._proof_1|public|
AUDIT_AXIOMS|cadena_completa|CadenaCompletaGao.ascenso._proof_1_5|public|propext,Quot.sound
AUDIT_AXIOMS|cadena_completa|CadenaCompletaGao.bitInt.eq_1|public|
AUDIT_AXIOMS|cadena_completa|CadenaCompletaGao.dominacion_cadena._proof_1_20|public|propext,Quot.sound
AUDIT_AXIOMS|cadena_completa|CadenaCompletaGao.compartido_impar._proof_1_5|public|propext,Quot.sound
AUDIT_AXIOMS|cadena_completa|CadenaCompletaGao.Estado.noConfusionType|public|
AUDIT_AXIOMS|cadena_completa|CadenaCompletaGao.compartido_impar._proof_1_2|public|propext,Quot.sound
AUDIT_AXIOMS|cadena_completa|CadenaCompletaGao.compartido_par._proof_1_2|public|propext,Quot.sound
AUDIT_AXIOMS|cadena_completa|CadenaCompletaGao.compartido_impar._proof_1_3|public|propext,Quot.sound
AUDIT_AXIOMS|cadena_completa|_private.cadena_completa.0.CadenaCompletaGao.paso.match_1.eq_2|private|
AUDIT_AXIOMS|cadena_completa|CadenaCompletaGao.compartido_par._proof_1_3|public|propext,Quot.sound
AUDIT_AXIOMS|cadena_completa|CadenaCompletaGao.Estado.rec|public|
AUDIT_AXIOMS|cadena_completa|CadenaCompletaGao.coef._f|public|
AUDIT_AXIOMS|cadena_completa|CadenaCompletaGao.descenso._proof_1_6|public|propext,Classical.choice,Quot.sound
AUDIT_AXIOMS|cadena_completa|CadenaCompletaGao.ascenso._proof_1_6|public|propext,Classical.choice,Quot.sound
AUDIT_AXIOMS|cadena_completa|CadenaCompletaGao.Estado.ctorElimType|public|
AUDIT_AXIOMS|cadena_completa|_private.cadena_completa.0.CadenaCompletaGao.paso.match_1.eq_1|private|
AUDIT_AXIOMS|cadena_completa|CadenaCompletaGao.coef.match_1|public|
AUDIT_AXIOMS|cadena_completa|CadenaCompletaGao.compartido_par._proof_1_6|public|propext,Quot.sound
AUDIT_AXIOMS|cadena_completa|CadenaCompletaGao.compartido_impar._proof_1_6|public|propext,Classical.choice,Quot.sound
AUDIT_AXIOMS|cadena_completa|CadenaCompletaGao.paso.eq_3|public|
AUDIT_AXIOMS|cadena_completa|CadenaCompletaGao.ascenso._proof_1_1|public|propext,Quot.sound
AUDIT_AXIOMS|cadena_completa|CadenaCompletaGao.coef_es_potencia|public|propext
AUDIT_AXIOMS|cadena_completa|CadenaCompletaGao.datos.eq_2|public|
AUDIT_AXIOMS|cadena_completa|CadenaCompletaGao.vuelco|public|propext,Quot.sound
AUDIT_AXIOMS|cadena_completa|CadenaCompletaGao.Estado.casesOn|public|
AUDIT_AXIOMS|cadena_completa|CadenaCompletaGao.mag_no_negativa._proof_1_2|public|propext,Quot.sound
AUDIT_AXIOMS|cadena_completa|CadenaCompletaGao.descenso._proof_1_5|public|propext,Quot.sound
AUDIT_AXIOMS|cadena_completa|CadenaCompletaGao.vuelco._proof_1_4|public|propext,Quot.sound
AUDIT_AXIOMS|cadena_completa|CadenaCompletaGao.coef|public|
AUDIT_AXIOMS|cadena_completa|CadenaCompletaGao.instDecidableEqEstado|public|
AUDIT_AXIOMS|cadena_completa|CadenaCompletaGao.Estado.ctorIdx|public|
AUDIT_AXIOMS|cadena_completa|CadenaCompletaGao.Estado._sizeOf_inst|public|
AUDIT_AXIOMS|cadena_completa|CadenaCompletaGao.instDecidableEqEstado.decEq._proof_5|public|
AUDIT_AXIOMS|cadena_completa|CadenaCompletaGao.Dominado|public|
AUDIT_AXIOMS|cadena_completa|CadenaCompletaGao.datos|public|
AUDIT_AXIOMS|cadena_completa|CadenaCompletaGao.Estado._sizeOf_1|public|
AUDIT_AXIOMS|cadena_completa|CadenaCompletaGao.mag.eq_1|public|
AUDIT_AXIOMS|cadena_completa|CadenaCompletaGao.dominacion_cadena._proof_1_25|public|propext,Quot.sound
AUDIT_AXIOMS|cadena_completa|CadenaCompletaGao.dominacion_cadena|public|propext,Classical.choice,Quot.sound
AUDIT_AXIOMS|cadena_completa|CadenaCompletaGao.paso.eq_4|public|
AUDIT_AXIOMS|cadena_completa|CadenaCompletaGao.Estado|public|
AUDIT_AXIOMS|cadena_completa|_private.cadena_completa.0.CadenaCompletaGao.datos.match_1.splitter|private|
AUDIT_AXIOMS|cadena_completa|CadenaCompletaGao.descenso._proof_1_1|public|propext,Quot.sound
AUDIT_AXIOMS|cadena_completa|_private.cadena_completa.0.CadenaCompletaGao.coef.match_1.eq_1|private|
AUDIT_AXIOMS|cadena_completa|CadenaCompletaGao.dominacion_cadena._proof_1_24|public|propext,Quot.sound
AUDIT_AXIOMS|cadena_completa|CadenaCompletaGao.coef.eq_1|public|
AUDIT_AXIOMS|cadena_completa|_private.cadena_completa.0.CadenaCompletaGao.datos.match_1.eq_2|private|
AUDIT_AXIOMS|cadena_completa|CadenaCompletaGao.dominacion_cadena._proof_1_22|public|propext,Quot.sound
AUDIT_AXIOMS|cadena_completa|CadenaCompletaGao.mag_no_negativa|public|propext,Quot.sound
AUDIT_AXIOMS|cadena_completa|_private.cadena_completa.0.CadenaCompletaGao.coef.match_1.splitter|private|
AUDIT_AXIOMS|cadena_completa|CadenaCompletaGao.ascenso._proof_1_4|public|propext,Quot.sound
AUDIT_AXIOMS|cadena_completa|CadenaCompletaGao.Estado.noConfusion|public|
AUDIT_AXIOMS|cadena_completa|CadenaCompletaGao.coef.eq_2|public|
AUDIT_AXIOMS|cadena_completa|CadenaCompletaGao.descenso._proof_1_2|public|propext,Quot.sound
AUDIT_AXIOMS|cadena_completa|CadenaCompletaGao.descenso._proof_1_3|public|propext,Quot.sound
AUDIT_AXIOMS|cadena_completa|_private.cadena_completa.0.CadenaCompletaGao.coef.match_1.eq_2|private|
AUDIT_AXIOMS|cadena_completa|_private.cadena_completa.0.CadenaCompletaGao.datos.match_1.eq_1|private|
AUDIT_AXIOMS|Momentos|_private.Momentos.0.MomentosGao.alcanza.match_1.eq_1|private|
AUDIT_AXIOMS|Momentos|MomentosGao.alcanza.eq_def|public|propext,Classical.choice,Quot.sound
AUDIT_AXIOMS|Momentos|_private.Momentos.0.MomentosGao.promedio.match_1.eq_2|private|
AUDIT_AXIOMS|Momentos|MomentosGao.promedio_mono|public|propext,Classical.choice,Quot.sound
AUDIT_AXIOMS|Momentos|MomentosGao.tamano|public|propext,Classical.choice,Quot.sound
AUDIT_AXIOMS|Momentos|MomentosGao.dominacion_real._simp_1_1|public|propext
AUDIT_AXIOMS|Momentos|MomentosGao.paso_marcado.eq_1|public|propext,Classical.choice,Quot.sound
AUDIT_AXIOMS|Momentos|_private.Momentos.0.MomentosGao.promedio.match_1.eq_1|private|
AUDIT_AXIOMS|Momentos|MomentosGao.acumulado_sucesor|public|propext,Classical.choice,Quot.sound
AUDIT_AXIOMS|Momentos|MomentosGao.alcanza_conteo|public|propext,Classical.choice,Quot.sound
AUDIT_AXIOMS|Momentos|MomentosGao.tamano_no_negativo|public|propext,Classical.choice,Quot.sound
AUDIT_AXIOMS|Momentos|MomentosGao.hojas.eq_2|public|
AUDIT_AXIOMS|Momentos|MomentosGao.dominacion_real._simp_1_3|public|propext
AUDIT_AXIOMS|Momentos|MomentosGao.acumulado_no_negativo|public|propext,Classical.choice,Quot.sound
AUDIT_AXIOMS|Momentos|MomentosGao.promedio_no_negativo|public|propext,Classical.choice,Quot.sound
AUDIT_AXIOMS|Momentos|MomentosGao.envolvente_cf._proof_1_1|public|propext,Quot.sound
AUDIT_AXIOMS|Momentos|MomentosGao.envolvente_cf|public|propext,Classical.choice,Quot.sound
AUDIT_AXIOMS|Momentos|MomentosGao.indicador|public|propext,Classical.choice,Quot.sound
AUDIT_AXIOMS|Momentos|MomentosGao.peso_marcado|public|propext,Classical.choice,Quot.sound
AUDIT_AXIOMS|Momentos|MomentosGao.dominacion_real|public|propext,Classical.choice,Quot.sound
AUDIT_AXIOMS|Momentos|MomentosGao.acumulado|public|propext,Classical.choice,Quot.sound
AUDIT_AXIOMS|Momentos|MomentosGao.hojas|public|
AUDIT_AXIOMS|Momentos|MomentosGao.momento_arbol|public|propext,Classical.choice,Quot.sound
AUDIT_AXIOMS|Momentos|MomentosGao.denominador_positivo._proof_1_1|public|propext,Quot.sound
AUDIT_AXIOMS|Momentos|MomentosGao.paso_marcado|public|propext,Classical.choice,Quot.sound
AUDIT_AXIOMS|Momentos|MomentosGao.promedio._f|public|propext,Classical.choice,Quot.sound
AUDIT_AXIOMS|Momentos|MomentosGao.alcanza._sunfold|public|propext,Classical.choice,Quot.sound
AUDIT_AXIOMS|Momentos|MomentosGao.hojas.eq_def|public|
AUDIT_AXIOMS|Momentos|MomentosGao.promedio.eq_1|public|propext,Classical.choice,Quot.sound
AUDIT_AXIOMS|Momentos|MomentosGao.hojas._unsafe_rec|public|
AUDIT_AXIOMS|Momentos|MomentosGao.promedio._proof_1|public|propext
AUDIT_AXIOMS|Momentos|MomentosGao.peso_marcado.eq_1|public|propext,Classical.choice,Quot.sound
AUDIT_AXIOMS|Momentos|MomentosGao.indicador.eq_1|public|propext,Classical.choice,Quot.sound
AUDIT_AXIOMS|Momentos|MomentosGao.promedio|public|propext,Classical.choice,Quot.sound
AUDIT_AXIOMS|Momentos|MomentosGao.promedio.eq_2|public|propext,Classical.choice,Quot.sound
AUDIT_AXIOMS|Momentos|MomentosGao.indicador_no_negativo|public|propext,Classical.choice,Quot.sound
AUDIT_AXIOMS|Momentos|MomentosGao.promedio_escalar|public|propext,Classical.choice,Quot.sound
AUDIT_AXIOMS|Momentos|MomentosGao.tamano.eq_1|public|propext,Classical.choice,Quot.sound
AUDIT_AXIOMS|Momentos|MomentosGao.momento_raiz|public|propext,Classical.choice,Quot.sound
AUDIT_AXIOMS|Momentos|MomentosGao.numero_hojas._proof_1_4|public|propext,Quot.sound
AUDIT_AXIOMS|Momentos|MomentosGao.suma_marcados|public|propext,Classical.choice,Quot.sound
AUDIT_AXIOMS|Momentos|MomentosGao.union_finita|public|propext,Classical.choice,Quot.sound
AUDIT_AXIOMS|Momentos|MomentosGao.dominacion_real._simp_1_5|public|propext
AUDIT_AXIOMS|Momentos|MomentosGao.alcanza.eq_2|public|propext,Classical.choice,Quot.sound
AUDIT_AXIOMS|Momentos|_private.Momentos.0.MomentosGao.alcanza.match_1.eq_2|private|
AUDIT_AXIOMS|Momentos|MomentosGao.denominador_positivo|public|propext,Classical.choice,Quot.sound
AUDIT_AXIOMS|Momentos|MomentosGao.alcanza.eq_1|public|propext,Classical.choice,Quot.sound
AUDIT_AXIOMS|Momentos|MomentosGao.promedio._sunfold|public|propext,Classical.choice,Quot.sound
AUDIT_AXIOMS|Momentos|MomentosGao.alcanza._f|public|propext,Classical.choice,Quot.sound
AUDIT_AXIOMS|Momentos|MomentosGao.markov_puntual|public|propext,Classical.choice,Quot.sound
AUDIT_AXIOMS|Momentos|MomentosGao.cola_maximo|public|propext,Classical.choice,Quot.sound
AUDIT_AXIOMS|Momentos|MomentosGao.promedio._unsafe_rec|public|propext,Classical.choice,Quot.sound
AUDIT_AXIOMS|Momentos|MomentosGao.raiz_rama|public|propext,Classical.choice,Quot.sound
AUDIT_AXIOMS|Momentos|MomentosGao.alcanza_promedio|public|propext,Classical.choice,Quot.sound
AUDIT_AXIOMS|Momentos|MomentosGao.alcanza|public|propext,Classical.choice,Quot.sound
AUDIT_AXIOMS|Momentos|MomentosGao.dominacion_real._simp_1_4|public|propext
AUDIT_AXIOMS|Momentos|MomentosGao.dominacion_real._simp_1_7|public|propext
AUDIT_AXIOMS|Momentos|MomentosGao.dominacion_real._simp_1_2|public|propext
AUDIT_AXIOMS|Momentos|MomentosGao.dominacion_real._simp_1_6|public|propext,Classical.choice,Quot.sound
AUDIT_AXIOMS|Momentos|MomentosGao.hojas.eq_1|public|
AUDIT_AXIOMS|Momentos|MomentosGao.promedio.eq_def|public|propext,Classical.choice,Quot.sound
AUDIT_AXIOMS|Momentos|_private.Momentos.0.MomentosGao.promedio.match_1.splitter|private|
AUDIT_AXIOMS|Momentos|MomentosGao.hojas._f|public|
AUDIT_AXIOMS|Momentos|MomentosGao.promedio_hojas|public|propext,Classical.choice,Quot.sound
AUDIT_AXIOMS|Momentos|MomentosGao.acumulado.eq_1|public|propext,Classical.choice,Quot.sound
AUDIT_AXIOMS|Momentos|MomentosGao.marcado_persiste|public|propext,Classical.choice,Quot.sound
AUDIT_AXIOMS|Momentos|MomentosGao.momento_cadena|public|propext,Classical.choice,Quot.sound
AUDIT_AXIOMS|Momentos|MomentosGao.promedio.match_1|public|
AUDIT_AXIOMS|Momentos|MomentosGao.promedio_constante|public|propext,Classical.choice,Quot.sound
AUDIT_AXIOMS|Momentos|MomentosGao.numero_hojas|public|propext,Quot.sound
AUDIT_AXIOMS|Momentos|MomentosGao.deriva_raiz|public|propext,Classical.choice,Quot.sound
AUDIT_AXIOMS|Momentos|_private.Momentos.0.MomentosGao.alcanza.match_1.splitter|private|
AUDIT_AXIOMS|Momentos|MomentosGao.alcanza.match_1|public|
AUDIT_AXIOMS|Momentos|MomentosGao.markov_puntual._simp_1_1|public|propext,Classical.choice,Quot.sound
AUDIT_AXIOMS|Momentos|MomentosGao.hojas._sunfold|public|
AUDIT_AXIOMS|Momentos|MomentosGao.cola_nivel|public|propext,Classical.choice,Quot.sound
AUDIT_AXIOMS|Maximos|MaximosGao.cruce.match_1|public|
AUDIT_AXIOMS|Maximos|_private.Maximos.0.MaximosGao.cruce.match_1.splitter|private|
AUDIT_AXIOMS|Maximos|MaximosGao.cruce_conteo|public|propext,Classical.choice,Quot.sound
AUDIT_AXIOMS|Maximos|MaximosGao.cruce_dominado|public|propext,Classical.choice,Quot.sound
AUDIT_AXIOMS|Maximos|MaximosGao.cruce.eq_1|public|propext,Classical.choice,Quot.sound
AUDIT_AXIOMS|Maximos|MaximosGao.cruce._proof_1|public|propext
AUDIT_AXIOMS|Maximos|MaximosGao.indicador.eq_1|public|propext,Classical.choice,Quot.sound
AUDIT_AXIOMS|Maximos|MaximosGao.peso_marcado.eq_1|public|propext,Classical.choice,Quot.sound
AUDIT_AXIOMS|Maximos|_private.Maximos.0.MaximosGao.cruce.match_1.eq_2|private|
AUDIT_AXIOMS|Maximos|MaximosGao.paso_marcado|public|propext,Classical.choice,Quot.sound
AUDIT_AXIOMS|Maximos|MaximosGao.marcado_persiste|public|propext,Classical.choice,Quot.sound
AUDIT_AXIOMS|Maximos|MaximosGao.cola_nivel|public|propext,Classical.choice,Quot.sound
AUDIT_AXIOMS|Maximos|MaximosGao.cruce._sunfold|public|propext,Classical.choice,Quot.sound
AUDIT_AXIOMS|Maximos|MaximosGao.cruce._f|public|propext,Classical.choice,Quot.sound
AUDIT_AXIOMS|Maximos|MaximosGao.union_finita|public|propext,Classical.choice,Quot.sound
AUDIT_AXIOMS|Maximos|MaximosGao.suma_marcados|public|propext,Classical.choice,Quot.sound
AUDIT_AXIOMS|Maximos|MaximosGao.cruce.eq_2|public|propext,Classical.choice,Quot.sound
AUDIT_AXIOMS|Maximos|MaximosGao.cola_nivel._simp_1_1|public|propext,Classical.choice,Quot.sound
AUDIT_AXIOMS|Maximos|MaximosGao.cola_maximo|public|propext,Classical.choice,Quot.sound
AUDIT_AXIOMS|Maximos|MaximosGao.paso_marcado.eq_1|public|propext,Classical.choice,Quot.sound
AUDIT_AXIOMS|Maximos|MaximosGao.indicador|public|propext,Classical.choice,Quot.sound
AUDIT_AXIOMS|Maximos|MaximosGao.peso_marcado|public|propext,Classical.choice,Quot.sound
AUDIT_AXIOMS|Maximos|_private.Maximos.0.MaximosGao.cruce.match_1.eq_1|private|
AUDIT_AXIOMS|Maximos|MaximosGao.cruce._unsafe_rec|public|propext,Classical.choice,Quot.sound
AUDIT_AXIOMS|Maximos|MaximosGao.indicador_no_negativo|public|propext,Classical.choice,Quot.sound
AUDIT_AXIOMS|Maximos|MaximosGao.cruce_promedio|public|propext,Classical.choice,Quot.sound
AUDIT_AXIOMS|Maximos|MaximosGao.cruce.eq_def|public|propext,Classical.choice,Quot.sound
AUDIT_AXIOMS|Maximos|MaximosGao.cruce|public|propext,Classical.choice,Quot.sound
AUDIT_AXIOMS|Resto|_private.Resto.0.RestoGao.interior.match_1.eq_1|private|propext
AUDIT_AXIOMS|Resto|RestoGao.EstadoW.rec|public|propext,Classical.choice,Quot.sound
AUDIT_AXIOMS|Resto|RestoGao.identidad_prefijo|public|propext,Classical.choice,Quot.sound
AUDIT_AXIOMS|Resto|RestoGao.recorre._f|public|
AUDIT_AXIOMS|Resto|RestoGao.EstadoW.salio|public|propext,Classical.choice,Quot.sound
AUDIT_AXIOMS|Resto|RestoGao.EstadoW.noConfusionType|public|propext,Classical.choice,Quot.sound
AUDIT_AXIOMS|Resto|RestoGao.prefijo_interior.match_1|public|
AUDIT_AXIOMS|Resto|RestoGao.error_interior_entero|public|propext,Classical.choice,Quot.sound
AUDIT_AXIOMS|Resto|_private.Resto.0.RestoGao.recorre.match_1.splitter|private|
AUDIT_AXIOMS|Resto|RestoGao.identidad_paso|public|propext,Classical.choice,Quot.sound
AUDIT_AXIOMS|Resto|RestoGao.coordenada|public|propext,Classical.choice,Quot.sound
AUDIT_AXIOMS|Resto|RestoGao.interior._sparseCasesOn_1.else_eq|public|propext
AUDIT_AXIOMS|Resto|RestoGao.EstadoW.producto|public|propext,Classical.choice,Quot.sound
AUDIT_AXIOMS|Resto|RestoGao.prefijo_interior|public|propext
AUDIT_AXIOMS|Resto|RestoGao.interior._sparseCasesOn_2|public|propext
AUDIT_AXIOMS|Resto|RestoGao.interior.match_1|public|propext
AUDIT_AXIOMS|Resto|RestoGao.error_interior_real._simp_1_3|public|propext
AUDIT_AXIOMS|Resto|RestoGao.error_compartido_impar._proof_1_1|public|propext,Quot.sound
AUDIT_AXIOMS|Resto|RestoGao.coste_resto_ventana|public|propext,Classical.choice,Quot.sound
AUDIT_AXIOMS|Resto|RestoGao.dominacion_resto|public|propext,Classical.choice,Quot.sound
AUDIT_AXIOMS|Resto|RestoGao.error_interior_real._simp_1_5|public|propext
AUDIT_AXIOMS|Resto|RestoGao.EstadoW.mk.sizeOf_spec|public|propext,Classical.choice,Quot.sound
AUDIT_AXIOMS|Resto|RestoGao.prefijo_interior._unsafe_rec|public|propext
AUDIT_AXIOMS|Resto|RestoGao.interior._sparseCasesOn_1|public|propext
AUDIT_AXIOMS|Resto|RestoGao.hijo_interior_o_salida|public|propext,Classical.choice,Quot.sound
AUDIT_AXIOMS|Resto|RestoGao.EstadoW.mk._flat_ctor|public|propext,Classical.choice,Quot.sound
AUDIT_AXIOMS|Resto|RestoGao.error_ascenso._proof_1_1|public|propext,Quot.sound
AUDIT_AXIOMS|Resto|RestoGao.factor_no_negativo|public|propext,Classical.choice,Quot.sound
AUDIT_AXIOMS|Resto|RestoGao.EstadoW.noConfusion|public|propext,Classical.choice,Quot.sound
AUDIT_AXIOMS|Resto|RestoGao.error_ascenso|public|propext,Classical.choice,Quot.sound
AUDIT_AXIOMS|Resto|RestoGao.prefijo_interior._sunfold|public|propext
AUDIT_AXIOMS|Resto|RestoGao.interior|public|propext
AUDIT_AXIOMS|Resto|RestoGao.EstadoW.mk.inj|public|propext,Classical.choice,Quot.sound
AUDIT_AXIOMS|Resto|RestoGao.paso_w|public|propext,Classical.choice,Quot.sound
AUDIT_AXIOMS|Resto|RestoGao.incremento|public|propext,Classical.choice,Quot.sound
AUDIT_AXIOMS|Resto|RestoGao.ErrorEntero|public|
AUDIT_AXIOMS|Resto|RestoGao.error_compartido_par|public|propext,Classical.choice,Quot.sound
AUDIT_AXIOMS|Resto|RestoGao.error_paso.eq_1|public|propext,Classical.choice,Quot.sound
AUDIT_AXIOMS|Resto|RestoGao.error_interior_entero._proof_1_2|public|propext,Quot.sound
AUDIT_AXIOMS|Resto|RestoGao.error_interior_entero._proof_1_3|public|propext,Quot.sound
AUDIT_AXIOMS|Resto|RestoGao.interior._sparseCasesOn_2.else_eq|public|propext
AUDIT_AXIOMS|Resto|RestoGao.EstadoW._sizeOf_1|public|propext,Classical.choice,Quot.sound
AUDIT_AXIOMS|Resto|RestoGao.paso_w.eq_1|public|propext,Classical.choice,Quot.sound
AUDIT_AXIOMS|Resto|RestoGao.EstadoW.mk.injEq|public|propext,Classical.choice,Quot.sound
AUDIT_AXIOMS|Resto|RestoGao.interior.eq_1|public|propext
AUDIT_AXIOMS|Resto|RestoGao.incremento.eq_1|public|propext,Classical.choice,Quot.sound
AUDIT_AXIOMS|Resto|RestoGao.resto_continuacion|public|propext,Classical.choice,Quot.sound
AUDIT_AXIOMS|Resto|RestoGao.interior.eq_2|public|propext
AUDIT_AXIOMS|Resto|RestoGao.incremento_acotado|public|propext,Classical.choice,Quot.sound
AUDIT_AXIOMS|Resto|RestoGao.coordenada.eq_1|public|propext,Classical.choice,Quot.sound
AUDIT_AXIOMS|Resto|RestoGao.base_recorre|public|propext,Classical.choice,Quot.sound
AUDIT_AXIOMS|Resto|RestoGao.error_interior_real|public|propext,Classical.choice,Quot.sound
AUDIT_AXIOMS|Resto|RestoGao.prefijo_interior._f|public|propext
AUDIT_AXIOMS|Resto|RestoGao.EstadoW.recOn|public|propext,Classical.choice,Quot.sound
AUDIT_AXIOMS|Resto|RestoGao.EstadoW|public|propext,Classical.choice,Quot.sound
AUDIT_AXIOMS|Resto|RestoGao.error_interior_entero._proof_1_1|public|propext,Quot.sound
AUDIT_AXIOMS|Resto|RestoGao.recorre.match_1|public|
AUDIT_AXIOMS|Resto|RestoGao.recorre|public|
AUDIT_AXIOMS|Resto|RestoGao.factor|public|propext,Classical.choice,Quot.sound
AUDIT_AXIOMS|Resto|_private.Resto.0.RestoGao.interior.match_1.eq_2|private|propext
AUDIT_AXIOMS|Resto|RestoGao.inicial.eq_1|public|propext,Classical.choice,Quot.sound
AUDIT_AXIOMS|Resto|RestoGao.error_interior_entero._proof_1_4|public|propext,Quot.sound
AUDIT_AXIOMS|Resto|RestoGao.error_interior_real._simp_1_6|public|propext
AUDIT_AXIOMS|Resto|RestoGao.error_interior_real._simp_1_2|public|propext
AUDIT_AXIOMS|Resto|RestoGao.error_interior_real._simp_1_7|public|propext,Classical.choice,Quot.sound
AUDIT_AXIOMS|Resto|RestoGao.error_interior_real._simp_1_4|public|propext
AUDIT_AXIOMS|Resto|RestoGao.EstadoW.mk.noConfusion|public|propext,Classical.choice,Quot.sound
AUDIT_AXIOMS|Resto|RestoGao.salida_persiste|public|propext,Classical.choice,Quot.sound
AUDIT_AXIOMS|Resto|RestoGao.error_paso|public|propext,Classical.choice,Quot.sound
AUDIT_AXIOMS|Resto|RestoGao.error_ascenso._proof_1_2|public|propext,Quot.sound
AUDIT_AXIOMS|Resto|RestoGao.recorre.eq_def|public|
AUDIT_AXIOMS|Resto|RestoGao.recorre._unsafe_rec|public|
AUDIT_AXIOMS|Resto|RestoGao.maximo_resto|public|propext,Classical.choice,Quot.sound
AUDIT_AXIOMS|Resto|RestoGao.factor._proof_2|public|propext
AUDIT_AXIOMS|Resto|RestoGao.recorre._sunfold|public|
AUDIT_AXIOMS|Resto|RestoGao.identidad_excursion|public|propext,Classical.choice,Quot.sound
AUDIT_AXIOMS|Resto|RestoGao.momento_resto|public|propext,Classical.choice,Quot.sound
AUDIT_AXIOMS|Resto|RestoGao.error_compartido_impar._proof_1_2|public|propext,Quot.sound
AUDIT_AXIOMS|Resto|RestoGao.error_descenso|public|propext,Classical.choice,Quot.sound
AUDIT_AXIOMS|Resto|_private.Resto.0.RestoGao.recorre.match_1.eq_2|private|
AUDIT_AXIOMS|Resto|RestoGao.EstadoW.ctorIdx|public|propext,Classical.choice,Quot.sound
AUDIT_AXIOMS|Resto|RestoGao.EstadoW._sizeOf_inst|public|propext,Classical.choice,Quot.sound
AUDIT_AXIOMS|Resto|RestoGao.EstadoW.base|public|propext,Classical.choice,Quot.sound
AUDIT_AXIOMS|Resto|RestoGao.error_interior_real._simp_1_8|public|propext
AUDIT_AXIOMS|Resto|_private.Resto.0.RestoGao.recorre.match_1.eq_1|private|
AUDIT_AXIOMS|Resto|RestoGao.salida_controlada|public|propext,Classical.choice,Quot.sound
AUDIT_AXIOMS|Resto|RestoGao.inicial|public|propext,Classical.choice,Quot.sound
AUDIT_AXIOMS|Resto|_private.Resto.0.RestoGao.interior.match_1.splitter|private|propext
AUDIT_AXIOMS|Resto|RestoGao.error_compartido_impar|public|propext,Classical.choice,Quot.sound
AUDIT_AXIOMS|Resto|RestoGao.EstadoW.resto|public|propext,Classical.choice,Quot.sound
AUDIT_AXIOMS|Resto|RestoGao.EstadoW.casesOn|public|propext,Classical.choice,Quot.sound
AUDIT_AXIOMS|Resto|RestoGao.producto_recorre|public|propext,Classical.choice,Quot.sound
AUDIT_AXIOMS|Resto|RestoGao.EstadoW.mk|public|propext,Classical.choice,Quot.sound
AUDIT_AXIOMS|Resto|RestoGao.recorre.eq_2|public|
AUDIT_AXIOMS|Resto|RestoGao.factor._proof_1|public|propext
AUDIT_AXIOMS|Resto|RestoGao.factor.eq_1|public|propext,Classical.choice,Quot.sound
AUDIT_AXIOMS|Resto|RestoGao.recorre.eq_1|public|
AUDIT_AXIOMS|Supervivencia|_private.Supervivencia.0.SupervivenciaGao.altura.match_1.eq_2|private|
AUDIT_AXIOMS|Supervivencia|SupervivenciaGao.altura.eq_1|public|propext,Classical.choice,Quot.sound
AUDIT_AXIOMS|Supervivencia|SupervivenciaGao.altura.match_1|public|
AUDIT_AXIOMS|Supervivencia|SupervivenciaGao.altura_paso|public|propext,Classical.choice,Quot.sound
AUDIT_AXIOMS|Supervivencia|SupervivenciaGao.vivo.eq_1|public|propext,Classical.choice,Quot.sound
AUDIT_AXIOMS|Supervivencia|_private.Supervivencia.0.SupervivenciaGao.altura.match_1.splitter|private|
AUDIT_AXIOMS|Supervivencia|SupervivenciaGao.altura_no_negativa|public|propext,Classical.choice,Quot.sound
AUDIT_AXIOMS|Supervivencia|SupervivenciaGao.altura_acotada_por_vivos|public|propext,Classical.choice,Quot.sound
AUDIT_AXIOMS|Supervivencia|SupervivenciaGao.suma_vivos|public|propext,Classical.choice,Quot.sound
AUDIT_AXIOMS|Supervivencia|SupervivenciaGao.supervivencia_conteo|public|propext,Classical.choice,Quot.sound
AUDIT_AXIOMS|Supervivencia|SupervivenciaGao.altura_armonica|public|propext,Classical.choice,Quot.sound
AUDIT_AXIOMS|Supervivencia|SupervivenciaGao.altura|public|propext,Classical.choice,Quot.sound
AUDIT_AXIOMS|Supervivencia|_private.Supervivencia.0.SupervivenciaGao.altura.match_1.eq_1|private|
AUDIT_AXIOMS|Supervivencia|SupervivenciaGao.altura.eq_2|public|propext,Classical.choice,Quot.sound
AUDIT_AXIOMS|Supervivencia|SupervivenciaGao.paso_excursion.eq_1|public|propext
AUDIT_AXIOMS|Supervivencia|SupervivenciaGao.paso_excursion|public|propext
AUDIT_AXIOMS|Supervivencia|SupervivenciaGao.supervivencia|public|propext,Classical.choice,Quot.sound
AUDIT_AXIOMS|Supervivencia|SupervivenciaGao.vivo|public|propext,Classical.choice,Quot.sound
AUDIT_AXIOMS|Supervivencia|SupervivenciaGao.altura_media|public|propext,Classical.choice,Quot.sound
AUDIT_AXIOMS|Supervivencia|SupervivenciaGao.supervivencia_armonica|public|propext,Classical.choice,Quot.sound
AUDIT_AXIOMS|Supervivencia|SupervivenciaGao.vivo_no_negativo|public|propext,Classical.choice,Quot.sound
AUDIT_AXIOMS|Supervivencia|SupervivenciaGao.altura_por_vivo|public|propext,Classical.choice,Quot.sound
AUDIT_AXIOMS|Banda|BandaGao.cuenta_acotada|public|propext,Classical.choice,Quot.sound
AUDIT_AXIOMS|Banda|BandaGao.energia_no_negativa|public|propext,Classical.choice,Quot.sound
AUDIT_AXIOMS|Banda|BandaGao.cuenta_mixtos.match_1|public|
AUDIT_AXIOMS|Banda|BandaGao.coste_banda|public|propext,Classical.choice,Quot.sound
AUDIT_AXIOMS|Banda|BandaGao.cuenta_mixtos._f|public|propext,Classical.choice,Quot.sound
AUDIT_AXIOMS|Banda|BandaGao.paso_contador|public|propext,Classical.choice,Quot.sound
AUDIT_AXIOMS|Banda|BandaGao.cuenta_mixtos.eq_1|public|propext,Classical.choice,Quot.sound
AUDIT_AXIOMS|Banda|BandaGao.malo_banda|public|propext,Classical.choice,Quot.sound
AUDIT_AXIOMS|Banda|BandaGao.cola_mixtos_cuadrada|public|propext,Classical.choice,Quot.sound
AUDIT_AXIOMS|Banda|BandaGao.mixto_banda.eq_1|public|propext,Classical.choice,Quot.sound
AUDIT_AXIOMS|Banda|BandaGao.mixto_banda|public|propext,Classical.choice,Quot.sound
AUDIT_AXIOMS|Banda|BandaGao.cuenta_mixtos|public|propext,Classical.choice,Quot.sound
AUDIT_AXIOMS|Banda|BandaGao.cuenta_mixtos._proof_1|public|propext
AUDIT_AXIOMS|Banda|BandaGao.balance_energia|public|propext,Classical.choice,Quot.sound
AUDIT_AXIOMS|Banda|BandaGao.coste_cuenta._proof_1_2|public|propext,Quot.sound
AUDIT_AXIOMS|Banda|_private.Banda.0.BandaGao.mixto.match_1.eq_2|private|propext
AUDIT_AXIOMS|Banda|BandaGao.energia|public|propext,Classical.choice,Quot.sound
AUDIT_AXIOMS|Banda|BandaGao.cola_mixtos_cuadrada._proof_1_1|public|propext,Quot.sound
AUDIT_AXIOMS|Banda|BandaGao.mixto.eq_2|public|propext
AUDIT_AXIOMS|Banda|_private.Banda.0.BandaGao.cuenta_mixtos.match_1.eq_1|private|
AUDIT_AXIOMS|Banda|_private.Banda.0.BandaGao.mixto.match_1.eq_1|private|propext
AUDIT_AXIOMS|Banda|BandaGao.toca_techo|public|propext,Classical.choice,Quot.sound
AUDIT_AXIOMS|Banda|BandaGao.paso_original|public|propext
AUDIT_AXIOMS|Banda|BandaGao.energia.eq_1|public|propext,Classical.choice,Quot.sound
AUDIT_AXIOMS|Banda|BandaGao.coste_cuenta|public|propext,Classical.choice,Quot.sound
AUDIT_AXIOMS|Banda|BandaGao.cuenta_mixtos._unsafe_rec|public|propext,Classical.choice,Quot.sound
AUDIT_AXIOMS|Banda|BandaGao.cuenta_mixtos.eq_def|public|propext,Classical.choice,Quot.sound
AUDIT_AXIOMS|Banda|BandaGao.supera_cuenta|public|propext,Classical.choice,Quot.sound
AUDIT_AXIOMS|Banda|_private.Banda.0.BandaGao.mixto.match_1.splitter|private|propext
AUDIT_AXIOMS|Banda|BandaGao.altura_banda_armonica|public|propext,Classical.choice,Quot.sound
AUDIT_AXIOMS|Banda|BandaGao.media_contador|public|propext,Classical.choice,Quot.sound
AUDIT_AXIOMS|Banda|BandaGao.coste_techo|public|propext,Classical.choice,Quot.sound
AUDIT_AXIOMS|Banda|BandaGao.altura_banda_no_negativa|public|propext,Classical.choice,Quot.sound
AUDIT_AXIOMS|Banda|_private.Banda.0.BandaGao.cuenta_mixtos.match_1.splitter|private|
AUDIT_AXIOMS|Banda|BandaGao.energia_deriva|public|propext,Classical.choice,Quot.sound
AUDIT_AXIOMS|Banda|BandaGao.mixto._sparseCasesOn_1.else_eq|public|propext
AUDIT_AXIOMS|Banda|BandaGao.supera_cuenta.eq_1|public|propext,Classical.choice,Quot.sound
AUDIT_AXIOMS|Banda|BandaGao.mixto._sparseCasesOn_2|public|propext
AUDIT_AXIOMS|Banda|BandaGao.altura_entera|public|propext,Classical.choice,Quot.sound
AUDIT_AXIOMS|Banda|BandaGao.mixto.match_1|public|propext
AUDIT_AXIOMS|Banda|BandaGao.cuenta_mixtos.eq_2|public|propext,Classical.choice,Quot.sound
AUDIT_AXIOMS|Banda|BandaGao.toca_techo.eq_1|public|propext,Classical.choice,Quot.sound
AUDIT_AXIOMS|Banda|BandaGao.paso_original.eq_1|public|propext
AUDIT_AXIOMS|Banda|BandaGao.mixto._sparseCasesOn_1|public|propext
AUDIT_AXIOMS|Banda|BandaGao.malo_banda.eq_1|public|propext,Classical.choice,Quot.sound
AUDIT_AXIOMS|Banda|BandaGao.paso_contador.eq_1|public|propext,Classical.choice,Quot.sound
AUDIT_AXIOMS|Banda|BandaGao.mixto.eq_1|public|propext
AUDIT_AXIOMS|Banda|BandaGao.altura_banda.eq_1|public|propext,Classical.choice,Quot.sound
AUDIT_AXIOMS|Banda|BandaGao.altura_banda_media|public|propext,Classical.choice,Quot.sound
AUDIT_AXIOMS|Banda|BandaGao.altura_segundo_momento|public|propext,Classical.choice,Quot.sound
AUDIT_AXIOMS|Banda|BandaGao.relacion|public|propext,Classical.choice,Quot.sound
AUDIT_AXIOMS|Banda|_private.Banda.0.BandaGao.cuenta_mixtos.match_1.eq_2|private|
AUDIT_AXIOMS|Banda|BandaGao.paso_banda.eq_1|public|propext,Classical.choice,Quot.sound
AUDIT_AXIOMS|Banda|BandaGao.cuenta_mixtos._sunfold|public|propext,Classical.choice,Quot.sound
AUDIT_AXIOMS|Banda|BandaGao.promedio_suma|public|propext,Classical.choice,Quot.sound
AUDIT_AXIOMS|Banda|BandaGao.cola_mixtos_original|public|propext,Classical.choice,Quot.sound
AUDIT_AXIOMS|Banda|BandaGao.promedio_relacion|public|propext,Classical.choice,Quot.sound
AUDIT_AXIOMS|Banda|BandaGao.mixto._sparseCasesOn_2.else_eq|public|propext
AUDIT_AXIOMS|Banda|BandaGao.paso_banda|public|propext,Classical.choice,Quot.sound
AUDIT_AXIOMS|Banda|BandaGao.relacion_paso|public|propext,Classical.choice,Quot.sound
AUDIT_AXIOMS|Banda|BandaGao.altura_abierta|public|propext,Classical.choice,Quot.sound
AUDIT_AXIOMS|Banda|BandaGao.media_base|public|propext,Classical.choice,Quot.sound
AUDIT_AXIOMS|Banda|BandaGao.altura_banda|public|propext,Classical.choice,Quot.sound
AUDIT_AXIOMS|Banda|BandaGao.mixto|public|propext
AUDIT_AXIOMS|rachas|Mangostas.paridades_altas|public|propext,Classical.choice,Quot.sound
AUDIT_AXIOMS|rachas|Mangostas.paridades_bajas|public|propext,Classical.choice,Quot.sound
AUDIT_AXIOMS|rachas|Mangostas.conteo_alto._proof_1_5|public|propext,Quot.sound
AUDIT_AXIOMS|rachas|Mangostas.conteo_bajo._proof_1_5|public|propext,Quot.sound
AUDIT_AXIOMS|rachas|Mangostas.conteo_alto|public|propext,Quot.sound
AUDIT_AXIOMS|rachas|Mangostas.hijos_bajos|public|propext,Classical.choice,Quot.sound
AUDIT_AXIOMS|rachas|Mangostas.conteo_alto._proof_1_7|public|propext,Quot.sound
AUDIT_AXIOMS|rachas|Mangostas.conteo_alto._proof_1_6|public|propext,Quot.sound
AUDIT_AXIOMS|rachas|Mangostas.factor_par._proof_1_1|public|propext,Quot.sound
AUDIT_AXIOMS|rachas|Mangostas.factor_par|public|propext,Quot.sound
AUDIT_AXIOMS|rachas|Mangostas.vivos.eq_1|public|
AUDIT_AXIOMS|rachas|Mangostas.vivos._f|public|
AUDIT_AXIOMS|rachas|_private.rachas.0.Mangostas.vivos.match_1.eq_1|private|
AUDIT_AXIOMS|rachas|Mangostas.vivos.match_1|public|
AUDIT_AXIOMS|rachas|Mangostas.conteo_bajo|public|propext,Quot.sound
AUDIT_AXIOMS|rachas|Mangostas.conteo_bajo._proof_1_4|public|propext,Quot.sound
AUDIT_AXIOMS|rachas|Mangostas.conteo_alto._proof_1_10|public|propext,Quot.sound
AUDIT_AXIOMS|rachas|Mangostas.adversarial_salida_rapida|public|
AUDIT_AXIOMS|rachas|Mangostas.conteo_alto._proof_1_12|public|propext,Quot.sound
AUDIT_AXIOMS|rachas|_private.rachas.0.Mangostas.vivos.match_1.eq_2|private|
AUDIT_AXIOMS|rachas|Mangostas.hijos_altos._proof_1_2|public|propext,Classical.choice,Quot.sound
AUDIT_AXIOMS|rachas|Mangostas.hijos_altos._proof_1_3|public|propext,Classical.choice,Quot.sound
AUDIT_AXIOMS|rachas|Mangostas.conteo_bajo._proof_1_7|public|propext,Quot.sound
AUDIT_AXIOMS|rachas|Mangostas.hijos_altos._proof_1_1|public|propext,Classical.choice,Quot.sound
AUDIT_AXIOMS|rachas|Mangostas.vivos._sunfold|public|
AUDIT_AXIOMS|rachas|Mangostas.conteo_alto._proof_1_8|public|propext,Quot.sound
AUDIT_AXIOMS|rachas|Mangostas.adversarial_entrada|public|
AUDIT_AXIOMS|rachas|_private.rachas.0.Mangostas.vivos.match_1.splitter|private|
AUDIT_AXIOMS|rachas|Mangostas.factor_impar|public|propext,Quot.sound
AUDIT_AXIOMS|rachas|Mangostas.conteo_alto._proof_1_11|public|propext,Quot.sound
AUDIT_AXIOMS|rachas|Mangostas.vivos.eq_2|public|
AUDIT_AXIOMS|rachas|Mangostas.conteo_alto._proof_1_9|public|propext,Quot.sound
AUDIT_AXIOMS|rachas|Mangostas.factor_impar._proof_1_1|public|propext,Quot.sound
AUDIT_AXIOMS|rachas|Mangostas.vivos|public|
AUDIT_AXIOMS|rachas|Mangostas.conteo_alto._proof_1_4|public|propext,Quot.sound
AUDIT_AXIOMS|rachas|Mangostas.vivos.eq_def|public|
AUDIT_AXIOMS|rachas|Mangostas.paridades_altas._proof_1_1|public|propext,Classical.choice,Quot.sound
AUDIT_AXIOMS|rachas|Mangostas.paridades_bajas._proof_1_1|public|propext,Classical.choice,Quot.sound
AUDIT_AXIOMS|rachas|Mangostas.adversarial_cuenta|public|
AUDIT_AXIOMS|rachas|Mangostas.hijos_bajos._proof_1_1|public|propext,Classical.choice,Quot.sound
AUDIT_AXIOMS|rachas|Mangostas.vivos._unsafe_rec|public|
AUDIT_AXIOMS|rachas|Mangostas.hijos_bajos._proof_1_2|public|propext,Classical.choice,Quot.sound
AUDIT_AXIOMS|rachas|Mangostas.hijos_bajos._proof_1_3|public|propext,Classical.choice,Quot.sound
AUDIT_AXIOMS|rachas|Mangostas.hijos_altos|public|propext,Classical.choice,Quot.sound
AUDIT_AXIOMS|rachas|Mangostas.conteo_bajo._proof_1_6|public|propext,Quot.sound
AUDIT_AXIOMS|RachasEnteras|RachasEnterasGao.cuenta.eq_2|public|
AUDIT_AXIOMS|RachasEnteras|RachasEnterasGao.cuenta_baja._proof_1_4|public|propext,Quot.sound
AUDIT_AXIOMS|RachasEnteras|_private.RachasEnteras.0.RachasEnterasGao.racha_cadena.match_1.eq_1|private|propext
AUDIT_AXIOMS|RachasEnteras|RachasEnterasGao.probabilidad_sucesor|public|propext,Classical.choice,Quot.sound
AUDIT_AXIOMS|RachasEnteras|RachasEnterasGao.cuenta.eq_1|public|
AUDIT_AXIOMS|RachasEnteras|_private.RachasEnteras.0.RachasEnterasGao.racha_cadena.match_1.eq_2|private|propext
AUDIT_AXIOMS|RachasEnteras|RachasEnterasGao.cuenta._f|public|
AUDIT_AXIOMS|RachasEnteras|RachasEnterasGao.probabilidad.eq_1|public|propext,Classical.choice,Quot.sound
AUDIT_AXIOMS|RachasEnteras|RachasEnterasGao.probabilidad|public|propext,Classical.choice,Quot.sound
AUDIT_AXIOMS|RachasEnteras|RachasEnterasGao.probabilidad._proof_1|public|propext
AUDIT_AXIOMS|RachasEnteras|RachasEnterasGao.clasificacion._proof_1_2|public|propext,Quot.sound
AUDIT_AXIOMS|RachasEnteras|RachasEnterasGao.clasificacion._proof_1_3|public|propext,Quot.sound
AUDIT_AXIOMS|RachasEnteras|RachasEnterasGao.cuenta|public|
AUDIT_AXIOMS|RachasEnteras|RachasEnterasGao.cuenta_alta._proof_1_8|public|propext,Quot.sound
AUDIT_AXIOMS|RachasEnteras|_private.RachasEnteras.0.RachasEnterasGao.racha_cadena.match_1.eq_3|private|propext
AUDIT_AXIOMS|RachasEnteras|RachasEnterasGao.cuenta_alta|public|propext,Classical.choice,Quot.sound
AUDIT_AXIOMS|RachasEnteras|RachasEnterasGao.racha_cadena.eq_1|public|propext,Classical.choice,Quot.sound
AUDIT_AXIOMS|RachasEnteras|RachasEnterasGao.cuenta_baja._proof_1_5|public|propext,Quot.sound
AUDIT_AXIOMS|RachasEnteras|RachasEnterasGao.cuenta_alta._proof_1_14|public|propext,Quot.sound
AUDIT_AXIOMS|RachasEnteras|RachasEnterasGao.racha_cadena._f|public|propext,Classical.choice,Quot.sound
AUDIT_AXIOMS|RachasEnteras|RachasEnterasGao.cuenta_uniforme._proof_1_4|public|propext,Quot.sound
AUDIT_AXIOMS|RachasEnteras|RachasEnterasGao.racha_cadena._sparseCasesOn_2|public|propext
AUDIT_AXIOMS|RachasEnteras|RachasEnterasGao.racha_cadena.match_1|public|propext
AUDIT_AXIOMS|RachasEnteras|RachasEnterasGao.cuenta_alta._proof_1_9|public|propext,Quot.sound
AUDIT_AXIOMS|RachasEnteras|RachasEnterasGao.cuenta_uniforme._proof_1_1|public|propext,Quot.sound
AUDIT_AXIOMS|RachasEnteras|RachasEnterasGao.cuenta_baja._proof_1_8|public|propext,Quot.sound
AUDIT_AXIOMS|RachasEnteras|RachasEnterasGao.cuenta_baja._proof_1_6|public|propext,Quot.sound
AUDIT_AXIOMS|RachasEnteras|RachasEnterasGao.cuenta_alta._proof_1_13|public|propext,Quot.sound
AUDIT_AXIOMS|RachasEnteras|RachasEnterasGao.racha_cadena._sparseCasesOn_1|public|propext
AUDIT_AXIOMS|RachasEnteras|RachasEnterasGao.cuenta.match_1|public|
AUDIT_AXIOMS|RachasEnteras|RachasEnterasGao.cuenta_alta._proof_1_5|public|propext,Quot.sound
AUDIT_AXIOMS|RachasEnteras|RachasEnterasGao.clasificacion._proof_1_4|public|propext,Quot.sound
AUDIT_AXIOMS|RachasEnteras|RachasEnterasGao.cuenta_uniforme|public|propext,Classical.choice,Quot.sound
AUDIT_AXIOMS|RachasEnteras|RachasEnterasGao.cola_uniforme|public|propext,Classical.choice,Quot.sound
AUDIT_AXIOMS|RachasEnteras|RachasEnterasGao.racha_cadena._sunfold|public|propext,Classical.choice,Quot.sound
AUDIT_AXIOMS|RachasEnteras|RachasEnterasGao.cuenta.eq_def|public|
AUDIT_AXIOMS|RachasEnteras|RachasEnterasGao.racha_cadena._sparseCasesOn_1.else_eq|public|propext
AUDIT_AXIOMS|RachasEnteras|RachasEnterasGao.cuenta_alta._proof_1_6|public|propext,Quot.sound
AUDIT_AXIOMS|RachasEnteras|RachasEnterasGao.cuenta_uniforme._proof_1_2|public|propext,Quot.sound
AUDIT_AXIOMS|RachasEnteras|RachasEnterasGao.cuenta_uniforme._proof_1_3|public|propext,Quot.sound
AUDIT_AXIOMS|RachasEnteras|RachasEnterasGao.clasificacion|public|propext,Quot.sound
AUDIT_AXIOMS|RachasEnteras|RachasEnterasGao.cuenta_alta._proof_1_11|public|propext,Quot.sound
AUDIT_AXIOMS|RachasEnteras|RachasEnterasGao.cuenta_alta._proof_1_10|public|propext,Quot.sound
AUDIT_AXIOMS|RachasEnteras|RachasEnterasGao.cuenta_alta._proof_1_12|public|propext,Quot.sound
AUDIT_AXIOMS|RachasEnteras|RachasEnterasGao.racha_cadena.eq_2|public|propext,Classical.choice,Quot.sound
AUDIT_AXIOMS|RachasEnteras|RachasEnterasGao.cuenta_baja|public|propext,Classical.choice,Quot.sound
AUDIT_AXIOMS|RachasEnteras|RachasEnterasGao.clasificacion._proof_1_1|public|propext,Quot.sound
AUDIT_AXIOMS|RachasEnteras|RachasEnterasGao.racha_original._proof_1_9|public|propext,Quot.sound
AUDIT_AXIOMS|RachasEnteras|RachasEnterasGao.racha_cadena.eq_3|public|propext,Classical.choice,Quot.sound
AUDIT_AXIOMS|RachasEnteras|RachasEnterasGao.cuenta._unsafe_rec|public|
AUDIT_AXIOMS|RachasEnteras|RachasEnterasGao.racha_cadena._sparseCasesOn_2.else_eq|public|propext
AUDIT_AXIOMS|RachasEnteras|_private.RachasEnteras.0.RachasEnterasGao.racha_cadena.match_1.splitter|private|propext
AUDIT_AXIOMS|RachasEnteras|RachasEnterasGao.cuenta_alta._proof_1_7|public|propext,Quot.sound
AUDIT_AXIOMS|RachasEnteras|RachasEnterasGao.cola_racha_original|public|propext,Classical.choice,Quot.sound
AUDIT_AXIOMS|RachasEnteras|RachasEnterasGao.racha_cadena|public|propext,Classical.choice,Quot.sound
AUDIT_AXIOMS|RachasEnteras|RachasEnterasGao.cuenta._sunfold|public|
AUDIT_AXIOMS|RachasEnteras|RachasEnterasGao.cuenta_alta._proof_1_4|public|propext,Quot.sound
AUDIT_AXIOMS|RachasEnteras|RachasEnterasGao.racha_cadena.eq_def|public|propext,Classical.choice,Quot.sound
AUDIT_AXIOMS|RachasEnteras|_private.RachasEnteras.0.RachasEnterasGao.cuenta.match_1.eq_1|private|
AUDIT_AXIOMS|RachasEnteras|RachasEnterasGao.racha_cadena._unsafe_rec|public|propext,Classical.choice,Quot.sound
AUDIT_AXIOMS|RachasEnteras|_private.RachasEnteras.0.RachasEnterasGao.cuenta.match_1.splitter|private|
AUDIT_AXIOMS|RachasEnteras|RachasEnterasGao.racha_original|public|propext,Classical.choice,Quot.sound
AUDIT_AXIOMS|RachasEnteras|_private.RachasEnteras.0.RachasEnterasGao.cuenta.match_1.eq_2|private|
AUDIT_AXIOMS|RachasEnteras|RachasEnterasGao.cuenta_baja._proof_1_7|public|propext,Quot.sound
AUDIT_AXIOMS|RachasEnteras|RachasEnterasGao.cuenta_alta._proof_1_15|public|propext,Quot.sound
AUDIT_AXIOMS|UmbralRachas|UmbralRachasGao.cola_umbral._proof_1_2|public|propext,Classical.choice,Quot.sound
AUDIT_AXIOMS|UmbralRachas|UmbralRachasGao.cola_umbral._proof_1_3|public|propext,Classical.choice,Quot.sound
AUDIT_AXIOMS|UmbralRachas|UmbralRachasGao.cola_umbral|public|propext,Classical.choice,Quot.sound
AUDIT_AXIOMS|UmbralRachas|UmbralRachasGao.factor_impar._proof_1_2|public|propext,Classical.choice,Quot.sound
AUDIT_AXIOMS|UmbralRachas|UmbralRachasGao.factor_impar._proof_1_3|public|propext,Classical.choice,Quot.sound
AUDIT_AXIOMS|UmbralRachas|UmbralRachasGao.orden_cota|public|propext,Classical.choice,Quot.sound
AUDIT_AXIOMS|UmbralRachas|UmbralRachasGao.orden_par|public|propext,Classical.choice,Quot.sound
AUDIT_AXIOMS|UmbralRachas|UmbralRachasGao.cola_con_orden._proof_1_2|public|propext,Classical.choice,Quot.sound
AUDIT_AXIOMS|UmbralRachas|UmbralRachasGao.orden_impar._proof_1_5|public|propext,Classical.choice,Quot.sound
AUDIT_AXIOMS|UmbralRachas|UmbralRachasGao.orden_par._proof_1_2|public|propext,Classical.choice,Quot.sound
AUDIT_AXIOMS|UmbralRachas|UmbralRachasGao.orden_positivo._proof_1_1|public|propext,Quot.sound
AUDIT_AXIOMS|UmbralRachas|UmbralRachasGao.orden|public|propext,Classical.choice,Quot.sound
AUDIT_AXIOMS|UmbralRachas|UmbralRachasGao.orden_impar._proof_1_1|public|propext,Quot.sound
AUDIT_AXIOMS|UmbralRachas|UmbralRachasGao.cola_con_orden|public|propext,Classical.choice,Quot.sound
AUDIT_AXIOMS|UmbralRachas|UmbralRachasGao.orden_positivo|public|propext,Classical.choice,Quot.sound
AUDIT_AXIOMS|UmbralRachas|UmbralRachasGao.orden_impar._proof_1_2|public|propext,Quot.sound
AUDIT_AXIOMS|UmbralRachas|UmbralRachasGao.orden_impar._proof_1_3|public|propext,Classical.choice,Quot.sound
AUDIT_AXIOMS|UmbralRachas|UmbralRachasGao.orden_positivo._proof_1_2|public|propext,Quot.sound
AUDIT_AXIOMS|UmbralRachas|UmbralRachasGao.orden_par._proof_1_1|public|propext,Quot.sound
AUDIT_AXIOMS|UmbralRachas|UmbralRachasGao.orden_impar|public|propext,Classical.choice,Quot.sound
AUDIT_AXIOMS|UmbralRachas|UmbralRachasGao.cola_con_orden._proof_1_1|public|propext,Quot.sound
AUDIT_AXIOMS|UmbralRachas|UmbralRachasGao.orden_impar._proof_1_4|public|propext,Classical.choice,Quot.sound
AUDIT_AXIOMS|UmbralRachas|UmbralRachasGao.factor_impar._proof_1_1|public|propext,Quot.sound
AUDIT_AXIOMS|UmbralRachas|UmbralRachasGao.factor_impar|public|propext,Classical.choice,Quot.sound
AUDIT_AXIOMS|UmbralRachas|UmbralRachasGao.diferencia_positiva._proof_1_1|public|propext,Quot.sound
AUDIT_AXIOMS|UmbralRachas|UmbralRachasGao.cola_umbral._proof_1_1|public|propext,Classical.choice,Quot.sound
AUDIT_AXIOMS|UmbralRachas|UmbralRachasGao.orden_cota._proof_1_1|public|propext,Classical.choice,Quot.sound
AUDIT_AXIOMS|UmbralRachas|UmbralRachasGao.diferencia_positiva|public|propext,Quot.sound
AUDIT_AXIOMS|UmbralRachas|UmbralRachasGao.orden_cota._proof_1_2|public|propext,Quot.sound
AUDIT_AXIOMS|Reloj|RelojGao.promedio_fuera|public|propext,Classical.choice,Quot.sound
AUDIT_AXIOMS|Reloj|RelojGao.paso_reloj.eq_1|public|propext,Classical.choice,Quot.sound
AUDIT_AXIOMS|Reloj|RelojGao.inicial|public|propext,Classical.choice,Quot.sound
AUDIT_AXIOMS|Reloj|RelojGao.retraso.eq_1|public|propext,Classical.choice,Quot.sound
AUDIT_AXIOMS|Reloj|RelojGao.paso_fuera|public|propext
AUDIT_AXIOMS|Reloj|RelojGao.altura_por_mixtos|public|propext,Classical.choice,Quot.sound
AUDIT_AXIOMS|Reloj|RelojGao.bloque._proof_1_5|public|propext,Classical.choice,Quot.sound
AUDIT_AXIOMS|Reloj|RelojGao.EstadoReloj|public|propext,Classical.choice,Quot.sound
AUDIT_AXIOMS|Reloj|RelojGao.cola_excursion|public|propext,Classical.choice,Quot.sound
AUDIT_AXIOMS|Reloj|RelojGao.reloj_original|public|propext,Classical.choice,Quot.sound
AUDIT_AXIOMS|Reloj|RelojGao.paso_reloj._proof_1|public|propext,Classical.choice,Quot.sound
AUDIT_AXIOMS|Reloj|RelojGao.retraso|public|propext,Classical.choice,Quot.sound
AUDIT_AXIOMS|Reloj|RelojGao.promedio_componer|public|propext,Classical.choice,Quot.sound
AUDIT_AXIOMS|Reloj|RelojGao.media_reloj|public|propext,Classical.choice,Quot.sound
AUDIT_AXIOMS|Reloj|RelojGao.inicial._proof_1|public|propext,Classical.choice,Quot.sound
AUDIT_AXIOMS|Reloj|RelojGao.bloque|public|propext,Classical.choice,Quot.sound
AUDIT_AXIOMS|Reloj|RelojGao.paso_reloj|public|propext,Classical.choice,Quot.sound
AUDIT_AXIOMS|Reloj|RelojGao.sin_progreso|public|propext,Classical.choice,Quot.sound
AUDIT_AXIOMS|Reloj|RelojGao.cola_excursion._proof_1_2|public|propext,Classical.choice,Quot.sound
AUDIT_AXIOMS|Reloj|RelojGao.bloque._proof_1_4|public|propext,Classical.choice,Quot.sound
AUDIT_AXIOMS|Reloj|RelojGao.cola_excursion._proof_1_3|public|propext,Classical.choice,Quot.sound
AUDIT_AXIOMS|Reloj|RelojGao.reloj_bloques._proof_1_3|public|propext,Quot.sound
AUDIT_AXIOMS|Reloj|RelojGao.reloj_bloques._proof_1_2|public|propext,Quot.sound
AUDIT_AXIOMS|Reloj|RelojGao.promedio_imposible._proof_1_2|public|propext,Quot.sound
AUDIT_AXIOMS|Reloj|RelojGao.promedio_imposible._proof_1_3|public|propext,Quot.sound
AUDIT_AXIOMS|Reloj|RelojGao.retraso_cota|public|propext,Classical.choice,Quot.sound
AUDIT_AXIOMS|Reloj|RelojGao.media_excursion|public|propext,Classical.choice,Quot.sound
AUDIT_AXIOMS|Reloj|RelojGao.promedio_imposible|public|propext,Classical.choice,Quot.sound
AUDIT_AXIOMS|Reloj|RelojGao.reloj_bloques|public|propext,Classical.choice,Quot.sound
AUDIT_AXIOMS|Reloj|RelojGao.bloque._proof_1_2|public|propext,Classical.choice,Quot.sound
AUDIT_AXIOMS|Reloj|RelojGao.bloque._proof_1_3|public|propext,Classical.choice,Quot.sound
AUDIT_AXIOMS|Producto|ProductoGao.paso_producto.eq_1|public|propext,Classical.choice,Quot.sound
AUDIT_AXIOMS|Producto|ProductoGao.producto_palabra._simp_1_3|public|propext
AUDIT_AXIOMS|Producto|ProductoGao.cruce_desde|public|propext,Classical.choice,Quot.sound
AUDIT_AXIOMS|Producto|ProductoGao.producto_palabra._simp_1_5|public|propext
AUDIT_AXIOMS|Producto|ProductoGao.deriva_producto|public|propext,Classical.choice,Quot.sound
AUDIT_AXIOMS|Producto|ProductoGao.producto_desde|public|propext,Classical.choice,Quot.sound
AUDIT_AXIOMS|Producto|ProductoGao.rho._proof_2|public|propext
AUDIT_AXIOMS|Producto|ProductoGao.paso_producto|public|propext,Classical.choice,Quot.sound
AUDIT_AXIOMS|Producto|ProductoGao.razon|public|propext,Classical.choice,Quot.sound
AUDIT_AXIOMS|Producto|ProductoGao.producto_palabra|public|propext,Classical.choice,Quot.sound
AUDIT_AXIOMS|Producto|ProductoGao.maximo_producto|public|propext,Classical.choice,Quot.sound
AUDIT_AXIOMS|Producto|ProductoGao.producto_palabra._simp_1_6|public|propext
AUDIT_AXIOMS|Producto|ProductoGao.producto_palabra._simp_1_7|public|propext,Classical.choice,Quot.sound
AUDIT_AXIOMS|Producto|ProductoGao.producto_palabra._simp_1_4|public|propext
AUDIT_AXIOMS|Producto|ProductoGao.producto_palabra._simp_1_2|public|propext
AUDIT_AXIOMS|Producto|ProductoGao.rho.eq_1|public|propext,Classical.choice,Quot.sound
AUDIT_AXIOMS|Producto|ProductoGao.rho._proof_1|public|propext
AUDIT_AXIOMS|Producto|ProductoGao.rho|public|propext,Classical.choice,Quot.sound
AUDIT_AXIOMS|Producto|ProductoGao.razon.eq_1|public|propext,Classical.choice,Quot.sound
AUDIT_AXIOMS|Producto|ProductoGao.razon._proof_1|public|propext
AUDIT_AXIOMS|Producto|ProductoGao.producto_palabra._simp_1_8|public|propext
AUDIT_AXIOMS|Producto|ProductoGao.potencial.eq_1|public|propext,Classical.choice,Quot.sound
AUDIT_AXIOMS|Producto|ProductoGao.potencial|public|propext,Classical.choice,Quot.sound
AUDIT_AXIOMS|Producto|ProductoGao.momento_producto|public|propext,Classical.choice,Quot.sound
AUDIT_AXIOMS|Producto|ProductoGao.razon._proof_2|public|propext
AUDIT_AXIOMS|Palabras|PalabrasGao.marca|public|propext,Classical.choice,Quot.sound
AUDIT_AXIOMS|Palabras|PalabrasGao.media_cruza|public|propext,Classical.choice,Quot.sound
AUDIT_AXIOMS|Palabras|PalabrasGao.cruza.match_1|public|
AUDIT_AXIOMS|Palabras|_private.Palabras.0.PalabrasGao.cruza.match_1.eq_2|private|
AUDIT_AXIOMS|Palabras|PalabrasGao.cruza_prefijo._simp_1_4|public|propext
AUDIT_AXIOMS|Palabras|PalabrasGao.cruza|public|propext,Classical.choice,Quot.sound
AUDIT_AXIOMS|Palabras|PalabrasGao.media_take|public|propext,Classical.choice,Quot.sound
AUDIT_AXIOMS|Palabras|_private.Palabras.0.PalabrasGao.cruza.match_1.eq_1|private|
AUDIT_AXIOMS|Palabras|PalabrasGao.media_mono|public|propext,Classical.choice,Quot.sound
AUDIT_AXIOMS|Palabras|PalabrasGao.cruza.eq_def|public|propext,Classical.choice,Quot.sound
AUDIT_AXIOMS|Palabras|PalabrasGao.cruza._unsafe_rec|public|propext,Classical.choice,Quot.sound
AUDIT_AXIOMS|Palabras|PalabrasGao.marca.eq_1|public|propext,Classical.choice,Quot.sound
AUDIT_AXIOMS|Palabras|PalabrasGao.media._f|public|propext,Classical.choice,Quot.sound
AUDIT_AXIOMS|Palabras|PalabrasGao.cruza._sunfold|public|propext,Classical.choice,Quot.sound
AUDIT_AXIOMS|Palabras|_private.Palabras.0.PalabrasGao.media.match_1.eq_1|private|propext,Classical.choice,Quot.sound
AUDIT_AXIOMS|Palabras|PalabrasGao.media.eq_1|public|propext,Classical.choice,Quot.sound
AUDIT_AXIOMS|Palabras|PalabrasGao.media_constante|public|propext,Classical.choice,Quot.sound
AUDIT_AXIOMS|Palabras|_private.Palabras.0.PalabrasGao.media.match_1.eq_2|private|propext,Classical.choice,Quot.sound
AUDIT_AXIOMS|Palabras|PalabrasGao.media.eq_2|public|propext,Classical.choice,Quot.sound
AUDIT_AXIOMS|Palabras|PalabrasGao.cruza_prefijo|public|propext,Classical.choice,Quot.sound
AUDIT_AXIOMS|Palabras|PalabrasGao.cruza.eq_2|public|propext,Classical.choice,Quot.sound
AUDIT_AXIOMS|Palabras|PalabrasGao.recorre_append|public|
AUDIT_AXIOMS|Palabras|PalabrasGao.media_suma|public|propext,Classical.choice,Quot.sound
AUDIT_AXIOMS|Palabras|PalabrasGao.cruza.eq_1|public|propext,Classical.choice,Quot.sound
AUDIT_AXIOMS|Palabras|PalabrasGao.media._sunfold|public|propext,Classical.choice,Quot.sound
AUDIT_AXIOMS|Palabras|PalabrasGao.cruza._f|public|propext,Classical.choice,Quot.sound
AUDIT_AXIOMS|Palabras|PalabrasGao.cruce_producto|public|propext,Classical.choice,Quot.sound
AUDIT_AXIOMS|Palabras|PalabrasGao.media._proof_1|public|propext
AUDIT_AXIOMS|Palabras|PalabrasGao.media._unsafe_rec|public|propext,Classical.choice,Quot.sound
AUDIT_AXIOMS|Palabras|_private.Palabras.0.PalabrasGao.media.match_1.splitter|private|propext,Classical.choice,Quot.sound
AUDIT_AXIOMS|Palabras|PalabrasGao.media_append|public|propext,Classical.choice,Quot.sound
AUDIT_AXIOMS|Palabras|PalabrasGao.cruce_producto.eq_1|public|propext,Classical.choice,Quot.sound
AUDIT_AXIOMS|Palabras|PalabrasGao.media_producto|public|propext,Classical.choice,Quot.sound
AUDIT_AXIOMS|Palabras|_private.Palabras.0.PalabrasGao.cruza.match_1.splitter|private|
AUDIT_AXIOMS|Palabras|PalabrasGao.media|public|propext,Classical.choice,Quot.sound
AUDIT_AXIOMS|Palabras|PalabrasGao.media.eq_def|public|propext,Classical.choice,Quot.sound
AUDIT_AXIOMS|Palabras|PalabrasGao.media.match_1|public|propext,Classical.choice,Quot.sound
AUDIT_AXIOMS|Palabras|PalabrasGao.media_congr|public|propext,Classical.choice,Quot.sound
AUDIT_AXIOMS|Palabras|PalabrasGao.media_recorre|public|propext,Classical.choice,Quot.sound
AUDIT_AXIOMS|SalidaPalabras|SalidaPalabrasGao.salida_de_controles._proof_1_1|public|propext,Quot.sound
AUDIT_AXIOMS|SalidaPalabras|SalidaPalabrasGao.producto_prefijo|public|propext,Classical.choice,Quot.sound
AUDIT_AXIOMS|SalidaPalabras|SalidaPalabrasGao.termino_inicial|public|propext,Classical.choice,Quot.sound
AUDIT_AXIOMS|SalidaPalabras|SalidaPalabrasGao.salida_buena|public|propext,Classical.choice,Quot.sound
AUDIT_AXIOMS|SalidaPalabras|SalidaPalabrasGao.recorre_prefijo|public|propext
AUDIT_AXIOMS|SalidaPalabras|SalidaPalabrasGao.salida_buena._proof_1|public|propext
AUDIT_AXIOMS|SalidaPalabras|SalidaPalabrasGao.hijo_salida|public|propext,Classical.choice,Quot.sound
AUDIT_AXIOMS|SalidaPalabras|SalidaPalabrasGao.supervivencia_prefijo|public|propext,Quot.sound
AUDIT_AXIOMS|SalidaPalabras|SalidaPalabrasGao.primera_salida|public|propext,Classical.choice,Quot.sound
AUDIT_AXIOMS|SalidaPalabras|SalidaPalabrasGao.supervivencia_prefijo._proof_1_1|public|propext,Quot.sound
AUDIT_AXIOMS|SalidaPalabras|SalidaPalabrasGao.salida_de_controles|public|propext,Classical.choice,Quot.sound
AUDIT_AXIOMS|SalidaPalabras|SalidaPalabrasGao.recorre_fuera|public|propext
AUDIT_AXIOMS|SalidaPalabras|SalidaPalabrasGao.producto_prefijo._proof_1_1|public|propext,Quot.sound
AUDIT_AXIOMS|Ventana|VentanaGao.probabilidad_salida|public|propext,Classical.choice,Quot.sound
AUDIT_AXIOMS|Ventana|VentanaGao.ventana_union|public|propext,Classical.choice,Quot.sound
AUDIT_AXIOMS|Ventana|VentanaGao.ventana_cuarto|public|propext,Classical.choice,Quot.sound
AUDIT_AXIOMS|Ventana|VentanaGao.ventana_cota|public|propext,Classical.choice,Quot.sound
AUDIT_AXIOMS|Ventana|VentanaGao.ventana_reloj|public|propext,Classical.choice,Quot.sound
AUDIT_AXIOMS|Ventana|VentanaGao.radio|public|propext,Classical.choice,Quot.sound
AUDIT_AXIOMS|Ventana|VentanaGao.marca_interior|public|propext,Classical.choice,Quot.sound
AUDIT_AXIOMS|Ventana|VentanaGao.resta_eventos|public|propext,Classical.choice,Quot.sound
AUDIT_AXIOMS|Ventana|VentanaGao.ventana_cota._proof_1_1|public|propext,Quot.sound
AUDIT_AXIOMS|Ventana|VentanaGao.radio._proof_1|public|propext
AUDIT_AXIOMS|ParametrosVentana|ParametrosVentanaGao.margen_cubo._proof_1_1|public|propext,Quot.sound
AUDIT_AXIOMS|ParametrosVentana|ParametrosVentanaGao.coste_reloj|public|propext,Classical.choice,Quot.sound
AUDIT_AXIOMS|ParametrosVentana|ParametrosVentanaGao.ventana_contraccion._proof_1_1|public|propext,Quot.sound
AUDIT_AXIOMS|ParametrosVentana|ParametrosVentanaGao.contraccion_bloque|public|propext,Classical.choice,Quot.sound
AUDIT_AXIOMS|ParametrosVentana|ParametrosVentanaGao.producto_entero._proof_1_1|public|propext,Quot.sound
AUDIT_AXIOMS|ParametrosVentana|ParametrosVentanaGao.tiempo_minimo._proof_1_1|public|propext,Quot.sound
AUDIT_AXIOMS|ParametrosVentana|ParametrosVentanaGao.tiempo|public|
AUDIT_AXIOMS|ParametrosVentana|ParametrosVentanaGao.producto_cuarto|public|propext,Classical.choice,Quot.sound
AUDIT_AXIOMS|ParametrosVentana|ParametrosVentanaGao.cantidad.eq_1|public|propext
AUDIT_AXIOMS|ParametrosVentana|ParametrosVentanaGao.horizonte_posterior|public|propext,Classical.choice,Quot.sound
AUDIT_AXIOMS|ParametrosVentana|ParametrosVentanaGao.ventana_uniforme|public|propext,Classical.choice,Quot.sound
AUDIT_AXIOMS|ParametrosVentana|ParametrosVentanaGao.cantidad|public|propext
AUDIT_AXIOMS|ParametrosVentana|ParametrosVentanaGao.contraccion_inicial._proof_1_1|public|propext,Quot.sound
AUDIT_AXIOMS|ParametrosVentana|ParametrosVentanaGao.margen_cubo|public|propext,Classical.choice,Quot.sound
AUDIT_AXIOMS|ParametrosVentana|ParametrosVentanaGao.coste_reloj._proof_1_1|public|propext,Quot.sound
AUDIT_AXIOMS|ParametrosVentana|ParametrosVentanaGao.ventana_contraccion|public|propext,Classical.choice,Quot.sound
AUDIT_AXIOMS|ParametrosVentana|ParametrosVentanaGao.horizonte|public|propext
AUDIT_AXIOMS|ParametrosVentana|ParametrosVentanaGao.coste_margen|public|propext,Classical.choice,Quot.sound
AUDIT_AXIOMS|ParametrosVentana|ParametrosVentanaGao.techo.eq_1|public|
AUDIT_AXIOMS|ParametrosVentana|ParametrosVentanaGao.margen|public|propext
AUDIT_AXIOMS|ParametrosVentana|ParametrosVentanaGao.coste_margen._proof_1_1|public|propext,Quot.sound
AUDIT_AXIOMS|ParametrosVentana|ParametrosVentanaGao.m_inicial|public|
AUDIT_AXIOMS|ParametrosVentana|ParametrosVentanaGao.tiempo_minimo|public|propext,Quot.sound
AUDIT_AXIOMS|ParametrosVentana|ParametrosVentanaGao.ventana_contraccion._proof_1_2|public|propext,Quot.sound
AUDIT_AXIOMS|ParametrosVentana|ParametrosVentanaGao.ventana_explicita|public|propext,Classical.choice,Quot.sound
AUDIT_AXIOMS|ParametrosVentana|ParametrosVentanaGao.producto_base|public|propext
AUDIT_AXIOMS|ParametrosVentana|ParametrosVentanaGao.producto_entero|public|propext,Classical.choice,Quot.sound
AUDIT_AXIOMS|ParametrosVentana|ParametrosVentanaGao.techo|public|
AUDIT_AXIOMS|ParametrosVentana|ParametrosVentanaGao.contraccion_entera|public|propext,Classical.choice,Quot.sound
AUDIT_AXIOMS|ParametrosVentana|ParametrosVentanaGao.umbral|public|propext
AUDIT_AXIOMS|ParametrosVentana|ParametrosVentanaGao.margen_cubo._simp_1_2|public|
AUDIT_AXIOMS|ParametrosVentana|ParametrosVentanaGao.contraccion_inicial|public|propext,Classical.choice,Quot.sound
AUDIT_AXIOMS|Hormigas|HormigasGao.longitud|public|propext
AUDIT_AXIOMS|Hormigas|HormigasGao.absorcion_gap|public|propext,Classical.choice,Quot.sound
AUDIT_AXIOMS|Hormigas|HormigasGao.mag_mitad._proof_1_3|public|propext,Quot.sound
AUDIT_AXIOMS|Hormigas|HormigasGao.mag_mitad._proof_1_2|public|propext,Quot.sound
AUDIT_AXIOMS|Hormigas|HormigasGao.dividir_offset._proof_1_7|public|propext,Quot.sound
AUDIT_AXIOMS|Hormigas|HormigasGao.viaje._proof_1_10|public|propext,Quot.sound
AUDIT_AXIOMS|Hormigas|HormigasGao.viaje._proof_1_12|public|propext,Classical.choice,Quot.sound
AUDIT_AXIOMS|Hormigas|HormigasGao.mag_mitad|public|propext,Quot.sound
AUDIT_AXIOMS|Hormigas|HormigasGao.viaje._proof_1_4|public|propext,Quot.sound
AUDIT_AXIOMS|Hormigas|HormigasGao.palabra_hormigas._proof_1_1|public|propext,Quot.sound
AUDIT_AXIOMS|Hormigas|HormigasGao.absorcion_offset|public|propext,Classical.choice,Quot.sound
AUDIT_AXIOMS|Hormigas|HormigasGao.dividir_offset._proof_1_2|public|propext,Quot.sound
AUDIT_AXIOMS|Hormigas|HormigasGao.dividir_offset._proof_1_3|public|propext,Quot.sound
AUDIT_AXIOMS|Hormigas|HormigasGao.mag_mitad._proof_1_4|public|propext,Quot.sound
AUDIT_AXIOMS|Hormigas|HormigasGao.dividir_offset|public|propext,Classical.choice,Quot.sound
AUDIT_AXIOMS|Hormigas|HormigasGao.viajes|public|propext,Classical.choice,Quot.sound
AUDIT_AXIOMS|Hormigas|HormigasGao.absorcion_offset._proof_1_2|public|propext,Classical.choice,Quot.sound
AUDIT_AXIOMS|Hormigas|HormigasGao.absorcion_offset._proof_1_3|public|propext,Quot.sound
AUDIT_AXIOMS|Hormigas|HormigasGao.dividir_offset._proof_1_6|public|propext,Quot.sound
AUDIT_AXIOMS|Hormigas|HormigasGao.viaje._proof_1_5|public|propext,Quot.sound
AUDIT_AXIOMS|Hormigas|HormigasGao.viaje._proof_1_2|public|propext,Quot.sound
AUDIT_AXIOMS|Hormigas|HormigasGao.viaje._proof_1_3|public|propext,Quot.sound
AUDIT_AXIOMS|Hormigas|HormigasGao.viaje._proof_1_11|public|propext,Quot.sound
AUDIT_AXIOMS|Hormigas|HormigasGao.viaje._proof_1_9|public|propext,Quot.sound
AUDIT_AXIOMS|Hormigas|HormigasGao.longitud_mono._proof_1_1|public|propext,Quot.sound
AUDIT_AXIOMS|Hormigas|HormigasGao.dividir_offset._proof_1_5|public|propext,Quot.sound
AUDIT_AXIOMS|Hormigas|HormigasGao.viaje._proof_1_6|public|propext,Quot.sound
AUDIT_AXIOMS|Hormigas|HormigasGao.longitud_mono._proof_1_2|public|propext,Quot.sound
AUDIT_AXIOMS|Hormigas|HormigasGao.viaje._proof_1_1|public|propext,Quot.sound
AUDIT_AXIOMS|Hormigas|HormigasGao.absorcion_offset._proof_1_4|public|propext,Quot.sound
AUDIT_AXIOMS|Hormigas|HormigasGao.absorcion_offset._proof_1_1|public|propext,Quot.sound
AUDIT_AXIOMS|Hormigas|HormigasGao.viaje._proof_1_13|public|propext,Quot.sound
AUDIT_AXIOMS|Hormigas|HormigasGao.dividir_offset._proof_1_1|public|propext,Quot.sound
AUDIT_AXIOMS|Hormigas|HormigasGao.longitud_mono|public|propext,Classical.choice,Quot.sound
AUDIT_AXIOMS|Hormigas|HormigasGao.absorcion_offset._proof_1_5|public|propext,Classical.choice,Quot.sound
AUDIT_AXIOMS|Hormigas|HormigasGao.gap_uno|public|
AUDIT_AXIOMS|Hormigas|HormigasGao.viaje._proof_1_8|public|propext,Quot.sound
AUDIT_AXIOMS|Hormigas|HormigasGao.mag_mitad._proof_1_1|public|propext,Quot.sound
AUDIT_AXIOMS|Hormigas|HormigasGao.palabra_hormigas|public|propext,Classical.choice,Quot.sound
AUDIT_AXIOMS|Hormigas|HormigasGao.viaje|public|propext,Classical.choice,Quot.sound
AUDIT_AXIOMS|Hormigas|HormigasGao.absorcion_gap._proof_1_1|public|propext,Quot.sound
AUDIT_AXIOMS|Hormigas|HormigasGao.absorcion_offset._proof_1_6|public|propext,Quot.sound
AUDIT_AXIOMS|Hormigas|HormigasGao.viaje._proof_1_7|public|propext,Quot.sound
AUDIT_AXIOMS|Hormigas|HormigasGao.dividir_offset._proof_1_4|public|propext,Quot.sound
AUDIT_AXIOMS|Hormigas|HormigasGao.absorcion_gap._proof_1_2|public|propext,Quot.sound
AUDIT_AXIOMS|Ensayo|_private.Ensayo.0.EnsayoGao.premio.match_1.splitter|private|propext
AUDIT_AXIOMS|Ensayo|EnsayoGao.premio_no_negativo|public|propext,Classical.choice,Quot.sound
AUDIT_AXIOMS|Ensayo|EnsayoGao.duracion_palabra|public|propext
AUDIT_AXIOMS|Ensayo|EnsayoGao.probabilidad_no_negativa|public|propext,Classical.choice,Quot.sound
AUDIT_AXIOMS|Ensayo|EnsayoGao.promedio_quieto|public|propext,Classical.choice,Quot.sound
AUDIT_AXIOMS|Ensayo|EnsayoGao.salida_premio|public|propext,Classical.choice,Quot.sound
AUDIT_AXIOMS|Ensayo|EnsayoGao.palabra_piso._proof_1_1|public|propext,Quot.sound
AUDIT_AXIOMS|Ensayo|EnsayoGao.fusion_absorbente|public|propext,Classical.choice,Quot.sound
AUDIT_AXIOMS|Ensayo|EnsayoGao.premio.eq_2|public|propext,Classical.choice,Quot.sound
AUDIT_AXIOMS|Ensayo|EnsayoGao.premio._sparseCasesOn_1.else_eq|public|propext
AUDIT_AXIOMS|Ensayo|_private.Ensayo.0.EnsayoGao.premio.match_1.eq_2|private|propext
AUDIT_AXIOMS|Ensayo|EnsayoGao.salida_a_fusion|public|propext,Classical.choice,Quot.sound
AUDIT_AXIOMS|Ensayo|EnsayoGao.premio.eq_1|public|propext,Classical.choice,Quot.sound
AUDIT_AXIOMS|Ensayo|EnsayoGao.fusion_no_negativa|public|propext,Classical.choice,Quot.sound
AUDIT_AXIOMS|Ensayo|EnsayoGao.probabilidad_fusion.eq_1|public|propext,Classical.choice,Quot.sound
AUDIT_AXIOMS|Ensayo|EnsayoGao.premio_piso|public|propext,Classical.choice,Quot.sound
AUDIT_AXIOMS|Ensayo|EnsayoGao.probabilidad_fusion|public|propext,Classical.choice,Quot.sound
AUDIT_AXIOMS|Ensayo|EnsayoGao.relevo|public|propext,Classical.choice,Quot.sound
AUDIT_AXIOMS|Ensayo|EnsayoGao.palabra_piso_uniforme|public|propext,Classical.choice,Quot.sound
AUDIT_AXIOMS|Ensayo|EnsayoGao.gap_salida.eq_1|public|propext
AUDIT_AXIOMS|Ensayo|EnsayoGao.premio|public|propext,Classical.choice,Quot.sound
AUDIT_AXIOMS|Ensayo|EnsayoGao.ensayo_uniforme|public|propext,Classical.choice,Quot.sound
AUDIT_AXIOMS|Ensayo|EnsayoGao.relevo._proof_1_1|public|propext,Quot.sound
AUDIT_AXIOMS|Ensayo|VentanaGao.radio.eq_1|public|propext,Classical.choice,Quot.sound
AUDIT_AXIOMS|Ensayo|EnsayoGao.fusion|public|propext,Classical.choice,Quot.sound
AUDIT_AXIOMS|Ensayo|EnsayoGao.palabra_piso|public|propext,Classical.choice,Quot.sound
AUDIT_AXIOMS|Ensayo|EnsayoGao.premio._sparseCasesOn_1|public|propext
AUDIT_AXIOMS|Ensayo|EnsayoGao.gap_radio|public|propext,Classical.choice,Quot.sound
AUDIT_AXIOMS|Ensayo|_private.Ensayo.0.EnsayoGao.premio.match_1.eq_1|private|propext
AUDIT_AXIOMS|Ensayo|EnsayoGao.gap_salida|public|propext
AUDIT_AXIOMS|Ensayo|EnsayoGao.premio.match_1|public|propext
AUDIT_AXIOMS|Ensayo|EnsayoGao.fusion.eq_1|public|propext,Classical.choice,Quot.sound
AUDIT_AXIOMS|Repeticion|RepeticionGao.busca|public|propext,Classical.choice,Quot.sound
AUDIT_AXIOMS|Repeticion|_private.Repeticion.0.RepeticionGao.busca_palabra.match_1.eq_2|private|
AUDIT_AXIOMS|Repeticion|RepeticionGao.indicador|public|propext,Classical.choice,Quot.sound
AUDIT_AXIOMS|Repeticion|_private.Repeticion.0.RepeticionGao.busca_palabra.match_1.eq_1|private|
AUDIT_AXIOMS|Repeticion|RepeticionGao.busca._proof_1|public|propext
AUDIT_AXIOMS|Repeticion|RepeticionGao.busca.eq_1|public|propext,Classical.choice,Quot.sound
AUDIT_AXIOMS|Repeticion|RepeticionGao.busca_admite|public|propext,Quot.sound
AUDIT_AXIOMS|Repeticion|RepeticionGao.media_fallos|public|propext,Classical.choice,Quot.sound
AUDIT_AXIOMS|Repeticion|_private.Repeticion.0.RepeticionGao.fallos.match_1.splitter|private|
AUDIT_AXIOMS|Repeticion|RepeticionGao.busca_palabra._f|public|
AUDIT_AXIOMS|Repeticion|_private.Repeticion.0.RepeticionGao.fallos.match_1.eq_2|private|
AUDIT_AXIOMS|Repeticion|RepeticionGao.fallos.eq_1|public|propext,Classical.choice,Quot.sound
AUDIT_AXIOMS|Repeticion|RepeticionGao.fallos._f|public|propext,Classical.choice,Quot.sound
AUDIT_AXIOMS|Repeticion|_private.Repeticion.0.RepeticionGao.fallos_palabra.match_1.eq_2|private|
AUDIT_AXIOMS|Repeticion|RepeticionGao.fallos.match_1|public|
AUDIT_AXIOMS|Repeticion|_private.Repeticion.0.RepeticionGao.fallos_palabra.match_1.eq_1|private|
AUDIT_AXIOMS|Repeticion|RepeticionGao.busca.match_1|public|
AUDIT_AXIOMS|Repeticion|RepeticionGao.fallos_palabra._f|public|
AUDIT_AXIOMS|Repeticion|RepeticionGao.media_busca._proof_1_8|public|propext,Quot.sound
AUDIT_AXIOMS|Repeticion|RepeticionGao.fallos_palabra.eq_1|public|
AUDIT_AXIOMS|Repeticion|RepeticionGao.fallos_palabra|public|
AUDIT_AXIOMS|Repeticion|RepeticionGao.busca.eq_def|public|propext,Classical.choice,Quot.sound
AUDIT_AXIOMS|Repeticion|RepeticionGao.fallos_palabra.eq_2|public|
AUDIT_AXIOMS|Repeticion|RepeticionGao.busca._unsafe_rec|public|propext,Classical.choice,Quot.sound
AUDIT_AXIOMS|Repeticion|RepeticionGao.fallos._sunfold|public|propext,Classical.choice,Quot.sound
AUDIT_AXIOMS|Repeticion|RepeticionGao.media_busca._proof_1_9|public|propext,Quot.sound
AUDIT_AXIOMS|Repeticion|RepeticionGao.fallos_cota|public|propext,Classical.choice,Quot.sound
AUDIT_AXIOMS|Repeticion|RepeticionGao.busca_palabra.eq_1|public|
AUDIT_AXIOMS|Repeticion|_private.Repeticion.0.RepeticionGao.fallos_palabra.match_1.splitter|private|
AUDIT_AXIOMS|Repeticion|RepeticionGao.busca_palabra.eq_def|public|Quot.sound
AUDIT_AXIOMS|Repeticion|RepeticionGao.busca_palabra.eq_2|public|
AUDIT_AXIOMS|Repeticion|RepeticionGao.fallos_palabra._sunfold|public|
AUDIT_AXIOMS|Repeticion|_private.Repeticion.0.RepeticionGao.fallos.match_1.eq_1|private|
AUDIT_AXIOMS|Repeticion|RepeticionGao.fallos.eq_2|public|propext,Classical.choice,Quot.sound
AUDIT_AXIOMS|Repeticion|RepeticionGao.busca_cota|public|propext,Classical.choice,Quot.sound
AUDIT_AXIOMS|Repeticion|RepeticionGao.fallos_palabra._unsafe_rec|public|
AUDIT_AXIOMS|Repeticion|RepeticionGao.media_busca|public|propext,Classical.choice,Quot.sound
AUDIT_AXIOMS|Repeticion|RepeticionGao.busca.eq_2|public|propext,Classical.choice,Quot.sound
AUDIT_AXIOMS|Repeticion|RepeticionGao.fallos_palabra.eq_def|public|
AUDIT_AXIOMS|Repeticion|_private.Repeticion.0.RepeticionGao.busca_palabra.match_1.splitter|private|
AUDIT_AXIOMS|Repeticion|RepeticionGao.busca_palabra._sunfold|public|
AUDIT_AXIOMS|Repeticion|RepeticionGao.fallos|public|propext,Classical.choice,Quot.sound
AUDIT_AXIOMS|Repeticion|RepeticionGao.indicador.eq_1|public|propext,Classical.choice,Quot.sound
AUDIT_AXIOMS|Repeticion|RepeticionGao.fallos_palabra.match_1|public|
AUDIT_AXIOMS|Repeticion|RepeticionGao.busca._f|public|propext,Classical.choice,Quot.sound
AUDIT_AXIOMS|Repeticion|RepeticionGao.busca_palabra._unsafe_rec|public|
AUDIT_AXIOMS|Repeticion|_private.Repeticion.0.RepeticionGao.busca.match_1.splitter|private|
AUDIT_AXIOMS|Repeticion|RepeticionGao.fallos.eq_def|public|propext,Classical.choice,Quot.sound
AUDIT_AXIOMS|Repeticion|RepeticionGao.busca_palabra|public|
AUDIT_AXIOMS|Repeticion|RepeticionGao.fallos._unsafe_rec|public|propext,Classical.choice,Quot.sound
AUDIT_AXIOMS|Repeticion|RepeticionGao.busca_admite._proof_1_1|public|propext,Quot.sound
AUDIT_AXIOMS|Repeticion|RepeticionGao.busca._sunfold|public|propext,Classical.choice,Quot.sound
AUDIT_AXIOMS|Repeticion|_private.Repeticion.0.RepeticionGao.busca.match_1.eq_2|private|
AUDIT_AXIOMS|Repeticion|_private.Repeticion.0.RepeticionGao.busca.match_1.eq_1|private|
AUDIT_AXIOMS|Repeticion|RepeticionGao.busca_palabra.match_1|public|
AUDIT_AXIOMS|Guardias|GuardiasGao.guardia|public|propext
AUDIT_AXIOMS|Guardias|GuardiasGao.riesgo|public|propext,Classical.choice,Quot.sound
AUDIT_AXIOMS|Guardias|GuardiasGao.EstadoEnsayo|public|
AUDIT_AXIOMS|Guardias|_private.Guardias.0.GuardiasGao.guardia.match_1.eq_1|private|propext
AUDIT_AXIOMS|Guardias|GuardiasGao.duracion_positiva._proof_1_1|public|propext,Quot.sound
AUDIT_AXIOMS|Guardias|GuardiasGao.riesgo_menor_uno|public|propext,Classical.choice,Quot.sound
AUDIT_AXIOMS|Guardias|GuardiasGao.riesgo._proof_1|public|propext
AUDIT_AXIOMS|Guardias|GuardiasGao.complemento|public|propext,Classical.choice,Quot.sound
AUDIT_AXIOMS|Guardias|GuardiasGao.entrada.match_1|public|propext
AUDIT_AXIOMS|Guardias|GuardiasGao.vivo.eq_1|public|
AUDIT_AXIOMS|Guardias|GuardiasGao.paso_ensayo|public|propext
AUDIT_AXIOMS|Guardias|GuardiasGao.guardia.match_1|public|propext
AUDIT_AXIOMS|Guardias|GuardiasGao.reinicio|public|
AUDIT_AXIOMS|Guardias|GuardiasGao.duracion|public|propext
AUDIT_AXIOMS|Guardias|GuardiasGao.guardia_estado|public|propext
AUDIT_AXIOMS|Guardias|GuardiasGao.riesgo_no_negativo|public|propext,Classical.choice,Quot.sound
AUDIT_AXIOMS|Guardias|_private.Guardias.0.GuardiasGao.guardia.match_1.eq_2|private|propext
AUDIT_AXIOMS|Guardias|GuardiasGao.fallos_evento|public|propext,Classical.choice,Quot.sound
AUDIT_AXIOMS|Guardias|GuardiasGao.entrada|public|propext
AUDIT_AXIOMS|Guardias|GuardiasGao.vivo|public|
AUDIT_AXIOMS|Guardias|GuardiasGao.duracion_positiva|public|propext,Classical.choice,Quot.sound
AUDIT_AXIOMS|Guardias|GuardiasGao.paso_ensayo.eq_1|public|propext
AUDIT_AXIOMS|Guardias|GuardiasGao.media_base|public|propext,Classical.choice,Quot.sound
AUDIT_AXIOMS|Guardias|_private.Guardias.0.GuardiasGao.guardia.match_1.splitter|private|propext
AUDIT_AXIOMS|Guardias|GuardiasGao.entrada._sparseCasesOn_1|public|propext
AUDIT_AXIOMS|Guardias|GuardiasGao.fallo_bloque|public|propext,Classical.choice,Quot.sound
AUDIT_AXIOMS|Guardias|GuardiasGao.fallos_guardados|public|propext,Classical.choice,Quot.sound
AUDIT_AXIOMS|Guardias|GuardiasGao.riesgo._proof_2|public|propext
AUDIT_AXIOMS|Guardias|GuardiasGao.entrada._sparseCasesOn_1.else_eq|public|propext
AUDIT_AXIOMS|Guardias|GuardiasGao.probabilidad_fallos|public|propext,Classical.choice,Quot.sound
AUDIT_AXIOMS|ConteoEnsayos|ConteoEnsayosGao.todos_vivos._sunfold|public|
AUDIT_AXIOMS|ConteoEnsayos|ConteoEnsayosGao.cuenta_reinicio._proof_1_11|public|propext,Quot.sound
AUDIT_AXIOMS|ConteoEnsayos|ConteoEnsayosGao.cuenta_reinicio|public|propext,Quot.sound
AUDIT_AXIOMS|ConteoEnsayos|ConteoEnsayosGao.vivos_cabeza|public|
AUDIT_AXIOMS|ConteoEnsayos|ConteoEnsayosGao.todos_vivos._unsafe_rec|public|
AUDIT_AXIOMS|ConteoEnsayos|_private.ConteoEnsayos.0.ConteoEnsayosGao.cuenta.match_1.eq_1|private|
AUDIT_AXIOMS|ConteoEnsayos|ConteoEnsayosGao.muchas_fallos|public|propext,Classical.choice,Quot.sound
AUDIT_AXIOMS|ConteoEnsayos|ConteoEnsayosGao.cuenta_longitud._proof_1_4|public|propext,Quot.sound
AUDIT_AXIOMS|ConteoEnsayos|ConteoEnsayosGao.cuenta._f|public|
AUDIT_AXIOMS|ConteoEnsayos|ConteoEnsayosGao.cuenta_reinicio._proof_1_4|public|propext,Quot.sound
AUDIT_AXIOMS|ConteoEnsayos|ConteoEnsayosGao.todos_vivos|public|
AUDIT_AXIOMS|ConteoEnsayos|ConteoEnsayosGao.cuenta_prefijo._proof_1_5|public|propext,Quot.sound
AUDIT_AXIOMS|ConteoEnsayos|ConteoEnsayosGao.cuenta_reinicio._proof_1_9|public|propext,Quot.sound
AUDIT_AXIOMS|ConteoEnsayos|ConteoEnsayosGao.todos_vivos.eq_def|public|
AUDIT_AXIOMS|ConteoEnsayos|ConteoEnsayosGao.cota_muchas|public|propext,Classical.choice,Quot.sound
AUDIT_AXIOMS|ConteoEnsayos|ConteoEnsayosGao.muerto_recorre|public|
AUDIT_AXIOMS|ConteoEnsayos|ConteoEnsayosGao.cuenta_prefijo._proof_1_4|public|propext,Quot.sound
AUDIT_AXIOMS|ConteoEnsayos|_private.ConteoEnsayos.0.ConteoEnsayosGao.cuenta.match_1.eq_2|private|
AUDIT_AXIOMS|ConteoEnsayos|ConteoEnsayosGao.muchas|public|propext
AUDIT_AXIOMS|ConteoEnsayos|ConteoEnsayosGao.cuenta_longitud._proof_1_6|public|propext,Quot.sound
AUDIT_AXIOMS|ConteoEnsayos|ConteoEnsayosGao.cuenta.eq_1|public|
AUDIT_AXIOMS|ConteoEnsayos|ConteoEnsayosGao.cuenta.eq_def|public|
AUDIT_AXIOMS|ConteoEnsayos|ConteoEnsayosGao.cuenta_reinicio._proof_1_6|public|propext,Quot.sound
AUDIT_AXIOMS|ConteoEnsayos|ConteoEnsayosGao.cuenta.eq_2|public|
AUDIT_AXIOMS|ConteoEnsayos|ConteoEnsayosGao.vivos_terminal|public|
AUDIT_AXIOMS|ConteoEnsayos|ConteoEnsayosGao.cuenta_longitud._proof_1_5|public|propext,Quot.sound
AUDIT_AXIOMS|ConteoEnsayos|ConteoEnsayosGao.completa_bloques|public|propext,Classical.choice,Quot.sound
AUDIT_AXIOMS|ConteoEnsayos|ConteoEnsayosGao.muchas.eq_1|public|propext
AUDIT_AXIOMS|ConteoEnsayos|ConteoEnsayosGao.cuenta_reinicio._proof_1_5|public|propext,Quot.sound
AUDIT_AXIOMS|ConteoEnsayos|ConteoEnsayosGao.todos_vivos._f|public|
AUDIT_AXIOMS|ConteoEnsayos|ConteoEnsayosGao.vivos_sufijo|public|
AUDIT_AXIOMS|ConteoEnsayos|ConteoEnsayosGao.supervivencia_por_entradas._proof_1_3|public|propext,Quot.sound
AUDIT_AXIOMS|ConteoEnsayos|ConteoEnsayosGao.todos_vivos.eq_1|public|
AUDIT_AXIOMS|ConteoEnsayos|ConteoEnsayosGao.supervivencia_por_entradas._proof_1_2|public|propext,Quot.sound
AUDIT_AXIOMS|ConteoEnsayos|ConteoEnsayosGao.completa_bloques._proof_1_1|public|propext,Quot.sound
AUDIT_AXIOMS|ConteoEnsayos|ConteoEnsayosGao.cuenta._sunfold|public|
AUDIT_AXIOMS|ConteoEnsayos|_private.ConteoEnsayos.0.ConteoEnsayosGao.cuenta.match_1.splitter|private|
AUDIT_AXIOMS|ConteoEnsayos|ConteoEnsayosGao.cuenta_reinicio._proof_1_7|public|propext,Quot.sound
AUDIT_AXIOMS|ConteoEnsayos|ConteoEnsayosGao.cuenta_longitud|public|propext,Quot.sound
AUDIT_AXIOMS|ConteoEnsayos|ConteoEnsayosGao.todos_vivos.eq_2|public|
AUDIT_AXIOMS|ConteoEnsayos|ConteoEnsayosGao.cuenta_prefijo|public|propext,Quot.sound
AUDIT_AXIOMS|ConteoEnsayos|ConteoEnsayosGao.cuenta_longitud._proof_1_7|public|propext,Quot.sound
AUDIT_AXIOMS|ConteoEnsayos|ConteoEnsayosGao.supervivencia_por_entradas|public|propext,Classical.choice,Quot.sound
AUDIT_AXIOMS|ConteoEnsayos|ConteoEnsayosGao.cuenta._unsafe_rec|public|
AUDIT_AXIOMS|ConteoEnsayos|ConteoEnsayosGao.cuenta|public|
AUDIT_AXIOMS|ConteoEnsayos|ConteoEnsayosGao.probabilidad_pocas|public|propext,Classical.choice,Quot.sound
AUDIT_AXIOMS|ConteoEnsayos|ConteoEnsayosGao.cuenta_reinicio._proof_1_8|public|propext,Quot.sound
AUDIT_AXIOMS|ConteoEnsayos|ConteoEnsayosGao.cuenta_reinicio._proof_1_10|public|propext,Quot.sound
AUDIT_AXIOMS|ConteoEnsayos|ConteoEnsayosGao.vivos_reinicio|public|
AUDIT_AXIOMS|ConteoEnsayos|ConteoEnsayosGao.cuenta.match_1|public|
AUDIT_AXIOMS|Lagartijas|LagartijasGao.en_frontera.eq_1|public|propext
AUDIT_AXIOMS|Lagartijas|LagartijasGao.paso_aumentado.eq_1|public|propext,Classical.choice,Quot.sound
AUDIT_AXIOMS|Lagartijas|LagartijasGao.Aumentado.mk.sizeOf_spec|public|
AUDIT_AXIOMS|Lagartijas|LagartijasGao.peso_uno_cota._proof_1_5|public|propext,Quot.sound
AUDIT_AXIOMS|Lagartijas|LagartijasGao.dos_adica|public|propext,Classical.choice,Quot.sound
AUDIT_AXIOMS|Lagartijas|LagartijasGao.surv_paso|public|propext,Classical.choice,Quot.sound
AUDIT_AXIOMS|Lagartijas|LagartijasGao.Aumentado.casesOn|public|
AUDIT_AXIOMS|Lagartijas|LagartijasGao.cierre_frontera._proof_1_5|public|propext,Quot.sound
AUDIT_AXIOMS|Lagartijas|LagartijasGao.Aumentado.a|public|
AUDIT_AXIOMS|Lagartijas|LagartijasGao.log_cuarta._proof_1_3|public|propext,Quot.sound
AUDIT_AXIOMS|Lagartijas|LagartijasGao.inicio_aumentado|public|
AUDIT_AXIOMS|Lagartijas|LagartijasGao.riesgo_antitono|public|propext,Classical.choice,Quot.sound
AUDIT_AXIOMS|Lagartijas|LagartijasGao.reloj_determinista._proof_1_3|public|propext,Quot.sound
AUDIT_AXIOMS|Lagartijas|LagartijasGao.log_cuarta._proof_1_2|public|propext,Quot.sound
AUDIT_AXIOMS|Lagartijas|_private.Lagartijas.0.GuardiasGao.guardia.match_1.splitter._sparseCasesOn_2|private|propext
AUDIT_AXIOMS|Lagartijas|LagartijasGao.riesgo_hueco.eq_def|public|propext,Classical.choice,Quot.sound
AUDIT_AXIOMS|Lagartijas|LagartijasGao.muchas_entradas._proof_1_4|public|propext,Classical.choice,Quot.sound
AUDIT_AXIOMS|Lagartijas|LagartijasGao.objetivo|public|propext,Classical.choice,Quot.sound
AUDIT_AXIOMS|Lagartijas|LagartijasGao.dos_adica_mitad._proof_1_1|public|propext,Quot.sound
AUDIT_AXIOMS|Lagartijas|_private.Lagartijas.0.LagartijasGao.riesgo_hueco.match_1.eq_1|private|
AUDIT_AXIOMS|Lagartijas|LagartijasGao.reloj_determinista._simp_1_5|public|propext
AUDIT_AXIOMS|Lagartijas|LagartijasGao.theta_deriva._proof_1_1|public|propext,Quot.sound
AUDIT_AXIOMS|Lagartijas|LagartijasGao.riesgo_hueco.eq_1|public|propext,Classical.choice,Quot.sound
AUDIT_AXIOMS|Lagartijas|_private.Lagartijas.0.GuardiasGao.guardia.match_1.splitter|private|propext
AUDIT_AXIOMS|Lagartijas|LagartijasGao.cruza_cabeza|public|propext,Classical.choice,Quot.sound
AUDIT_AXIOMS|Lagartijas|LagartijasGao.Aumentado.mk._flat_ctor|public|
AUDIT_AXIOMS|Lagartijas|LagartijasGao.riesgo_entrada._proof_1_3|public|propext,Quot.sound
AUDIT_AXIOMS|Lagartijas|LagartijasGao.cierre_frontera|public|propext,Classical.choice,Quot.sound
AUDIT_AXIOMS|Lagartijas|_private.Lagartijas.0.LagartijasGao.peso.match_1.eq_3|private|propext
AUDIT_AXIOMS|Lagartijas|LagartijasGao.riesgo_entrada._proof_1_2|public|propext,Quot.sound
AUDIT_AXIOMS|Lagartijas|LagartijasGao.mag_real._proof_1_1|public|propext,Quot.sound
AUDIT_AXIOMS|Lagartijas|LagartijasGao.aumentado_z|public|propext,Classical.choice,Quot.sound
AUDIT_AXIOMS|Lagartijas|LagartijasGao.reloj_determinista._proof_1_8|public|propext,Classical.choice,Quot.sound
AUDIT_AXIOMS|Lagartijas|LagartijasGao.riesgo_frontera|public|propext,Classical.choice,Quot.sound
AUDIT_AXIOMS|Lagartijas|LagartijasGao.Aumentado.ctorIdx|public|
AUDIT_AXIOMS|Lagartijas|LagartijasGao.presupuesto_lagartijas|public|propext,Classical.choice,Quot.sound
AUDIT_AXIOMS|Lagartijas|LagartijasGao.surv_cero|public|propext,Classical.choice,Quot.sound
AUDIT_AXIOMS|Lagartijas|LagartijasGao.reloj_determinista._proof_1_6|public|propext,Classical.choice,Quot.sound
AUDIT_AXIOMS|Lagartijas|LagartijasGao.riesgo_hueco.match_1|public|
AUDIT_AXIOMS|Lagartijas|LagartijasGao.Aumentado._sizeOf_inst|public|
AUDIT_AXIOMS|Lagartijas|LagartijasGao.peso_uno_minimo|public|propext,Classical.choice,Quot.sound
AUDIT_AXIOMS|Lagartijas|LagartijasGao.Aumentado.noConfusionType|public|
AUDIT_AXIOMS|Lagartijas|LagartijasGao.Aumentado.ok|public|
AUDIT_AXIOMS|Lagartijas|GuardiasGao.guardia.eq_1|public|propext
AUDIT_AXIOMS|Lagartijas|LagartijasGao.paso_uno_impar_cierto|public|propext
AUDIT_AXIOMS|Lagartijas|LagartijasGao.dos_adica.eq_1|public|propext,Classical.choice,Quot.sound
AUDIT_AXIOMS|Lagartijas|_private.Lagartijas.0.GuardiasGao.entrada.match_1.splitter._sparseCasesOn_2|private|propext
AUDIT_AXIOMS|Lagartijas|LagartijasGao.riesgo_excursion._proof_1_5|public|propext,Quot.sound
AUDIT_AXIOMS|Lagartijas|LagartijasGao.crecimiento|public|propext,Quot.sound
AUDIT_AXIOMS|Lagartijas|_private.Lagartijas.0.LagartijasGao.peso.match_1.eq_2|private|propext
AUDIT_AXIOMS|Lagartijas|LagartijasGao.dos_adica_impar|public|propext,Classical.choice,Quot.sound
AUDIT_AXIOMS|Lagartijas|LagartijasGao.pocas_entradas|public|propext,Classical.choice,Quot.sound
AUDIT_AXIOMS|Lagartijas|LagartijasGao.cf_f|public|propext,Classical.choice,Quot.sound
AUDIT_AXIOMS|Lagartijas|_private.Lagartijas.0.LagartijasGao.peso.match_1.splitter|private|propext
AUDIT_AXIOMS|Lagartijas|LagartijasGao.peso._sparseCasesOn_1|public|propext
AUDIT_AXIOMS|Lagartijas|LagartijasGao.reloj_determinista._proof_1_7|public|propext,Classical.choice,Quot.sound
AUDIT_AXIOMS|Lagartijas|LagartijasGao.potencial_hijo|public|propext,Classical.choice,Quot.sound
AUDIT_AXIOMS|Lagartijas|LagartijasGao.riesgo_cotas|public|propext,Classical.choice,Quot.sound
AUDIT_AXIOMS|Lagartijas|LagartijasGao.dos_adica_tres_mitad._proof_1_2|public|propext,Quot.sound
AUDIT_AXIOMS|Lagartijas|LagartijasGao.lagartijas._proof_1_2|public|propext,Quot.sound
AUDIT_AXIOMS|Lagartijas|LagartijasGao.objetivo_dominado|public|propext,Classical.choice,Quot.sound
AUDIT_AXIOMS|Lagartijas|LagartijasGao.lagartijas._proof_1_3|public|propext,Quot.sound
AUDIT_AXIOMS|Lagartijas|LagartijasGao.muchas_entradas._proof_1_5|public|propext,Classical.choice,Quot.sound
AUDIT_AXIOMS|Lagartijas|LagartijasGao.cola_parametros|public|propext,Classical.choice,Quot.sound
AUDIT_AXIOMS|Lagartijas|LagartijasGao.Aumentado.z|public|
AUDIT_AXIOMS|Lagartijas|LagartijasGao.presupuesto_lagartijas._proof_1_1|public|propext,Quot.sound
AUDIT_AXIOMS|Lagartijas|GuardiasGao.entrada.eq_1|public|propext
AUDIT_AXIOMS|Lagartijas|LagartijasGao.rama|public|propext,Classical.choice,Quot.sound
AUDIT_AXIOMS|Lagartijas|LagartijasGao.activo.eq_1|public|
AUDIT_AXIOMS|Lagartijas|LagartijasGao.Aumentado.mk|public|
AUDIT_AXIOMS|Lagartijas|LagartijasGao.crecimiento._proof_1_2|public|propext,Quot.sound
AUDIT_AXIOMS|Lagartijas|LagartijasGao.riesgo_hueco._sunfold|public|propext,Classical.choice,Quot.sound
AUDIT_AXIOMS|Lagartijas|LagartijasGao.tamano_vivo|public|propext,Classical.choice,Quot.sound
AUDIT_AXIOMS|Lagartijas|LagartijasGao.riesgo_hueco|public|propext,Classical.choice,Quot.sound
AUDIT_AXIOMS|Lagartijas|_private.Lagartijas.0.GuardiasGao.guardia.match_1.eq_2|private|propext
AUDIT_AXIOMS|Lagartijas|LagartijasGao.dos_adica_tres_mitad|public|propext,Classical.choice,Quot.sound
AUDIT_AXIOMS|Lagartijas|LagartijasGao.contribucion|public|propext,Classical.choice,Quot.sound
AUDIT_AXIOMS|Lagartijas|LagartijasGao.frontera_uno|public|propext,Classical.choice,Quot.sound
AUDIT_AXIOMS|Lagartijas|LagartijasGao.pocas_entradas_abstracta._proof_1_1|public|propext,Quot.sound
AUDIT_AXIOMS|Lagartijas|LagartijasGao.lagartijas|public|propext,Classical.choice,Quot.sound
AUDIT_AXIOMS|Lagartijas|LagartijasGao.deriva_frontera._proof_1_10|public|propext,Quot.sound
AUDIT_AXIOMS|Lagartijas|LagartijasGao.deriva_frontera._proof_1_12|public|propext,Classical.choice,Quot.sound
AUDIT_AXIOMS|Lagartijas|LagartijasGao.potencial_superarmonico._proof_1_2|public|propext,Quot.sound
AUDIT_AXIOMS|Lagartijas|LagartijasGao.riesgo_hueco._proof_1|public|propext
AUDIT_AXIOMS|Lagartijas|LagartijasGao.riesgo_inactivo|public|propext,Classical.choice,Quot.sound
AUDIT_AXIOMS|Lagartijas|LagartijasGao.Aumentado.mk.inj|public|
AUDIT_AXIOMS|Lagartijas|LagartijasGao.riesgo_excursion._proof_1_1|public|propext,Quot.sound
AUDIT_AXIOMS|Lagartijas|LagartijasGao.vivo_recorre_inicio|public|propext
AUDIT_AXIOMS|Lagartijas|LagartijasGao.peso.eq_1|public|propext,Classical.choice,Quot.sound
AUDIT_AXIOMS|Lagartijas|LagartijasGao.deriva_frontera._proof_1_9|public|propext,Quot.sound
AUDIT_AXIOMS|Lagartijas|LagartijasGao.riesgo_uno|public|propext,Classical.choice,Quot.sound
AUDIT_AXIOMS|Lagartijas|LagartijasGao.riesgo_no_negativo|public|propext,Classical.choice,Quot.sound
AUDIT_AXIOMS|Lagartijas|LagartijasGao.guardia_desde_interior|public|propext,Classical.choice,Quot.sound
AUDIT_AXIOMS|Lagartijas|_private.Lagartijas.0.GuardiasGao.entrada.match_1.eq_1|private|propext
AUDIT_AXIOMS|Lagartijas|LagartijasGao.peso|public|propext,Classical.choice,Quot.sound
AUDIT_AXIOMS|Lagartijas|LagartijasGao.riesgo_hueco._f|public|propext,Classical.choice,Quot.sound
AUDIT_AXIOMS|Lagartijas|LagartijasGao.objetivo_cruce|public|propext,Classical.choice,Quot.sound
AUDIT_AXIOMS|Lagartijas|LagartijasGao.deriva_frontera._proof_1_11|public|propext,Quot.sound
AUDIT_AXIOMS|Lagartijas|LagartijasGao.cuenta_aumentado._proof_1_2|public|propext,Classical.choice,Quot.sound
AUDIT_AXIOMS|Lagartijas|LagartijasGao.cuenta_aumentado._proof_1_3|public|propext,Classical.choice,Quot.sound
AUDIT_AXIOMS|Lagartijas|LagartijasGao.aumentado_ok|public|propext,Classical.choice,Quot.sound
AUDIT_AXIOMS|Lagartijas|LagartijasGao.potencial_superarmonico._proof_1_6|public|propext,Quot.sound
AUDIT_AXIOMS|Lagartijas|LagartijasGao.alcanza_cruce|public|propext,Classical.choice,Quot.sound
AUDIT_AXIOMS|Lagartijas|LagartijasGao.aumentado_sigue|public|propext,Classical.choice,Quot.sound
AUDIT_AXIOMS|Lagartijas|_private.Lagartijas.0.GuardiasGao.entrada.match_1.splitter|private|propext
AUDIT_AXIOMS|Lagartijas|LagartijasGao.cuenta_aumentado._proof_1_1|public|propext,Quot.sound
AUDIT_AXIOMS|Lagartijas|LagartijasGao.peso.eq_2|public|propext,Classical.choice,Quot.sound
AUDIT_AXIOMS|Lagartijas|LagartijasGao.dos_adica_doble|public|propext,Classical.choice,Quot.sound
AUDIT_AXIOMS|Lagartijas|LagartijasGao.Aumentado.mk.noConfusion|public|
AUDIT_AXIOMS|Lagartijas|LagartijasGao.Aumentado._sizeOf_1|public|
AUDIT_AXIOMS|Lagartijas|_private.Lagartijas.0.GuardiasGao.entrada.match_1.eq_2|private|propext
AUDIT_AXIOMS|Lagartijas|LagartijasGao.paso_cero_impar|public|propext
AUDIT_AXIOMS|Lagartijas|LagartijasGao.theta_potencia|public|propext,Classical.choice,Quot.sound
AUDIT_AXIOMS|Lagartijas|LagartijasGao.riesgo_excursion._proof_1_2|public|propext,Quot.sound
AUDIT_AXIOMS|Lagartijas|LagartijasGao.en_frontera.eq_3|public|propext
AUDIT_AXIOMS|Lagartijas|LagartijasGao.inicio_ensayo|public|
AUDIT_AXIOMS|Lagartijas|LagartijasGao.frontera_inicio._proof_1_1|public|propext,Quot.sound
AUDIT_AXIOMS|Lagartijas|LagartijasGao.riesgo_excursion._proof_1_3|public|propext,Quot.sound
AUDIT_AXIOMS|Lagartijas|LagartijasGao.contribucion_cota|public|propext,Classical.choice,Quot.sound
AUDIT_AXIOMS|Lagartijas|LagartijasGao.inicio_aumentado.eq_1|public|
AUDIT_AXIOMS|Lagartijas|LagartijasGao.riesgo_excursion|public|propext,Classical.choice,Quot.sound
AUDIT_AXIOMS|Lagartijas|LagartijasGao.riesgo_hueco.eq_2|public|propext,Classical.choice,Quot.sound
AUDIT_AXIOMS|Lagartijas|LagartijasGao.objetivo.eq_1|public|propext,Classical.choice,Quot.sound
AUDIT_AXIOMS|Lagartijas|LagartijasGao.deriva_frontera._proof_1_8|public|propext,Quot.sound
AUDIT_AXIOMS|Lagartijas|LagartijasGao.Aumentado.i|public|
AUDIT_AXIOMS|Lagartijas|_private.Lagartijas.0.LagartijasGao.riesgo_hueco.match_1.eq_2|private|
AUDIT_AXIOMS|Lagartijas|LagartijasGao.Aumentado.mk.injEq|public|propext
AUDIT_AXIOMS|Lagartijas|LagartijasGao.en_frontera|public|propext
AUDIT_AXIOMS|Lagartijas|LagartijasGao.activo_hijo|public|propext,Classical.choice,Quot.sound
AUDIT_AXIOMS|Lagartijas|LagartijasGao.paso_aumentado|public|propext,Classical.choice,Quot.sound
AUDIT_AXIOMS|Lagartijas|LagartijasGao.surv_fuera|public|propext,Classical.choice,Quot.sound
AUDIT_AXIOMS|Lagartijas|LagartijasGao.pocas_entradas_abstracta._proof_1_5|public|propext,Quot.sound
AUDIT_AXIOMS|Lagartijas|LagartijasGao.crecimiento._proof_1_1|public|propext,Quot.sound
AUDIT_AXIOMS|Lagartijas|LagartijasGao.cierre_frontera._proof_1_8|public|propext,Quot.sound
AUDIT_AXIOMS|Lagartijas|LagartijasGao.dos_adica_impar._proof_1_1|public|propext,Quot.sound
AUDIT_AXIOMS|Lagartijas|LagartijasGao.EstadoHueco|public|
AUDIT_AXIOMS|Lagartijas|LagartijasGao.paso_hueco|public|propext,Classical.choice,Quot.sound
AUDIT_AXIOMS|Lagartijas|LagartijasGao.entrada_desde_interior|public|propext
AUDIT_AXIOMS|Lagartijas|LagartijasGao.pocas_entradas._proof_1_1|public|propext,Quot.sound
AUDIT_AXIOMS|Lagartijas|LagartijasGao.cf_f._proof_1_1|public|propext,Quot.sound
AUDIT_AXIOMS|Lagartijas|LagartijasGao.ensayos_caben|public|propext,Quot.sound
AUDIT_AXIOMS|Lagartijas|LagartijasGao.en_frontera.eq_2|public|propext
AUDIT_AXIOMS|Lagartijas|LagartijasGao.lagartijas._proof_1_1|public|propext,Quot.sound
AUDIT_AXIOMS|Lagartijas|LagartijasGao.Aumentado.noConfusion|public|
AUDIT_AXIOMS|Lagartijas|LagartijasGao.dos_adica_tres_mitad._proof_1_1|public|propext,Quot.sound
AUDIT_AXIOMS|Lagartijas|LagartijasGao.presupuesto_lagartijas._proof_1_3|public|propext,Quot.sound
AUDIT_AXIOMS|Lagartijas|LagartijasGao.frontera_uno._proof_1_1|public|propext,Quot.sound
AUDIT_AXIOMS|Lagartijas|LagartijasGao.presupuesto_lagartijas._proof_1_2|public|propext,Quot.sound
AUDIT_AXIOMS|Lagartijas|LagartijasGao.pocas_entradas_abstracta|public|propext,Classical.choice,Quot.sound
AUDIT_AXIOMS|Lagartijas|LagartijasGao.surv.eq_1|public|propext,Classical.choice,Quot.sound
AUDIT_AXIOMS|Lagartijas|LagartijasGao.aumentado_indice|public|propext,Classical.choice,Quot.sound
AUDIT_AXIOMS|Lagartijas|LagartijasGao.potencial_hijo._proof_1_3|public|propext,Classical.choice,Quot.sound
AUDIT_AXIOMS|Lagartijas|LagartijasGao.peso_no_negativo|public|propext,Classical.choice,Quot.sound
AUDIT_AXIOMS|Lagartijas|LagartijasGao.objetivo_dominado._proof_1_1|public|propext,Quot.sound
AUDIT_AXIOMS|Lagartijas|_private.Lagartijas.0.LagartijasGao.peso.match_1.eq_1|private|propext
AUDIT_AXIOMS|Lagartijas|LagartijasGao.activo|public|
AUDIT_AXIOMS|Lagartijas|LagartijasGao.cola_parametros._proof_1_1|public|propext,Quot.sound
AUDIT_AXIOMS|Lagartijas|LagartijasGao.aumentado_reinicio|public|propext,Classical.choice,Quot.sound
AUDIT_AXIOMS|Lagartijas|LagartijasGao.paso_uno_par|public|propext
AUDIT_AXIOMS|Lagartijas|LagartijasGao.riesgo_entrada|public|propext,Classical.choice,Quot.sound
AUDIT_AXIOMS|Lagartijas|LagartijasGao.Aumentado.recOn|public|
AUDIT_AXIOMS|Lagartijas|LagartijasGao.paso_uno_impar_falso|public|propext
AUDIT_AXIOMS|Lagartijas|LagartijasGao.dos_adica_triple|public|propext,Classical.choice,Quot.sound
AUDIT_AXIOMS|Lagartijas|LagartijasGao.activo_tamano|public|propext,Classical.choice,Quot.sound
AUDIT_AXIOMS|Lagartijas|LagartijasGao.surv|public|propext,Classical.choice,Quot.sound
AUDIT_AXIOMS|Lagartijas|LagartijasGao.potencial_no_negativo|public|propext,Classical.choice,Quot.sound
AUDIT_AXIOMS|Lagartijas|LagartijasGao.dos_adica_mitad|public|propext,Classical.choice,Quot.sound
AUDIT_AXIOMS|Lagartijas|LagartijasGao.muchas_entradas|public|propext,Classical.choice,Quot.sound
AUDIT_AXIOMS|Lagartijas|LagartijasGao.inicio_ensayo.eq_1|public|
AUDIT_AXIOMS|Lagartijas|LagartijasGao.interior_hijo|public|propext
AUDIT_AXIOMS|Lagartijas|LagartijasGao.ensayos_caben._proof_1_1|public|propext,Quot.sound
AUDIT_AXIOMS|Lagartijas|LagartijasGao.theta_deriva|public|propext,Classical.choice,Quot.sound
AUDIT_AXIOMS|Lagartijas|LagartijasGao.peso._sparseCasesOn_1.else_eq|public|propext
AUDIT_AXIOMS|Lagartijas|LagartijasGao.entrada_sin_guardia|public|propext,Classical.choice,Quot.sound
AUDIT_AXIOMS|Lagartijas|LagartijasGao.riesgo_hueco._unsafe_rec|public|propext,Classical.choice,Quot.sound
AUDIT_AXIOMS|Lagartijas|LagartijasGao.potencial|public|propext,Classical.choice,Quot.sound
AUDIT_AXIOMS|Lagartijas|LagartijasGao.rama.eq_1|public|propext,Classical.choice,Quot.sound
AUDIT_AXIOMS|Lagartijas|LagartijasGao.dos_adica_cota|public|propext,Classical.choice,Quot.sound
AUDIT_AXIOMS|Lagartijas|LagartijasGao.deriva_frontera|public|propext,Classical.choice,Quot.sound
AUDIT_AXIOMS|Lagartijas|LagartijasGao.surv_cotas|public|propext,Classical.choice,Quot.sound
AUDIT_AXIOMS|Lagartijas|_private.Lagartijas.0.GuardiasGao.guardia.match_1.eq_1|private|propext
AUDIT_AXIOMS|Lagartijas|LagartijasGao.riesgo_excursion._proof_1_9|public|propext,Quot.sound
AUDIT_AXIOMS|Lagartijas|_private.Lagartijas.0.LagartijasGao.riesgo_hueco.match_1.splitter|private|
AUDIT_AXIOMS|Lagartijas|LagartijasGao.reloj_determinista._proof_1_4|public|propext,Quot.sound
AUDIT_AXIOMS|Lagartijas|LagartijasGao.dos_adica_mitad._proof_1_2|public|propext,Quot.sound
AUDIT_AXIOMS|Lagartijas|LagartijasGao.cuenta_aumentado|public|propext,Classical.choice,Quot.sound
AUDIT_AXIOMS|Lagartijas|LagartijasGao.peso.match_1|public|propext
AUDIT_AXIOMS|Lagartijas|LagartijasGao.log_cuarta._proof_1_1|public|propext,Quot.sound
AUDIT_AXIOMS|Lagartijas|LagartijasGao.presupuesto_lagartijas._proof_1_4|public|propext,Quot.sound
AUDIT_AXIOMS|Lagartijas|GuardiasGao.entrada.eq_2|public|propext
AUDIT_AXIOMS|Lagartijas|LagartijasGao.mag_real|public|propext,Classical.choice,Quot.sound
AUDIT_AXIOMS|Lagartijas|LagartijasGao.peso.eq_3|public|propext,Classical.choice,Quot.sound
AUDIT_AXIOMS|Lagartijas|LagartijasGao.potencial_superarmonico|public|propext,Classical.choice,Quot.sound
AUDIT_AXIOMS|Lagartijas|LagartijasGao.Aumentado.rec|public|
AUDIT_AXIOMS|Lagartijas|LagartijasGao.cota_excursion|public|propext,Classical.choice,Quot.sound
AUDIT_AXIOMS|Lagartijas|LagartijasGao.potencial_hijo._proof_1_4|public|propext,Quot.sound
AUDIT_AXIOMS|Lagartijas|LagartijasGao.aumentado_hueco|public|propext,Classical.choice,Quot.sound
AUDIT_AXIOMS|Lagartijas|LagartijasGao.paso_cero_par|public|propext
AUDIT_AXIOMS|Lagartijas|LagartijasGao.cierre_frontera._proof_1_6|public|propext,Quot.sound
AUDIT_AXIOMS|Lagartijas|LagartijasGao.potencial.eq_1|public|propext,Classical.choice,Quot.sound
AUDIT_AXIOMS|Lagartijas|LagartijasGao.Aumentado|public|
AUDIT_AXIOMS|Lagartijas|LagartijasGao.recorre_aumentado_z|public|propext,Classical.choice,Quot.sound
AUDIT_AXIOMS|Lagartijas|LagartijasGao.reloj_determinista|public|propext,Classical.choice,Quot.sound
AUDIT_AXIOMS|Lagartijas|LagartijasGao.log_cuarta|public|propext,Classical.choice,Quot.sound
AUDIT_AXIOMS|Lagartijas|LagartijasGao.peso_uno_cota|public|propext,Classical.choice,Quot.sound
AUDIT_AXIOMS|Lagartijas|LagartijasGao.cierre_frontera._proof_1_9|public|propext,Quot.sound
AUDIT_AXIOMS|Lagartijas|LagartijasGao.pow_uno_mas|public|propext,Classical.choice,Quot.sound
AUDIT_AXIOMS|Lagartijas|LagartijasGao.paso_hueco.eq_1|public|propext,Classical.choice,Quot.sound
AUDIT_AXIOMS|Lagartijas|LagartijasGao.vivo_hijo_ensayo|public|propext
AUDIT_AXIOMS|Lagartijas|LagartijasGao.riesgo_antitono_paso|public|propext,Classical.choice,Quot.sound
AUDIT_AXIOMS|Lagartijas|LagartijasGao.frontera_inicio|public|propext,Classical.choice,Quot.sound
AUDIT_AXIOMS|Martas|MartasGao.ensayos_grandes._proof_1_1|public|propext,Quot.sound
AUDIT_AXIOMS|Martas|MartasGao.cantidad_cota|public|propext,Quot.sound
AUDIT_AXIOMS|Martas|GuardiasGao.duracion.eq_1|public|propext
AUDIT_AXIOMS|Martas|MartasGao.umbral_cota._proof_1_2|public|propext,Quot.sound
AUDIT_AXIOMS|Martas|MartasGao.umbral_cota._proof_1_3|public|propext,Quot.sound
AUDIT_AXIOMS|Martas|MartasGao.ensayos_grandes._proof_1_13|public|propext,Quot.sound
AUDIT_AXIOMS|Martas|MartasGao.margen_cota|public|propext,Classical.choice,Quot.sound
AUDIT_AXIOMS|Martas|MartasGao.martas._proof_1_1|public|propext,Quot.sound
AUDIT_AXIOMS|Martas|MartasGao.palabra_cota._proof_1_4|public|propext,Quot.sound
AUDIT_AXIOMS|Martas|MartasGao.tiempo_cota._proof_1_2|public|propext,Quot.sound
AUDIT_AXIOMS|Martas|MartasGao.tiempo_cota._proof_1_3|public|propext,Quot.sound
AUDIT_AXIOMS|Martas|MartasGao.existe_m._proof_1_2|public|propext,Quot.sound
AUDIT_AXIOMS|Martas|MartasGao.existe_m._proof_1_3|public|propext,Quot.sound
AUDIT_AXIOMS|Martas|MartasGao.margen_cota._proof_1_1|public|propext,Quot.sound
AUDIT_AXIOMS|Martas|MartasGao.horizonte_cota|public|propext,Classical.choice,Quot.sound
AUDIT_AXIOMS|Martas|MartasGao.ensayos_grandes._proof_1_8|public|propext,Quot.sound
AUDIT_AXIOMS|Martas|MartasGao.cuadratica_potencia._proof_1_1|public|propext,Quot.sound
AUDIT_AXIOMS|Martas|MartasGao.lineal_potencia._proof_1_1|public|propext,Quot.sound
AUDIT_AXIOMS|Martas|MartasGao.umbral_cota._proof_1_4|public|propext,Quot.sound
AUDIT_AXIOMS|Martas|MartasGao.cola_ensayos|public|propext,Classical.choice,Quot.sound
AUDIT_AXIOMS|Martas|MartasGao.duracion_cota._proof_1_1|public|propext,Quot.sound
AUDIT_AXIOMS|Martas|MartasGao.riesgo_forma|public|propext,Classical.choice,Quot.sound
AUDIT_AXIOMS|Martas|MartasGao.ensayos_grandes|public|propext,Classical.choice,Quot.sound
AUDIT_AXIOMS|Martas|MartasGao.ensayos_grandes._proof_1_7|public|propext,Quot.sound
AUDIT_AXIOMS|Martas|MartasGao.polilog|public|propext,Classical.choice,Quot.sound
AUDIT_AXIOMS|Martas|MartasGao.palabra_cota._proof_1_2|public|propext,Quot.sound
AUDIT_AXIOMS|Martas|MartasGao.existe_m|public|propext,Classical.choice,Quot.sound
AUDIT_AXIOMS|Martas|MartasGao.palabra_cota._proof_1_3|public|propext,Quot.sound
AUDIT_AXIOMS|Martas|MartasGao.cuadratica_potencia|public|propext,Classical.choice,Quot.sound
AUDIT_AXIOMS|Martas|MartasGao.palabra_cota._proof_1_1|public|propext,Quot.sound
AUDIT_AXIOMS|Martas|MartasGao.riesgo_cota_general|public|propext,Classical.choice,Quot.sound
AUDIT_AXIOMS|Martas|MartasGao.duracion_cota|public|propext,Classical.choice,Quot.sound
AUDIT_AXIOMS|Martas|MartasGao.cantidad_cota._proof_1_1|public|propext,Quot.sound
AUDIT_AXIOMS|Martas|MartasGao.tiempo_cota|public|propext,Classical.choice,Quot.sound
AUDIT_AXIOMS|Martas|MartasGao.ensayos_grandes._proof_1_10|public|propext,Quot.sound
AUDIT_AXIOMS|Martas|MartasGao.ensayos_grandes._proof_1_12|public|propext,Quot.sound
AUDIT_AXIOMS|Martas|MartasGao.lineal_potencia|public|propext,Classical.choice,Quot.sound
AUDIT_AXIOMS|Martas|MartasGao.margen_cota._proof_1_2|public|propext,Quot.sound
AUDIT_AXIOMS|Martas|MartasGao.ensayos_grandes._proof_1_4|public|propext,Quot.sound
AUDIT_AXIOMS|Martas|MartasGao.umbral_cota|public|propext,Classical.choice,Quot.sound
AUDIT_AXIOMS|Martas|MartasGao.horizonte_cota._proof_1_1|public|propext,Quot.sound
AUDIT_AXIOMS|Martas|MartasGao.palabra_cota._proof_1_5|public|propext,Quot.sound
AUDIT_AXIOMS|Martas|MartasGao.polilog._proof_1_1|public|propext,Quot.sound
AUDIT_AXIOMS|Martas|MartasGao.existe_m._proof_1_1|public|propext,Quot.sound
AUDIT_AXIOMS|Martas|MartasGao.fusion_monotona|public|propext,Classical.choice,Quot.sound
AUDIT_AXIOMS|Martas|MartasGao.tiempo_cota._proof_1_1|public|propext,Quot.sound
AUDIT_AXIOMS|Martas|MartasGao.martas._proof_1_2|public|propext,Quot.sound
AUDIT_AXIOMS|Martas|MartasGao.umbral_cota._proof_1_1|public|propext,Quot.sound
AUDIT_AXIOMS|Martas|MartasGao.martas|public|propext,Classical.choice,Quot.sound
AUDIT_AXIOMS|Martas|MartasGao.palabra_cota|public|propext,Classical.choice,Quot.sound
AUDIT_AXIOMS|Martas|MartasGao.complemento_potencia|public|propext,Classical.choice,Quot.sound
AUDIT_AXIOMS|Martas|MartasGao.fusion_paso|public|propext,Classical.choice,Quot.sound
AUDIT_AXIOMS|Martas|MartasGao.ensayos_grandes._proof_1_2|public|propext,Quot.sound
AUDIT_AXIOMS|Martas|MartasGao.ensayos_grandes._proof_1_3|public|propext,Quot.sound
AUDIT_AXIOMS|Martas|MartasGao.cota_m|public|propext
AUDIT_AXIOMS|Martas|MartasGao.ensayos_grandes._proof_1_11|public|propext,Quot.sound
AUDIT_AXIOMS|Martas|MartasGao.ensayos_grandes._proof_1_9|public|propext,Quot.sound
AUDIT_AXIOMS|Martas|MartasGao.ensayos_grandes._proof_1_6|public|propext,Quot.sound
AUDIT_AXIOMS|Martas|MartasGao.existe_m._proof_1_4|public|propext,Quot.sound
AUDIT_AXIOMS|Tejonas|TejonasGao.Par|public|
AUDIT_AXIOMS|Tejonas|TejonasGao.canon_paso_cero._proof_1_15|public|propext,Quot.sound
AUDIT_AXIOMS|Tejonas|TejonasGao.iter_collatz|public|propext,Quot.sound
AUDIT_AXIOMS|Tejonas|TejonasGao.paso_par|public|
AUDIT_AXIOMS|Tejonas|TejonasGao.Tm_collatz._proof_1_4|public|propext,Quot.sound
AUDIT_AXIOMS|Tejonas|TejonasGao.canon_paso_alto._proof_1_11|public|propext,Quot.sound
AUDIT_AXIOMS|Tejonas|TejonasGao.gao|public|propext,Classical.choice,Quot.sound
AUDIT_AXIOMS|Tejonas|TejonasGao.Par.casesOn|public|
AUDIT_AXIOMS|Tejonas|TejonasGao.canon_rep|public|propext,Classical.choice,Quot.sound
AUDIT_AXIOMS|Tejonas|TejonasGao.canon_paso_x._proof_1_1|public|propext,Quot.sound
AUDIT_AXIOMS|Tejonas|TejonasGao.bit_gira._proof_1_3|public|propext,Quot.sound
AUDIT_AXIOMS|Tejonas|TejonasGao.canon_paso_cero._proof_1_5|public|propext,Quot.sound
AUDIT_AXIOMS|Tejonas|TejonasGao.paso_nivel_impar_alto._proof_1_1|public|propext,Quot.sound
AUDIT_AXIOMS|Tejonas|TejonasGao.Par.noConfusion|public|
AUDIT_AXIOMS|Tejonas|TejonasGao.afin|public|propext,Quot.sound
AUDIT_AXIOMS|Tejonas|TejonasGao.conteo_bloques._proof_1_4|public|propext,Quot.sound
AUDIT_AXIOMS|Tejonas|TejonasGao.Rep.noConfusionType|public|
AUDIT_AXIOMS|Tejonas|TejonasGao.canon_paso_alto._proof_1_19|public|propext,Quot.sound
AUDIT_AXIOMS|Tejonas|TejonasGao.iter|public|
AUDIT_AXIOMS|Tejonas|TejonasGao.canon_ancla._proof_1_1|public|propext,Quot.sound
AUDIT_AXIOMS|Tejonas|TejonasGao.sig.eq_1|public|propext
AUDIT_AXIOMS|Tejonas|TejonasGao.canon|public|propext
AUDIT_AXIOMS|Tejonas|TejonasGao.Rep.p|public|
AUDIT_AXIOMS|Tejonas|TejonasGao.canon_paso_alto._proof_1_6|public|propext,Quot.sound
AUDIT_AXIOMS|Tejonas|TejonasGao.fusion_clasica._proof_1_1|public|propext,Quot.sound
AUDIT_AXIOMS|Tejonas|TejonasGao.canon_paso_alto._proof_1_8|public|propext,Quot.sound
AUDIT_AXIOMS|Tejonas|TejonasGao.canon_otro|public|propext
AUDIT_AXIOMS|Tejonas|TejonasGao.canon_paso_cero|public|propext,Classical.choice,Quot.sound
AUDIT_AXIOMS|Tejonas|TejonasGao.canon_paso_alto._proof_1_26|public|propext,Quot.sound
AUDIT_AXIOMS|Tejonas|TejonasGao.paso_par.eq_1|public|
AUDIT_AXIOMS|Tejonas|TejonasGao.canon_paso_alto._proof_1_1|public|propext,Quot.sound
AUDIT_AXIOMS|Tejonas|TejonasGao.Par.mk.sizeOf_spec|public|
AUDIT_AXIOMS|Tejonas|TejonasGao.canon_paso_alto._proof_1_32|public|propext,Quot.sound
AUDIT_AXIOMS|Tejonas|TejonasGao.canon_paso_cero._proof_1_7|public|propext,Quot.sound
AUDIT_AXIOMS|Tejonas|TejonasGao.Par.rec|public|
AUDIT_AXIOMS|Tejonas|TejonasGao.paso_nivel_par|public|propext
AUDIT_AXIOMS|Tejonas|TejonasGao.canon_paso_alto._proof_1_31|public|propext,Quot.sound
AUDIT_AXIOMS|Tejonas|TejonasGao.bit_rep._proof_1_2|public|propext,Quot.sound
AUDIT_AXIOMS|Tejonas|TejonasGao.canon_paso_cero._proof_1_6|public|propext,Quot.sound
AUDIT_AXIOMS|Tejonas|TejonasGao.Rep.mk|public|
AUDIT_AXIOMS|Tejonas|TejonasGao.Tm_impar._proof_1_2|public|propext,Quot.sound
AUDIT_AXIOMS|Tejonas|TejonasGao.gira.eq_1|public|
AUDIT_AXIOMS|Tejonas|TejonasGao.canon_gira|public|propext,Classical.choice,Quot.sound
AUDIT_AXIOMS|Tejonas|TejonasGao.afin._proof_1_1|public|propext,Quot.sound
AUDIT_AXIOMS|Tejonas|TejonasGao.sig|public|propext
AUDIT_AXIOMS|Tejonas|TejonasGao.Par._sizeOf_1|public|
AUDIT_AXIOMS|Tejonas|TejonasGao.anclax.eq_1|public|
AUDIT_AXIOMS|Tejonas|TejonasGao.iter_collatz._proof_1_4|public|propext,Quot.sound
AUDIT_AXIOMS|Tejonas|TejonasGao.gao._proof_1_6|public|propext,Classical.choice,Quot.sound
AUDIT_AXIOMS|Tejonas|TejonasGao.Par.mk._flat_ctor|public|
AUDIT_AXIOMS|Tejonas|TejonasGao.Rep.casesOn|public|
AUDIT_AXIOMS|Tejonas|TejonasGao.canon_paso_cero._proof_1_14|public|propext,Quot.sound
AUDIT_AXIOMS|Tejonas|TejonasGao.canon_paso|public|propext,Classical.choice,Quot.sound
AUDIT_AXIOMS|Tejonas|TejonasGao.Par.q|public|
AUDIT_AXIOMS|Tejonas|TejonasGao.canon_paso_alto._proof_1_7|public|propext,Quot.sound
AUDIT_AXIOMS|Tejonas|TejonasGao.canon_paso_alto._proof_1_17|public|propext,Classical.choice,Quot.sound
AUDIT_AXIOMS|Tejonas|TejonasGao.imp.eq_1|public|
AUDIT_AXIOMS|Tejonas|TejonasGao.canon_gira._proof_1_2|public|propext,Classical.choice,Quot.sound
AUDIT_AXIOMS|Tejonas|TejonasGao.canon_gira._proof_1_3|public|propext,Classical.choice,Quot.sound
AUDIT_AXIOMS|Tejonas|TejonasGao.decide_uno_mas._proof_1_1|public|propext,Quot.sound
AUDIT_AXIOMS|Tejonas|TejonasGao.decide_uno_mas|public|propext,Quot.sound
AUDIT_AXIOMS|Tejonas|TejonasGao.canon_rep._proof_1_3|public|propext,Quot.sound
AUDIT_AXIOMS|Tejonas|TejonasGao.Rep.mk.injEq|public|propext
AUDIT_AXIOMS|Tejonas|TejonasGao.gao._proof_1_3|public|propext,Classical.choice,Quot.sound
AUDIT_AXIOMS|Tejonas|TejonasGao.canon_paso_alto._proof_1_29|public|propext,Quot.sound
AUDIT_AXIOMS|Tejonas|TejonasGao.Par.mk.noConfusion|public|
AUDIT_AXIOMS|Tejonas|TejonasGao.canon_paso_cero._proof_1_12|public|propext,Quot.sound
AUDIT_AXIOMS|Tejonas|TejonasGao.canon_rep._proof_1_2|public|propext,Quot.sound
AUDIT_AXIOMS|Tejonas|TejonasGao.conteo_bloques._simp_1_1|public|propext
AUDIT_AXIOMS|Tejonas|TejonasGao.mag_pos|public|propext,Quot.sound
AUDIT_AXIOMS|Tejonas|TejonasGao.Rep._sizeOf_inst|public|
AUDIT_AXIOMS|Tejonas|TejonasGao.paso_cero|public|propext
AUDIT_AXIOMS|Tejonas|TejonasGao.gao._proof_1_5|public|propext,Classical.choice,Quot.sound
AUDIT_AXIOMS|Tejonas|TejonasGao.canon_paso_cero._proof_1_13|public|propext,Classical.choice,Quot.sound
AUDIT_AXIOMS|Tejonas|TejonasGao.suma_rep|public|propext,Classical.choice,Quot.sound
AUDIT_AXIOMS|Tejonas|TejonasGao.Rep.ctorIdx|public|
AUDIT_AXIOMS|Tejonas|TejonasGao.canon_rep._proof_1_5|public|propext,Quot.sound
AUDIT_AXIOMS|Tejonas|TejonasGao.Rep.mk.noConfusion|public|
AUDIT_AXIOMS|Tejonas|TejonasGao.Par.recOn|public|
AUDIT_AXIOMS|Tejonas|TejonasGao.canon_modulo|public|propext,Classical.choice,Quot.sound
AUDIT_AXIOMS|Tejonas|TejonasGao.Par.x|public|
AUDIT_AXIOMS|Tejonas|TejonasGao.Par.mk.injEq|public|propext
AUDIT_AXIOMS|Tejonas|TejonasGao.Tm_impar|public|propext,Quot.sound
AUDIT_AXIOMS|Tejonas|TejonasGao.paso_uno_impar|public|propext,Quot.sound
AUDIT_AXIOMS|Tejonas|TejonasGao.bit_rep|public|propext,Classical.choice,Quot.sound
AUDIT_AXIOMS|Tejonas|TejonasGao.canon_paso_alto._proof_1_15|public|propext,Quot.sound
AUDIT_AXIOMS|Tejonas|TejonasGao.iter_rep._proof_1_3|public|propext,Quot.sound
AUDIT_AXIOMS|Tejonas|TejonasGao.canon_paso_alto._proof_1_4|public|propext,Quot.sound
AUDIT_AXIOMS|Tejonas|TejonasGao.gao._simp_1_7|public|propext
AUDIT_AXIOMS|Tejonas|TejonasGao.conteo_bloques._simp_1_3|public|propext,Classical.choice,Quot.sound
AUDIT_AXIOMS|Tejonas|TejonasGao.Rep.a|public|
AUDIT_AXIOMS|Tejonas|TejonasGao.gao._simp_1_2|public|propext,Classical.choice,Quot.sound
AUDIT_AXIOMS|Tejonas|TejonasGao.imp_impar|public|propext,Quot.sound
AUDIT_AXIOMS|Tejonas|TejonasGao.paso_nivel_impar_falso|public|propext,Quot.sound
AUDIT_AXIOMS|Tejonas|TejonasGao.Par.y|public|
AUDIT_AXIOMS|Tejonas|TejonasGao.mag_neg|public|propext,Quot.sound
AUDIT_AXIOMS|Tejonas|TejonasGao.Rep.mk.inj|public|
AUDIT_AXIOMS|Tejonas|TejonasGao.gao._simp_1_10|public|propext
AUDIT_AXIOMS|Tejonas|TejonasGao.transporte._proof_1_2|public|propext,Classical.choice,Quot.sound
AUDIT_AXIOMS|Tejonas|TejonasGao.canon_paso_x|public|propext,Classical.choice,Quot.sound
AUDIT_AXIOMS|Tejonas|TejonasGao.canon_paso_cero._proof_1_8|public|propext,Quot.sound
AUDIT_AXIOMS|Tejonas|TejonasGao.canon_paso_alto._proof_1_30|public|propext,Quot.sound
AUDIT_AXIOMS|Tejonas|TejonasGao.canon_gira._proof_1_4|public|propext,Quot.sound
AUDIT_AXIOMS|Tejonas|TejonasGao.imp_impar._proof_1_2|public|propext,Quot.sound
AUDIT_AXIOMS|Tejonas|TejonasGao.Par.mk.inj|public|
AUDIT_AXIOMS|Tejonas|TejonasGao.conteo_bloques|public|propext,Classical.choice,Quot.sound
AUDIT_AXIOMS|Tejonas|TejonasGao.gao._proof_1_4|public|propext,Classical.choice,Quot.sound
AUDIT_AXIOMS|Tejonas|TejonasGao.iter_collatz._proof_1_6|public|propext,Quot.sound
AUDIT_AXIOMS|Tejonas|TejonasGao.decide_uno_mas._proof_1_2|public|propext,Quot.sound
AUDIT_AXIOMS|Tejonas|TejonasGao.canon_rep._proof_1_4|public|propext,Quot.sound
AUDIT_AXIOMS|Tejonas|TejonasGao.canon_paso_alto._proof_1_33|public|propext,Quot.sound
AUDIT_AXIOMS|Tejonas|TejonasGao.bit|public|
AUDIT_AXIOMS|Tejonas|TejonasGao.Rep.recOn|public|
AUDIT_AXIOMS|Tejonas|TejonasGao.gao._simp_1_12|public|propext,Classical.choice,Quot.sound
AUDIT_AXIOMS|Tejonas|TejonasGao.ancla_rep|public|propext,Classical.choice,Quot.sound
AUDIT_AXIOMS|Tejonas|TejonasGao.transporte|public|propext,Classical.choice,Quot.sound
AUDIT_AXIOMS|Tejonas|TejonasGao.canon_paso_cero._proof_1_3|public|propext,Classical.choice,Quot.sound
AUDIT_AXIOMS|Tejonas|TejonasGao.canon_paso_alto._proof_1_35|public|propext,Quot.sound
AUDIT_AXIOMS|Tejonas|TejonasGao.Rep.rec|public|
AUDIT_AXIOMS|Tejonas|TejonasGao.canon_paso_alto._proof_1_23|public|propext,Quot.sound
AUDIT_AXIOMS|Tejonas|TejonasGao.imp_par|public|propext
AUDIT_AXIOMS|Tejonas|TejonasGao.canon_paso_cero._proof_1_11|public|propext,Quot.sound
AUDIT_AXIOMS|Tejonas|TejonasGao.imp|public|
AUDIT_AXIOMS|Tejonas|TejonasGao.par_rep.eq_1|public|propext
AUDIT_AXIOMS|Tejonas|TejonasGao.canon_paso_cero._proof_1_9|public|propext,Quot.sound
AUDIT_AXIOMS|Tejonas|TejonasGao.afin._proof_1_2|public|propext,Quot.sound
AUDIT_AXIOMS|Tejonas|TejonasGao.paso_uno_impar._proof_1_1|public|propext,Quot.sound
AUDIT_AXIOMS|Tejonas|TejonasGao.afin._proof_1_3|public|propext,Quot.sound
AUDIT_AXIOMS|Tejonas|TejonasGao.bit_rep._proof_1_1|public|propext,Quot.sound
AUDIT_AXIOMS|Tejonas|TejonasGao.instDecidableAnclax|public|
AUDIT_AXIOMS|Tejonas|TejonasGao.par_rep|public|propext
AUDIT_AXIOMS|Tejonas|TejonasGao.Par.p|public|
AUDIT_AXIOMS|Tejonas|TejonasGao.gira_ancla._proof_1_2|public|propext,Classical.choice,Quot.sound
AUDIT_AXIOMS|Tejonas|TejonasGao.Rep.b|public|
AUDIT_AXIOMS|Tejonas|TejonasGao.paso_nivel_impar_alto|public|propext,Quot.sound
AUDIT_AXIOMS|Tejonas|TejonasGao.Rep|public|
AUDIT_AXIOMS|Tejonas|TejonasGao.Tm_collatz|public|propext,Quot.sound
AUDIT_AXIOMS|Tejonas|TejonasGao.iter_collatz._proof_1_5|public|propext,Quot.sound
AUDIT_AXIOMS|Tejonas|TejonasGao.Rep.q|public|
AUDIT_AXIOMS|Tejonas|TejonasGao.canon_paso_alto._proof_1_3|public|propext,Quot.sound
AUDIT_AXIOMS|Tejonas|TejonasGao.canon_paso_alto._proof_1_12|public|propext,Quot.sound
AUDIT_AXIOMS|Tejonas|TejonasGao.canon_paso_alto._proof_1_28|public|propext,Quot.sound
AUDIT_AXIOMS|Tejonas|TejonasGao.canon_paso_alto._proof_1_10|public|propext,Quot.sound
AUDIT_AXIOMS|Tejonas|TejonasGao.canon_paso_alto._proof_1_16|public|propext,Quot.sound
AUDIT_AXIOMS|Tejonas|TejonasGao.Tm|public|
AUDIT_AXIOMS|Tejonas|TejonasGao.canon_fusion|public|propext
AUDIT_AXIOMS|Tejonas|TejonasGao.canon_paso_alto._proof_1_9|public|propext,Quot.sound
AUDIT_AXIOMS|Tejonas|TejonasGao.fusion_clasica|public|propext,Quot.sound
AUDIT_AXIOMS|Tejonas|TejonasGao.suma_pares|public|propext,Classical.choice,Quot.sound
AUDIT_AXIOMS|Tejonas|TejonasGao.Par.mk|public|
AUDIT_AXIOMS|Tejonas|TejonasGao.conteo_bloques._proof_1_8|public|propext,Quot.sound
AUDIT_AXIOMS|Tejonas|TejonasGao.Rep._sizeOf_1|public|
AUDIT_AXIOMS|Tejonas|TejonasGao.collatz|public|
AUDIT_AXIOMS|Tejonas|TejonasGao.Rep.mk._flat_ctor|public|
AUDIT_AXIOMS|Tejonas|TejonasGao.bit_gira._proof_1_1|public|propext,Quot.sound
AUDIT_AXIOMS|Tejonas|TejonasGao.conteo_bloques._simp_1_5|public|propext,Classical.choice,Quot.sound
AUDIT_AXIOMS|Tejonas|TejonasGao.Tm_collatz._proof_1_2|public|propext,Quot.sound
AUDIT_AXIOMS|Tejonas|TejonasGao.Tm_collatz._proof_1_3|public|propext,Quot.sound
AUDIT_AXIOMS|Tejonas|TejonasGao.bit_gira|public|propext,Classical.choice,Quot.sound
AUDIT_AXIOMS|Tejonas|TejonasGao.canon_paso_alto._proof_1_20|public|propext,Quot.sound
AUDIT_AXIOMS|Tejonas|TejonasGao.gao._simp_1_1|public|propext,Quot.sound
AUDIT_AXIOMS|Tejonas|TejonasGao.anclax|public|
AUDIT_AXIOMS|Tejonas|TejonasGao.canon.eq_1|public|propext
AUDIT_AXIOMS|Tejonas|TejonasGao.tres_impar._proof_1_1|public|propext,Quot.sound
AUDIT_AXIOMS|Tejonas|TejonasGao.iter.eq_1|public|
AUDIT_AXIOMS|Tejonas|TejonasGao.iter_rep|public|propext,Classical.choice,Quot.sound
AUDIT_AXIOMS|Tejonas|TejonasGao.gao._simp_1_11|public|propext
AUDIT_AXIOMS|Tejonas|TejonasGao.bit_gira._proof_1_4|public|propext,Quot.sound
AUDIT_AXIOMS|Tejonas|TejonasGao.canon_paso_alto._proof_1_14|public|propext,Quot.sound
AUDIT_AXIOMS|Tejonas|TejonasGao.canon_ancla|public|propext,Quot.sound
AUDIT_AXIOMS|Tejonas|TejonasGao.canon_paso_alto._proof_1_22|public|propext,Quot.sound
AUDIT_AXIOMS|Tejonas|TejonasGao.Rep.mk.sizeOf_spec|public|
AUDIT_AXIOMS|Tejonas|TejonasGao.canon_paso_alto._proof_1_24|public|propext,Quot.sound
AUDIT_AXIOMS|Tejonas|TejonasGao.canon_paso_cero._proof_1_4|public|propext,Quot.sound
AUDIT_AXIOMS|Tejonas|TejonasGao.Par.noConfusionType|public|
AUDIT_AXIOMS|Tejonas|TejonasGao.mag_neg._proof_1_2|public|propext,Quot.sound
AUDIT_AXIOMS|Tejonas|TejonasGao.Rep.noConfusion|public|
AUDIT_AXIOMS|Tejonas|TejonasGao.gira_ancla|public|propext,Classical.choice,Quot.sound
AUDIT_AXIOMS|Tejonas|TejonasGao.afin._proof_1_4|public|propext,Quot.sound
AUDIT_AXIOMS|Tejonas|TejonasGao.canon_paso_alto|public|propext,Classical.choice,Quot.sound
AUDIT_AXIOMS|Tejonas|TejonasGao.Par._sizeOf_inst|public|
AUDIT_AXIOMS|Tejonas|TejonasGao.collatz.eq_1|public|
AUDIT_AXIOMS|Tejonas|TejonasGao.canon_paso_alto._proof_1_25|public|propext,Quot.sound
AUDIT_AXIOMS|Tejonas|TejonasGao.paso_rep|public|propext,Quot.sound
AUDIT_AXIOMS|Tejonas|TejonasGao.Par.ctorIdx|public|
AUDIT_AXIOMS|Tejonas|TejonasGao.mag_pos._proof_1_2|public|propext,Quot.sound
AUDIT_AXIOMS|Tejonas|TejonasGao.conteo_bloques._simp_1_7|public|propext,Quot.sound
AUDIT_AXIOMS|Tejonas|TejonasGao.sig_canon|public|propext,Classical.choice,Quot.sound
AUDIT_AXIOMS|Tejonas|TejonasGao.conteo_bloques._simp_1_6|public|propext,Classical.choice,Quot.sound
AUDIT_AXIOMS|Tejonas|TejonasGao.gao_encuentro|public|
AUDIT_AXIOMS|Tejonas|TejonasGao.canon_paso_alto._proof_1_27|public|propext,Quot.sound
AUDIT_AXIOMS|Tejonas|TejonasGao.mag_pos._proof_1_1|public|propext,Quot.sound
AUDIT_AXIOMS|Tejonas|TejonasGao.gao._simp_1_13|public|propext
AUDIT_AXIOMS|Tejonas|TejonasGao.canon_paso_alto._proof_1_13|public|propext,Quot.sound
AUDIT_AXIOMS|Tejonas|TejonasGao.canon_paso_alto._proof_1_21|public|propext,Quot.sound
AUDIT_AXIOMS|Tejonas|TejonasGao.canon_paso_alto._proof_1_34|public|propext,Quot.sound
AUDIT_AXIOMS|Tejonas|TejonasGao.tres_impar|public|propext,Classical.choice,Quot.sound
AUDIT_AXIOMS|Tejonas|TejonasGao.conteo_bloques._simp_1_2|public|propext,Quot.sound
AUDIT_AXIOMS|Tejonas|TejonasGao.Tm.eq_1|public|
AUDIT_AXIOMS|Tejonas|TejonasGao.canon_paso_alto._proof_1_18|public|propext,Quot.sound
AUDIT_AXIOMS|Tejonas|TejonasGao.gao._simp_1_8|public|propext
AUDIT_AXIOMS|Tejonas|TejonasGao.por_impar|public|propext
AUDIT_AXIOMS|Tejonas|TejonasGao.iter_collatz._proof_1_3|public|propext,Quot.sound
AUDIT_AXIOMS|Tejonas|TejonasGao.Tm_par|public|propext
AUDIT_AXIOMS|Tejonas|TejonasGao.paso_nivel_impar_falso._proof_1_1|public|propext,Quot.sound
AUDIT_AXIOMS|Tejonas|TejonasGao.gira|public|
AUDIT_AXIOMS|Tejonas|TejonasGao.mag_neg._proof_1_1|public|propext,Quot.sound
AUDIT_AXIOMS|Tejonas|TejonasGao.gao._simp_1_9|public|propext
AUDIT_AXIOMS|Tejonas|TejonasGao.bit.eq_1|public|
AUDIT_AXIOMS|GaoEnunciado|GaoEnunciado.f|public|
AUDIT_AXIOMS|GaoEnunciado|GaoEnunciado.encuentro.eq_1|public|
AUDIT_AXIOMS|GaoEnunciado|GaoEnunciado.encuentro|public|
AUDIT_AXIOMS|GaoEnunciado|GaoEnunciado.conjetura_gao|public|propext,Classical.choice,Quot.sound
AUDIT_AXIOMS|GaoEnunciado|TejonasGao.gao_encuentro.eq_1|public|
AUDIT_AXIOMS|Hienas|Hienas.equilibrio._proof_1_2|public|propext,Quot.sound
AUDIT_AXIOMS|Hienas|Hienas.equilibrio._proof_1_3|public|propext,Quot.sound
AUDIT_AXIOMS|Hienas|Hienas.triples.eq_2|public|
AUDIT_AXIOMS|Hienas|Hienas.dos_C._proof_1_2|public|propext,Quot.sound
AUDIT_AXIOMS|Hienas|Hienas.FormaGao|public|propext,Classical.choice,Quot.sound
AUDIT_AXIOMS|Hienas|Hienas.mitades|public|
AUDIT_AXIOMS|Hienas|Hienas.C_par|public|propext
AUDIT_AXIOMS|Hienas|Hienas.equilibrio._proof_1_5|public|propext,Quot.sound
AUDIT_AXIOMS|Hienas|Hienas.d_de_lagarias._simp_1_1|public|propext,Quot.sound
AUDIT_AXIOMS|Hienas|Hienas.dbarra|public|propext,Classical.choice,Quot.sound
AUDIT_AXIOMS|Hienas|Hienas.mitades.eq_2|public|
AUDIT_AXIOMS|Hienas|Hienas.suma_cuentas._proof_1_7|public|propext,Quot.sound
AUDIT_AXIOMS|Hienas|Hienas.C|public|
AUDIT_AXIOMS|Hienas|Hienas.sin_uno._proof_1_3|public|propext,Quot.sound
AUDIT_AXIOMS|Hienas|Hienas.dos_C|public|propext,Quot.sound
AUDIT_AXIOMS|Hienas|Hienas.mitades.eq_def|public|
AUDIT_AXIOMS|Hienas|Hienas.equilibrio|public|propext,Classical.choice,Quot.sound
AUDIT_AXIOMS|Hienas|Hienas.sin_uno._proof_1_2|public|propext,Quot.sound
AUDIT_AXIOMS|Hienas|Hienas.encuentro|public|
AUDIT_AXIOMS|Hienas|Hienas.gao_de_lagarias._proof_1_2|public|propext,Quot.sound
AUDIT_AXIOMS|Hienas|Hienas.equilibrio._proof_1_4|public|propext,Quot.sound
AUDIT_AXIOMS|Hienas|Hienas.gao_de_lagarias|public|propext,Classical.choice,Quot.sound
AUDIT_AXIOMS|Hienas|Hienas.triples._unsafe_rec|public|
AUDIT_AXIOMS|Hienas|Hienas.instDecidableCoalescen|public|
AUDIT_AXIOMS|Hienas|Hienas.mitades._sunfold|public|
AUDIT_AXIOMS|Hienas|Hienas.C_impar._proof_1_2|public|propext,Quot.sound
AUDIT_AXIOMS|Hienas|Hienas.d_de_lagarias|public|propext,Classical.choice,Quot.sound
AUDIT_AXIOMS|Hienas|Hienas.FormaGaoD|public|propext,Classical.choice,Quot.sound
AUDIT_AXIOMS|Hienas|Hienas.choque._proof_1_1|public|propext,Quot.sound
AUDIT_AXIOMS|Hienas|Hienas.gao_de_lagarias._proof_1_6|public|propext,Quot.sound
AUDIT_AXIOMS|Hienas|Hienas.C_impar|public|propext,Quot.sound
AUDIT_AXIOMS|Hienas|Hienas.invariante._proof_1_8|public|propext,Quot.sound
AUDIT_AXIOMS|Hienas|Hienas.gao_de_lagarias._simp_1_4|public|propext,Classical.choice,Quot.sound
AUDIT_AXIOMS|Hienas|Hienas.FormaLagarias|public|propext,Classical.choice,Quot.sound
AUDIT_AXIOMS|Hienas|_private.Hienas.0.Hienas.mitades.match_1.splitter|private|
AUDIT_AXIOMS|Hienas|Hienas.coalescen|public|
AUDIT_AXIOMS|Hienas|Hienas.d|public|propext,Classical.choice,Quot.sound
AUDIT_AXIOMS|Hienas|_private.Hienas.0.Hienas.mitades.match_1.eq_2|private|
AUDIT_AXIOMS|Hienas|Hienas.dbarra._proof_1|public|propext
AUDIT_AXIOMS|Hienas|Hienas.choque|public|propext,Classical.choice,Quot.sound
AUDIT_AXIOMS|Hienas|Hienas.gao_de_lagarias._proof_1_5|public|propext,Quot.sound
AUDIT_AXIOMS|Hienas|Hienas.suma_cuentas|public|propext,Quot.sound
AUDIT_AXIOMS|Hienas|Hienas.invariante._proof_1_9|public|propext,Quot.sound
AUDIT_AXIOMS|Hienas|Hienas.mitades._f|public|
AUDIT_AXIOMS|Hienas|_private.Hienas.0.Hienas.mitades.match_1.eq_1|private|
AUDIT_AXIOMS|Hienas|Hienas.mitades.eq_1|public|
AUDIT_AXIOMS|Hienas|Hienas.triples.eq_def|public|
AUDIT_AXIOMS|Hienas|Hienas.choque._proof_1_2|public|propext,Quot.sound
AUDIT_AXIOMS|Hienas|Hienas.choque._proof_1_3|public|propext,Quot.sound
AUDIT_AXIOMS|Hienas|Hienas.triples.eq_1|public|
AUDIT_AXIOMS|Hienas|Hienas.sin_uno|public|propext,Classical.choice,Quot.sound
AUDIT_AXIOMS|Hienas|Hienas.gao_de_lagarias._proof_1_1|public|propext,Quot.sound
AUDIT_AXIOMS|Hienas|Hienas.mitades.match_1|public|
AUDIT_AXIOMS|Hienas|Hienas.invariante|public|propext,Classical.choice,Quot.sound
AUDIT_AXIOMS|Hienas|Hienas.cota_inferior|public|propext,Quot.sound
AUDIT_AXIOMS|Hienas|Hienas.sin_uno._proof_1_1|public|propext,Quot.sound
AUDIT_AXIOMS|Hienas|Hienas.mitades._unsafe_rec|public|
AUDIT_AXIOMS|Hienas|Hienas.triples._sunfold|public|
AUDIT_AXIOMS|Hienas|Hienas.C.eq_1|public|
AUDIT_AXIOMS|Hienas|Hienas.triples|public|
AUDIT_AXIOMS|Hienas|Hienas.gao_de_lagarias._simp_1_3|public|propext,Quot.sound
AUDIT_AXIOMS|Hienas|Hienas.dos_C._proof_1_1|public|propext,Quot.sound
AUDIT_AXIOMS|Hienas|Hienas.equilibrio._proof_1_1|public|propext,Quot.sound
AUDIT_AXIOMS|Hienas|Hienas.puente|public|propext,Classical.choice,Quot.sound
AUDIT_AXIOMS|Hienas|Hienas.triples._f|public|
AUDIT_AXIOMS|Hienas|Hienas.equilibrio._proof_1_6|public|propext,Quot.sound
AUDIT_AXIOMS|Hienas|Hienas.suma_cuentas._proof_1_8|public|propext,Quot.sound
AUDIT_AXIOMS|Hienas|Hienas.invariante._proof_1_7|public|propext,Quot.sound
AUDIT_AXIOMS|GaoLiteral|GaoLiteral.lagarias|public|propext,Classical.choice,Quot.sound
AUDIT_AXIOMS|GaoLiteral|GaoLiteral.conjetura_gao_literal|public|propext,Classical.choice,Quot.sound
AUDIT_AXIOMS|TwoSiblingNonreturn|CollatzCanonical.BoundedInverseSeed.no_return_or_no_return_of_same_successor|public|propext,Classical.choice,Quot.sound
AUDIT_AXIOMS|BoundedInverseResidueSeed|CollatzCanonical.BoundedInverseSeed.exists_bounded_nonreturning_predecessor_in_residue|public|propext,Classical.choice,Quot.sound
AUDIT_AXIOMS|BoundedInverseResidueSeed|CollatzCanonical.BoundedInverseSeed.exists_generalTargetRoot_start_bounded._proof_1_2|public|propext,Quot.sound
AUDIT_AXIOMS|BoundedInverseResidueSeed|CollatzCanonical.BoundedInverseSeed.exists_generalTargetRoot_start_bounded._proof_1_3|public|propext,Quot.sound
AUDIT_AXIOMS|BoundedInverseResidueSeed|CollatzCanonical.BoundedInverseSeed.exists_generalTargetRoot_start_bounded|public|propext,Classical.choice,Quot.sound
AUDIT_AXIOMS|BoundedInverseResidueSeed|CollatzCanonical.BoundedInverseSeed.exists_bounded_nonreturning_predecessor_in_residue._proof_1_1|public|propext,Classical.choice,Quot.sound
AUDIT_AXIOMS|BoundedInverseResidueSeed|CollatzCanonical.BoundedInverseSeed.exists_bounded_nonreturning_predecessor_in_residue._proof_1_2|public|propext,Classical.choice,Quot.sound
AUDIT_AXIOMS|BoundedInverseResidueSeed|CollatzCanonical.BoundedInverseSeed.exists_bounded_nonreturning_predecessor_in_residue._proof_1_3|public|propext,Classical.choice,Quot.sound
AUDIT_AXIOMS|BoundedInverseResidueSeed|CollatzCanonical.BoundedInverseSeed.exists_generalTargetRoot_start_bounded._simp_1_1|public|propext
AUDIT_AXIOMS|BoundedInverseResidueSeed|CollatzCanonical.BoundedInverseSeed.generalTargetRoot_strictMono|public|propext,Classical.choice,Quot.sound
AUDIT_AXIOMS|BoundedInverseResidueSeed|CollatzCanonical.BoundedInverseSeed.generalTargetRoot_le_explicit_multiple._proof_1_1|public|propext,Quot.sound
AUDIT_AXIOMS|BoundedInverseResidueSeed|CollatzCanonical.BoundedInverseSeed.generalTargetRoot_le_explicit_multiple|public|propext,Classical.choice,Quot.sound
AUDIT_AXIOMS|BoundedInverseResidueSeed|CollatzCanonical.BoundedInverseSeed.exists_generalTargetRoot_start_bounded._proof_1_4|public|propext,Quot.sound
AUDIT_AXIOMS|BoundedFrozenSeed|CollatzCanonical.BoundedInverseSeed.exists_bounded_generalTarget_uniform_twoThirds_seed._proof_1_1|public|propext,Quot.sound
AUDIT_AXIOMS|BoundedFrozenSeed|CollatzCanonical.BoundedInverseSeed.exists_bounded_generalTarget_full_core_mark|public|propext,Classical.choice,Quot.sound
AUDIT_AXIOMS|BoundedFrozenSeed|CollatzCanonical.BoundedInverseSeed.frozenSeedHeightMultiplier|public|propext
AUDIT_AXIOMS|BoundedFrozenSeed|CollatzCanonical.BoundedInverseSeed.exists_bounded_generalTarget_core_sequence_seed._proof_1_1|public|propext,Quot.sound
AUDIT_AXIOMS|BoundedFrozenSeed|CollatzCanonical.BoundedInverseSeed.exists_bounded_generalTarget_uniform_twoThirds_seed._proof_1_2|public|propext,Quot.sound
AUDIT_AXIOMS|BoundedFrozenSeed|CollatzCanonical.BoundedInverseSeed.exists_bounded_generalTarget_uniform_twoThirds_seed._proof_1_3|public|propext,Quot.sound
AUDIT_AXIOMS|BoundedFrozenSeed|CollatzCanonical.BoundedInverseSeed.exists_bounded_generalTarget_uniform_twoThirds_seed|public|propext,Classical.choice,Quot.sound
AUDIT_AXIOMS|BoundedFrozenSeed|CollatzCanonical.BoundedInverseSeed.exists_bounded_generalTarget_core_sequence_seed|public|propext,Classical.choice,Quot.sound
AUDIT_AXIOMS|SixthPowerMixingBudget|CollatzCanonical.BoundedInverseSeed.sixth_mixing_as_quadratic|public|propext,Classical.choice,Quot.sound
AUDIT_AXIOMS|SixthPowerMixingBudget|CollatzCanonical.BoundedInverseSeed.sixth_power_square_budget|public|propext,Classical.choice,Quot.sound
AUDIT_AXIOMS|SixthPowerMixingBudget|CollatzCanonical.BoundedInverseSeed.sixth_mixing_as_quadratic._simp_1_2|public|propext
AUDIT_AXIOMS|SixthPowerMixingBudget|CollatzCanonical.BoundedInverseSeed.sixth_mixing_as_quadratic._simp_1_6|public|propext
AUDIT_AXIOMS|SixthPowerMixingBudget|CollatzCanonical.BoundedInverseSeed.sixth_mixing_as_quadratic._simp_1_7|public|propext,Classical.choice,Quot.sound
AUDIT_AXIOMS|SixthPowerMixingBudget|CollatzCanonical.BoundedInverseSeed.sixth_mixing_as_quadratic._simp_1_4|public|propext
AUDIT_AXIOMS|SixthPowerMixingBudget|CollatzCanonical.BoundedInverseSeed.sixth_power_square_budget._simp_1_5|public|propext
AUDIT_AXIOMS|SixthPowerMixingBudget|CollatzCanonical.BoundedInverseSeed.sixth_mixing_as_quadratic._simp_1_8|public|propext
AUDIT_AXIOMS|SixthPowerMixingBudget|CollatzCanonical.BoundedInverseSeed.sixth_power_square_budget._simp_1_6|public|propext
AUDIT_AXIOMS|SixthPowerMixingBudget|CollatzCanonical.BoundedInverseSeed.sixth_power_square_budget._simp_1_4|public|propext
AUDIT_AXIOMS|SixthPowerMixingBudget|CollatzCanonical.BoundedInverseSeed.sixth_power_square_budget._simp_1_7|public|propext,Classical.choice,Quot.sound
AUDIT_AXIOMS|SixthPowerMixingBudget|CollatzCanonical.BoundedInverseSeed.sixth_power_square_budget._simp_1_2|public|propext
AUDIT_AXIOMS|SixthPowerMixingBudget|CollatzCanonical.BoundedInverseSeed.sixth_power_square_budget._proof_1_1|public|propext,Quot.sound
AUDIT_AXIOMS|SixthPowerMixingBudget|CollatzCanonical.BoundedInverseSeed.sixth_mixing_as_quadratic._simp_1_3|public|propext
AUDIT_AXIOMS|SixthPowerMixingBudget|CollatzCanonical.BoundedInverseSeed.sixth_mixing_as_quadratic._simp_1_5|public|propext
AUDIT_AXIOMS|SixthPowerMixingBudget|CollatzCanonical.BoundedInverseSeed.sixth_mixing_as_quadratic._proof_1_1|public|propext,Quot.sound
AUDIT_AXIOMS|SixthPowerMixingBudget|CollatzCanonical.BoundedInverseSeed.sixth_power_square_budget._simp_1_3|public|propext
AUDIT_AXIOMS|SixthPowerMixingBudget|CollatzCanonical.BoundedInverseSeed.sixth_power_square_budget._simp_1_8|public|propext
AUDIT_AXIOMS|SeedDensityFloor|CollatzCanonical.BoundedInverseSeed.sixthRootDensityFloor_eq_depth|public|propext,Classical.choice,Quot.sound
AUDIT_AXIOMS|SeedDensityFloor|CollatzCanonical.BoundedInverseSeed.sixthRootDensityFloor_antitone|public|propext,Classical.choice,Quot.sound
AUDIT_AXIOMS|SeedDensityFloor|CollatzCanonical.BoundedInverseSeed.seedMixingDepth|public|propext,Classical.choice,Quot.sound
AUDIT_AXIOMS|SeedDensityFloor|CollatzCanonical.BoundedInverseSeed.seedMixingDepth_one_le|public|propext,Classical.choice,Quot.sound
AUDIT_AXIOMS|SeedDensityFloor|CollatzCanonical.BoundedInverseSeed.seedConductorFloor._proof_1|public|propext
AUDIT_AXIOMS|SeedDensityFloor|CollatzCanonical.BoundedInverseSeed.sixthRootDensityFloor|public|propext,Classical.choice,Quot.sound
AUDIT_AXIOMS|SeedDensityFloor|CollatzCanonical.BoundedInverseSeed.seedMixingDepth.eq_1|public|propext,Classical.choice,Quot.sound
AUDIT_AXIOMS|SeedDensityFloor|CollatzCanonical.BoundedInverseSeed.seedConductorFloor_monotone|public|propext,Classical.choice,Quot.sound
AUDIT_AXIOMS|SeedDensityFloor|CollatzCanonical.BoundedInverseSeed.seedConductorFloor.eq_1|public|propext,Classical.choice,Quot.sound
AUDIT_AXIOMS|SeedDensityFloor|CollatzCanonical.BoundedInverseSeed.sixthRootDensityFloor_pos|public|propext,Classical.choice,Quot.sound
AUDIT_AXIOMS|SeedDensityFloor|CollatzCanonical.BoundedInverseSeed.seedMixingDepth_budget|public|propext,Classical.choice,Quot.sound
AUDIT_AXIOMS|SeedDensityFloor|CollatzCanonical.BoundedInverseSeed.sixthRootDensityFloor._proof_1|public|propext
AUDIT_AXIOMS|SeedDensityFloor|CollatzCanonical.BoundedInverseSeed.seedConductorFloor._proof_2|public|propext
AUDIT_AXIOMS|SeedDensityFloor|CollatzCanonical.BoundedInverseSeed.seedMixingDepth_one_le._proof_1_1|public|propext,Classical.choice,Quot.sound
AUDIT_AXIOMS|SeedDensityFloor|CollatzCanonical.BoundedInverseSeed.seedConductorFloor|public|propext,Classical.choice,Quot.sound
AUDIT_AXIOMS|SeedDensityFloor|CollatzCanonical.BoundedInverseSeed.sixthRootDensityFloor_ge_exp|public|propext,Classical.choice,Quot.sound
AUDIT_AXIOMS|SeedDensityFloor|CollatzCanonical.BoundedInverseSeed.sixthRootDensityFloor._proof_2|public|propext
AUDIT_AXIOMS|GenericSeedPredecessorCount|CollatzCanonical.BoundedInverseSeed.generalTarget_predecessors_seed_lower_density_at_depth._proof_1_1|public|propext,Quot.sound
AUDIT_AXIOMS|GenericSeedPredecessorCount|CollatzCanonical.BoundedInverseSeed.generalTarget_predecessors_seed_lower_density_at_depth._proof_1_2|public|propext,Quot.sound
AUDIT_AXIOMS|GenericSeedPredecessorCount|CollatzCanonical.BoundedInverseSeed.generalTarget_predecessors_seed_lower_density_at_depth._proof_1_3|public|propext,Quot.sound
AUDIT_AXIOMS|GenericSeedPredecessorCount|CollatzCanonical.BoundedInverseSeed.generalTarget_predecessors_seed_lower_density_at_depth|public|propext,Classical.choice,Quot.sound
AUDIT_AXIOMS|GenericSeedPredecessorCount|CollatzCanonical.BoundedInverseSeed.generalTarget_predecessors_seed_lower_density_at_depth._proof_1_4|public|propext,Classical.choice,Quot.sound
AUDIT_AXIOMS|BoundedPredecessorDensity|CollatzCanonical.BoundedInverseSeed.predecessorSeedGeneration|public|propext,Classical.choice,Quot.sound
AUDIT_AXIOMS|BoundedPredecessorDensity|CollatzCanonical.BoundedInverseSeed.predecessorSeedMultiplier_pos|public|propext,Classical.choice,Quot.sound
AUDIT_AXIOMS|BoundedPredecessorDensity|CollatzCanonical.BoundedInverseSeed.predecessorDensityFloor_ge_exp|public|propext,Classical.choice,Quot.sound
AUDIT_AXIOMS|BoundedPredecessorDensity|CollatzCanonical.BoundedInverseSeed.frozenSeedHeightMultiplier_pos|public|propext,Classical.choice,Quot.sound
AUDIT_AXIOMS|BoundedPredecessorDensity|CollatzCanonical.BoundedInverseSeed.predecessorDensityFloor_pos|public|propext,Classical.choice,Quot.sound
AUDIT_AXIOMS|BoundedPredecessorDensity|CollatzCanonical.BoundedInverseSeed.predecessorDensityFloor|public|propext,Classical.choice,Quot.sound
AUDIT_AXIOMS|BoundedPredecessorDensity|CollatzCanonical.BoundedInverseSeed.generalTarget_predecessors_explicit_lower_density|public|propext,Classical.choice,Quot.sound
AUDIT_AXIOMS|BoundedPredecessorDensity|CollatzCanonical.BoundedInverseSeed.predecessorSeedBase|public|propext
AUDIT_AXIOMS|BoundedPredecessorDensity|CollatzCanonical.BoundedInverseSeed.predecessorSeedMultiplier|public|propext,Classical.choice,Quot.sound
AUDIT_AXIOMS|ActualBasinExplicitLowerDensity|CollatzCanonical.BoundedInverseSeed.actual_basin_density_ge_explicit_exponential._proof_1_1|public|propext,Quot.sound
AUDIT_AXIOMS|ActualBasinExplicitLowerDensity|CollatzCanonical.BoundedInverseSeed.actual_basin_density_ge_explicit_floor|public|propext,Classical.choice,Quot.sound
AUDIT_AXIOMS|ActualBasinExplicitLowerDensity|CollatzCanonical.BoundedInverseSeed.actual_basin_density_ge_explicit_exponential|public|propext,Classical.choice,Quot.sound
AUDIT_AXIOMS|ActualBasinExplicitLowerDensity|CollatzCanonical.BoundedInverseSeed.actual_basin_density_ge_explicit_floor._proof_1_2|public|propext,Quot.sound
AUDIT_AXIOMS|ActualBasinExplicitLowerDensity|CollatzCanonical.BoundedInverseSeed.actual_basin_density_ge_explicit_floor._proof_1_1|public|propext,Quot.sound
AUDIT_AXIOMS|NativePredecessorMixingBridge|CollatzCanonical.BoundedInverseSeed.native_predecessor_fineScaleOscillation_eq|public|propext,Classical.choice,Quot.sound
AUDIT_AXIOMS|NativePredecessorMixingBridge|CollatzCanonical.BoundedInverseSeed.predecessor_mixing_each_positive_power|public|propext,Classical.choice,Quot.sound
AUDIT_AXIOMS|NativePredecessorMixingBridge|CollatzCanonical.BoundedInverseSeed.native_predecessor_syracPMF_eq|public|propext,Classical.choice,Quot.sound
AUDIT_AXIOMS|ArbitraryPowerMixingBudget|CollatzCanonical.BoundedInverseSeed.power_mixing_square_budget._simp_1_5|public|propext
AUDIT_AXIOMS|ArbitraryPowerMixingBudget|CollatzCanonical.BoundedInverseSeed.power_mixing_as_quadratic._simp_1_5|public|propext
AUDIT_AXIOMS|ArbitraryPowerMixingBudget|CollatzCanonical.BoundedInverseSeed.power_mixing_as_quadratic._simp_1_3|public|propext
AUDIT_AXIOMS|ArbitraryPowerMixingBudget|CollatzCanonical.BoundedInverseSeed.power_mixing_square_budget._simp_1_8|public|propext
AUDIT_AXIOMS|ArbitraryPowerMixingBudget|CollatzCanonical.BoundedInverseSeed.power_mixing_square_budget._simp_1_3|public|propext
AUDIT_AXIOMS|ArbitraryPowerMixingBudget|CollatzCanonical.BoundedInverseSeed.power_mixing_as_quadratic|public|propext,Classical.choice,Quot.sound
AUDIT_AXIOMS|ArbitraryPowerMixingBudget|CollatzCanonical.BoundedInverseSeed.power_mixing_as_quadratic._simp_1_8|public|propext
AUDIT_AXIOMS|ArbitraryPowerMixingBudget|CollatzCanonical.BoundedInverseSeed.power_mixing_as_quadratic._simp_1_6|public|propext
AUDIT_AXIOMS|ArbitraryPowerMixingBudget|CollatzCanonical.BoundedInverseSeed.power_mixing_as_quadratic._simp_1_2|public|propext
AUDIT_AXIOMS|ArbitraryPowerMixingBudget|CollatzCanonical.BoundedInverseSeed.power_mixing_as_quadratic._simp_1_7|public|propext,Classical.choice,Quot.sound
AUDIT_AXIOMS|ArbitraryPowerMixingBudget|CollatzCanonical.BoundedInverseSeed.power_mixing_as_quadratic._simp_1_4|public|propext
AUDIT_AXIOMS|ArbitraryPowerMixingBudget|CollatzCanonical.BoundedInverseSeed.power_mixing_square_budget._proof_1_1|public|propext,Quot.sound
AUDIT_AXIOMS|ArbitraryPowerMixingBudget|CollatzCanonical.BoundedInverseSeed.power_mixing_square_budget._simp_1_2|public|propext
AUDIT_AXIOMS|ArbitraryPowerMixingBudget|CollatzCanonical.BoundedInverseSeed.power_mixing_square_budget._simp_1_6|public|propext
AUDIT_AXIOMS|ArbitraryPowerMixingBudget|CollatzCanonical.BoundedInverseSeed.power_mixing_square_budget._simp_1_4|public|propext
AUDIT_AXIOMS|ArbitraryPowerMixingBudget|CollatzCanonical.BoundedInverseSeed.power_mixing_square_budget._simp_1_7|public|propext,Classical.choice,Quot.sound
AUDIT_AXIOMS|ArbitraryPowerMixingBudget|CollatzCanonical.BoundedInverseSeed.power_mixing_square_budget|public|propext,Classical.choice,Quot.sound
AUDIT_AXIOMS|ArbitraryPowerMixingBudget|CollatzCanonical.BoundedInverseSeed.power_mixing_as_quadratic._proof_1_1|public|propext,Quot.sound
AUDIT_AXIOMS|GenericPowerPredecessorCount|CollatzCanonical.BoundedInverseSeed.generalTarget_predecessors_seed_lower_density_at_power._proof_1_1|public|propext,Quot.sound
AUDIT_AXIOMS|GenericPowerPredecessorCount|CollatzCanonical.BoundedInverseSeed.generalTarget_predecessors_seed_lower_density_at_power._proof_1_2|public|propext,Quot.sound
AUDIT_AXIOMS|GenericPowerPredecessorCount|CollatzCanonical.BoundedInverseSeed.generalTarget_predecessors_seed_lower_density_at_power._proof_1_3|public|propext,Quot.sound
AUDIT_AXIOMS|GenericPowerPredecessorCount|CollatzCanonical.BoundedInverseSeed.generalTarget_predecessors_seed_lower_density_at_power|public|propext,Classical.choice,Quot.sound
AUDIT_AXIOMS|GenericPowerPredecessorCount|CollatzCanonical.BoundedInverseSeed.generalTarget_predecessors_seed_lower_density_at_power._proof_1_4|public|propext,Classical.choice,Quot.sound
AUDIT_AXIOMS|PowerDensityFloor|CollatzCanonical.BoundedInverseSeed.powerDensityFloor_pos|public|propext,Classical.choice,Quot.sound
AUDIT_AXIOMS|PowerDensityFloor|CollatzCanonical.BoundedInverseSeed.powerConductorFloor_monotone|public|propext,Classical.choice,Quot.sound
AUDIT_AXIOMS|PowerDensityFloor|CollatzCanonical.BoundedInverseSeed.powerDensityFloor_eq_depth|public|propext,Classical.choice,Quot.sound
AUDIT_AXIOMS|PowerDensityFloor|CollatzCanonical.BoundedInverseSeed.powerMixingDepth|public|propext,Classical.choice,Quot.sound
AUDIT_AXIOMS|PowerDensityFloor|CollatzCanonical.BoundedInverseSeed.powerMixingDepth_one_le|public|propext,Classical.choice,Quot.sound
AUDIT_AXIOMS|PowerDensityFloor|CollatzCanonical.BoundedInverseSeed.powerConductorFloor.eq_1|public|propext,Classical.choice,Quot.sound
AUDIT_AXIOMS|PowerDensityFloor|CollatzCanonical.BoundedInverseSeed.powerConductorFloor._proof_1|public|propext
AUDIT_AXIOMS|PowerDensityFloor|CollatzCanonical.BoundedInverseSeed.powerConductorFloor|public|propext,Classical.choice,Quot.sound
AUDIT_AXIOMS|PowerDensityFloor|CollatzCanonical.BoundedInverseSeed.powerDensityFloor._proof_2|public|propext
AUDIT_AXIOMS|PowerDensityFloor|CollatzCanonical.BoundedInverseSeed.powerMixingDepth_one_le._proof_1_1|public|propext,Classical.choice,Quot.sound
AUDIT_AXIOMS|PowerDensityFloor|CollatzCanonical.BoundedInverseSeed.powerDensityFloor|public|propext,Classical.choice,Quot.sound
AUDIT_AXIOMS|PowerDensityFloor|CollatzCanonical.BoundedInverseSeed.powerDensityFloor_antitone|public|propext,Classical.choice,Quot.sound
AUDIT_AXIOMS|PowerDensityFloor|CollatzCanonical.BoundedInverseSeed.powerDensityFloor_ge_exp|public|propext,Classical.choice,Quot.sound
AUDIT_AXIOMS|PowerDensityFloor|CollatzCanonical.BoundedInverseSeed.powerMixingDepth_budget|public|propext,Classical.choice,Quot.sound
AUDIT_AXIOMS|PowerDensityFloor|CollatzCanonical.BoundedInverseSeed.powerDensityFloor._proof_1|public|propext
AUDIT_AXIOMS|PowerDensityFloor|CollatzCanonical.BoundedInverseSeed.powerMixingDepth.eq_1|public|propext,Classical.choice,Quot.sound
AUDIT_AXIOMS|PowerPredecessorDensity|CollatzCanonical.BoundedInverseSeed.generalTarget_predecessors_power_floor|public|propext,Classical.choice,Quot.sound
AUDIT_AXIOMS|ActualBasinPowerLowerDensity|CollatzCanonical.BoundedInverseSeed.actual_basin_density_ge_power_floor|public|propext,Classical.choice,Quot.sound
AUDIT_AXIOMS|ActualBasinPowerLowerDensity|CollatzCanonical.BoundedInverseSeed.actual_basin_density_ge_power_floor._proof_1_1|public|propext,Quot.sound
AUDIT_AXIOMS|ActualBasinPowerLowerDensity|CollatzCanonical.BoundedInverseSeed.actual_basin_density_ge_power_floor._proof_1_2|public|propext,Quot.sound
AUDIT_AXIOMS|ActualBasinPowerLowerDensity|CollatzCanonical.BoundedInverseSeed.actual_basin_density_each_power_lower|public|propext,Classical.choice,Quot.sound
AUDIT_AXIOMS|ActualBasinPowerLowerDensity|CollatzCanonical.BoundedInverseSeed.actual_basin_density_ge_power_exp._proof_1_1|public|propext,Quot.sound
AUDIT_AXIOMS|ActualBasinPowerLowerDensity|CollatzCanonical.BoundedInverseSeed.actual_basin_density_ge_power_exp|public|propext,Classical.choice,Quot.sound
AUDIT_AXIOMS|PeriodicSourceMean|CollatzCanonical.PeriodicCensusFloor.centered_weighted_mean_tendsto_zero|public|propext,Classical.choice,Quot.sound
AUDIT_AXIOMS|PeriodicSourceMean|CollatzCanonical.PeriodicCensusFloor.sourceMean_of_shift|public|propext,Classical.choice,Quot.sound
AUDIT_AXIOMS|PeriodicSourceMean|CollatzCanonical.PeriodicCensusFloor.periodic_weighted_mean._simp_1_2|public|propext,Quot.sound
AUDIT_AXIOMS|PeriodicSourceMean|CollatzCanonical.PeriodicCensusFloor.adjacentVariation|public|propext,Classical.choice,Quot.sound
AUDIT_AXIOMS|PeriodicSourceMean|CollatzCanonical.PeriodicCensusFloor.weighted_centered_sum_bound|public|propext,Classical.choice,Quot.sound
AUDIT_AXIOMS|PeriodicSourceMean|CollatzCanonical.PeriodicCensusFloor.sourceMean_shift_sub|public|propext,Classical.choice,Quot.sound
AUDIT_AXIOMS|PeriodicSourceMean|CollatzCanonical.PeriodicCensusFloor.sourceMean.eq_1|public|propext,Classical.choice,Quot.sound
AUDIT_AXIOMS|PeriodicSourceMean|CollatzCanonical.PeriodicCensusFloor.periodic_zero_sum_prefix_bound._proof_1_1|public|propext,Quot.sound
AUDIT_AXIOMS|PeriodicSourceMean|CollatzCanonical.PeriodicCensusFloor.sourceMean|public|propext,Classical.choice,Quot.sound
AUDIT_AXIOMS|PeriodicSourceMean|CollatzCanonical.PeriodicCensusFloor.periodic_weighted_mean|public|propext,Classical.choice,Quot.sound
AUDIT_AXIOMS|PeriodicSourceMean|CollatzCanonical.PeriodicCensusFloor.periodic_zero_sum_prefix_bound|public|propext,Classical.choice,Quot.sound
AUDIT_AXIOMS|TerminalFanEnvelope|CollatzCanonical.PeriodicCensusFloor.terminalFanEnvelope._proof_1|public|propext
AUDIT_AXIOMS|TerminalFanEnvelope|CollatzCanonical.PeriodicCensusFloor.terminalFanEnvelope|public|propext,Classical.choice,Quot.sound
AUDIT_AXIOMS|TerminalFanEnvelope|CollatzCanonical.PeriodicCensusFloor.terminalFanEnvelope_summable|public|propext,Classical.choice,Quot.sound
AUDIT_AXIOMS|TerminalFanEnvelope|CollatzCanonical.PeriodicCensusFloor.terminalFanEnvelope_dominates|public|propext,Classical.choice,Quot.sound
AUDIT_AXIOMS|TerminalFanEnvelope|CollatzCanonical.PeriodicCensusFloor.terminalFanEnvelope_fullMean|public|propext,Classical.choice,Quot.sound
AUDIT_AXIOMS|TerminalFanEnvelope|CollatzCanonical.PeriodicCensusFloor.terminalFanEnvelope_nonneg|public|propext,Classical.choice,Quot.sound
AUDIT_AXIOMS|TerminalFanEnvelope|CollatzCanonical.PeriodicCensusFloor.terminalFanEnvelope_le|public|propext,Classical.choice,Quot.sound
AUDIT_AXIOMS|TerminalFanCensus|CollatzCanonical.PeriodicCensusFloor.forwardGoodDepthShiftUnitMass_le_envelope_sources|public|propext,Classical.choice,Quot.sound
AUDIT_AXIOMS|TerminalFanCensus|CollatzCanonical.PeriodicCensusFloor.fullTerminal_fan_le_envelope|public|propext,Classical.choice,Quot.sound
AUDIT_AXIOMS|FrozenSeedPeriodicPrefix|CollatzCanonical.PeriodicCensusFloor.exists_frozen_seed_eventual_periodic_prefix|public|propext,Classical.choice,Quot.sound
AUDIT_AXIOMS|FrozenSeedPeriodicPrefix|CollatzCanonical.PeriodicCensusFloor.exists_frozen_seed_eventual_periodic_prefix._proof_1_4|public|propext,Classical.choice,Quot.sound
AUDIT_AXIOMS|FrozenSeedPeriodicPrefix|CollatzCanonical.PeriodicCensusFloor.exists_frozen_seed_eventual_periodic_prefix._proof_1_7|public|propext,Classical.choice,Quot.sound
AUDIT_AXIOMS|FrozenSeedPeriodicPrefix|CollatzCanonical.PeriodicCensusFloor.terminalEnvelope_source_sum_le_basin_prefix|public|propext,Classical.choice,Quot.sound
AUDIT_AXIOMS|FrozenSeedPeriodicPrefix|CollatzCanonical.PeriodicCensusFloor.exists_frozen_seed_eventual_periodic_prefix._proof_1_5|public|propext,Classical.choice,Quot.sound
AUDIT_AXIOMS|FrozenSeedPeriodicPrefix|CollatzCanonical.PeriodicCensusFloor.exists_frozen_seed_eventual_periodic_prefix._proof_1_6|public|propext,Classical.choice,Quot.sound
AUDIT_AXIOMS|FrozenSeedPeriodicPrefix|CollatzCanonical.PeriodicCensusFloor.exists_frozen_seed_eventual_periodic_prefix._proof_1_8|public|propext,Classical.choice,Quot.sound
AUDIT_AXIOMS|FrozenSeedPeriodicPrefix|CollatzCanonical.PeriodicCensusFloor.exists_frozen_seed_eventual_periodic_prefix._proof_1_1|public|propext,Quot.sound
AUDIT_AXIOMS|FrozenSeedPeriodicPrefix|CollatzCanonical.PeriodicCensusFloor.exists_frozen_seed_eventual_periodic_prefix._proof_1_2|public|propext,Quot.sound
AUDIT_AXIOMS|FrozenSeedPeriodicPrefix|CollatzCanonical.PeriodicCensusFloor.exists_frozen_seed_eventual_periodic_prefix._proof_1_3|public|propext,Classical.choice,Quot.sound
AUDIT_AXIOMS|GaoShortcutBridge|CollatzCanonical.GaoShortcut.instDecidableGood|public|propext
AUDIT_AXIOMS|GaoShortcutBridge|CollatzCanonical.GaoShortcut.pair_iterate|public|propext,Quot.sound
AUDIT_AXIOMS|GaoShortcutBridge|CollatzCanonical.GaoShortcut.tm_nat._proof_1_1|public|propext,Quot.sound
AUDIT_AXIOMS|GaoShortcutBridge|CollatzCanonical.GaoShortcut.goodProbability_eventually|public|propext,Classical.choice,Quot.sound
AUDIT_AXIOMS|GaoShortcutBridge|CollatzCanonical.GaoShortcut.good_count_lower|public|propext,Classical.choice,Quot.sound
AUDIT_AXIOMS|GaoShortcutBridge|CollatzCanonical.GaoShortcut.goodProbability_bounds|public|propext,Classical.choice,Quot.sound
AUDIT_AXIOMS|GaoShortcutBridge|CollatzCanonical.GaoShortcut.imp_nat._proof_1_1|public|propext,Quot.sound
AUDIT_AXIOMS|GaoShortcutBridge|CollatzCanonical.GaoShortcut.good_iff|public|propext,Quot.sound
AUDIT_AXIOMS|GaoShortcutBridge|CollatzCanonical.GaoShortcut.good_count_lower._simp_1_1|public|propext,Quot.sound
AUDIT_AXIOMS|GaoShortcutBridge|CollatzCanonical.GaoShortcut.good_mod|public|propext,Classical.choice,Quot.sound
AUDIT_AXIOMS|GaoShortcutBridge|CollatzCanonical.GaoShortcut.goodProbability|public|propext,Classical.choice,Quot.sound
AUDIT_AXIOMS|GaoShortcutBridge|CollatzCanonical.GaoShortcut.imp_nat|public|propext,Quot.sound
AUDIT_AXIOMS|GaoShortcutBridge|CollatzCanonical.GaoShortcut.good|public|propext
AUDIT_AXIOMS|GaoShortcutBridge|CollatzCanonical.GaoShortcut.tm_nat._proof_1_2|public|propext,Quot.sound
AUDIT_AXIOMS|GaoShortcutBridge|CollatzCanonical.GaoShortcut.tm_nat|public|propext,Quot.sound
AUDIT_AXIOMS|GaoShortcutBridge|CollatzCanonical.GaoShortcut.good_count_lower._simp_1_2|public|propext,Classical.choice,Quot.sound
AUDIT_AXIOMS|GaoShortcutBridge|CollatzCanonical.GaoShortcut.good_card|public|propext,Classical.choice,Quot.sound
AUDIT_AXIOMS|BasinAdjacentVariation|CollatzCanonical.GaoShortcut.basin_adjacent_variation_bound|public|propext,Classical.choice,Quot.sound
AUDIT_AXIOMS|BasinAdjacentVariation|CollatzCanonical.GaoShortcut.basin_adjacent_difference_le_one|public|propext,Classical.choice,Quot.sound
AUDIT_AXIOMS|BasinAdjacentVariation|CollatzCanonical.GaoShortcut.basin_adjacent_variation_tendsto_zero._proof_1_1|public|propext,Quot.sound
AUDIT_AXIOMS|BasinAdjacentVariation|CollatzCanonical.GaoShortcut.basin_adjacent_variation_bound._proof_1_1|public|propext,Quot.sound
AUDIT_AXIOMS|BasinAdjacentVariation|CollatzCanonical.GaoShortcut.basin_adjacent_variation_tendsto_zero|public|propext,Classical.choice,Quot.sound
AUDIT_AXIOMS|BasinAdjacentVariation|CollatzCanonical.GaoShortcut.basin_eq_of_good._proof_1_1|public|propext,Quot.sound
AUDIT_AXIOMS|BasinAdjacentVariation|CollatzCanonical.GaoShortcut.basin_eq_of_good|public|propext,Classical.choice,Quot.sound
AUDIT_AXIOMS|BasinAdjacentVariation|CollatzCanonical.GaoShortcut.prefix_avoids_of_large._proof_1_1|public|propext,Quot.sound
AUDIT_AXIOMS|BasinAdjacentVariation|CollatzCanonical.GaoShortcut.prefix_avoids_of_large|public|propext,Classical.choice,Quot.sound
AUDIT_AXIOMS|OddTerminalFanMean|CollatzCanonical.PeriodicCensusFloor.oddTerminalFan.eq_1|public|propext,Classical.choice,Quot.sound
AUDIT_AXIOMS|OddTerminalFanMean|CollatzCanonical.PeriodicCensusFloor.oddTerminalFan_paired._proof_1_1|public|propext,Classical.choice,Quot.sound
AUDIT_AXIOMS|OddTerminalFanMean|CollatzCanonical.PeriodicCensusFloor.terminalFanEnvelope_nat_sum|public|propext,Classical.choice,Quot.sound
AUDIT_AXIOMS|OddTerminalFanMean|CollatzCanonical.PeriodicCensusFloor.oddTerminalFan_weighted_mean|public|propext,Classical.choice,Quot.sound
AUDIT_AXIOMS|OddTerminalFanMean|CollatzCanonical.PeriodicCensusFloor.oddTerminalFan_sum|public|propext,Classical.choice,Quot.sound
AUDIT_AXIOMS|OddTerminalFanMean|CollatzCanonical.PeriodicCensusFloor.oddTerminalFan_scaled_source_limit._proof_1_1|public|propext,Quot.sound
AUDIT_AXIOMS|OddTerminalFanMean|CollatzCanonical.PeriodicCensusFloor.oddTerminalFan_mean|public|propext,Classical.choice,Quot.sound
AUDIT_AXIOMS|OddTerminalFanMean|CollatzCanonical.PeriodicCensusFloor.oddTerminalFan_scaled_source_limit|public|propext,Classical.choice,Quot.sound
AUDIT_AXIOMS|OddTerminalFanMean|CollatzCanonical.PeriodicCensusFloor.oddTerminalFan|public|propext,Classical.choice,Quot.sound
AUDIT_AXIOMS|OddTerminalFanMean|CollatzCanonical.PeriodicCensusFloor.oddTerminalFan_periodic|public|propext,Classical.choice,Quot.sound
AUDIT_AXIOMS|OddTerminalFanMean|CollatzCanonical.PeriodicCensusFloor.oddTerminalFan_nonneg|public|propext,Classical.choice,Quot.sound
AUDIT_AXIOMS|OddTerminalFanMean|CollatzCanonical.PeriodicCensusFloor.oddTerminalFan_le|public|propext,Classical.choice,Quot.sound
AUDIT_AXIOMS|OddTerminalFanMean|CollatzCanonical.PeriodicCensusFloor.oddTerminalFan_periodic._proof_1_1|public|propext,Classical.choice,Quot.sound
AUDIT_AXIOMS|OddTerminalFanMean|CollatzCanonical.PeriodicCensusFloor.oddTerminalFan_paired|public|propext,Classical.choice,Quot.sound
AUDIT_AXIOMS|ActualBasinPeriodicMean|CollatzCanonical.PeriodicCensusFloor.actual_basin_sourceMean|public|propext,Classical.choice,Quot.sound
AUDIT_AXIOMS|ActualBasinPeriodicMean|CollatzCanonical.PeriodicCensusFloor.basinIndicator_abs_le_one|public|propext,Classical.choice,Quot.sound
AUDIT_AXIOMS|ActualBasinPeriodicMean|CollatzCanonical.PeriodicCensusFloor.actual_basin_adjacentVariation|public|propext,Classical.choice,Quot.sound
AUDIT_AXIOMS|ActualBasinPeriodicMean|CollatzCanonical.PeriodicCensusFloor.actual_basin_oddTerminalFan_scaled_limit|public|propext,Classical.choice,Quot.sound
AUDIT_AXIOMS|ActualBasinPeriodicMean|CollatzCanonical.PeriodicCensusFloor.actual_basin_oddTerminalFan_sourceMean|public|propext,Classical.choice,Quot.sound
AUDIT_AXIOMS|ActualBasinPeriodicMean|CollatzCanonical.PeriodicCensusFloor.actual_basin_periodic_sourceMean|public|propext,Classical.choice,Quot.sound
AUDIT_AXIOMS|ActualBasinPolynomialFloor|CollatzCanonical.PeriodicCensusFloor.frozen_seed_periodic_density_bound|public|propext,Classical.choice,Quot.sound
AUDIT_AXIOMS|ActualBasinPolynomialFloor|CollatzCanonical.PeriodicCensusFloor.actual_basin_polynomial_lower_density|public|propext,Classical.choice,Quot.sound
AUDIT_AXIOMS|CanonicalTracePolynomialFloor|CollatzCanonical.PeriodicCensusFloor.exists_uniform_firstHit_reciprocal_floor|public|propext,Classical.choice,Quot.sound
AUDIT_AXIOMS|CanonicalTracePolynomialFloor|CollatzCanonical.PeriodicCensusFloor.exists_uniform_unit_canonical_trace_floor|public|propext,Classical.choice,Quot.sound
AUDIT_AXIOMS|CanonicalTracePolynomialFloor|CollatzCanonical.PeriodicCensusFloor.greenCycleFactor_one_ge_one._simp_1_1|public|propext
AUDIT_AXIOMS|CanonicalTracePolynomialFloor|CollatzCanonical.PeriodicCensusFloor.greenCycleFactor_one_ge_one|public|propext,Classical.choice,Quot.sound
AUDIT_AXIOMS|OrdinaryPredecessorPolynomialFloor|CollatzCanonical.PeriodicCensusFloor.ordinary_reaches_shortcut_step._proof_1_1|public|propext,Quot.sound
AUDIT_AXIOMS|OrdinaryPredecessorPolynomialFloor|CollatzCanonical.PeriodicCensusFloor.raw_hit_implies_shortcut_hit_or_bypass._proof_1_5|public|propext,Quot.sound
AUDIT_AXIOMS|OrdinaryPredecessorPolynomialFloor|CollatzCanonical.PeriodicCensusFloor.mem_ordinary_predecessors_iff._proof_1_1|public|propext,Quot.sound
AUDIT_AXIOMS|OrdinaryPredecessorPolynomialFloor|CollatzCanonical.PeriodicCensusFloor.raw_hit_implies_shortcut_hit_or_bypass._proof_1_3|public|propext,Quot.sound
AUDIT_AXIOMS|OrdinaryPredecessorPolynomialFloor|CollatzCanonical.PeriodicCensusFloor.raw_hit_implies_shortcut_hit_or_bypass._proof_1_2|public|propext,Quot.sound
AUDIT_AXIOMS|OrdinaryPredecessorPolynomialFloor|CollatzCanonical.PeriodicCensusFloor.shortcut_basin_subset_ordinary_predecessors|public|propext,Classical.choice,Quot.sound
AUDIT_AXIOMS|OrdinaryPredecessorPolynomialFloor|CollatzCanonical.PeriodicCensusFloor.ordinary_predecessors_polynomial_lower_count._proof_1_1|public|propext,Quot.sound
AUDIT_AXIOMS|OrdinaryPredecessorPolynomialFloor|CollatzCanonical.PeriodicCensusFloor.raw_hit_implies_shortcut_hit_or_bypass._proof_1_6|public|propext,Quot.sound
AUDIT_AXIOMS|OrdinaryPredecessorPolynomialFloor|CollatzCanonical.PeriodicCensusFloor.ordinary_reaches_iff_shortcut_hit_or_bypass|public|propext,Classical.choice,Quot.sound
AUDIT_AXIOMS|OrdinaryPredecessorPolynomialFloor|CollatzCanonical.PeriodicCensusFloor.exists_uniform_ordinary_predecessor_polynomial_lower_count|public|propext,Classical.choice,Quot.sound
AUDIT_AXIOMS|OrdinaryPredecessorPolynomialFloor|CollatzCanonical.PeriodicCensusFloor.shortcut_targets_comparable|public|propext
AUDIT_AXIOMS|OrdinaryPredecessorPolynomialFloor|CollatzCanonical.PeriodicCensusFloor.shortcut_basin_subset_ordinary_predecessors._proof_1_2|public|propext,Quot.sound
AUDIT_AXIOMS|OrdinaryPredecessorPolynomialFloor|CollatzCanonical.PeriodicCensusFloor.ordinary_reaches_shortcut_iterate|public|propext,Classical.choice,Quot.sound
AUDIT_AXIOMS|OrdinaryPredecessorPolynomialFloor|CollatzCanonical.PeriodicCensusFloor.ordinary_count_natural_density_exists|public|propext,Classical.choice,Quot.sound
AUDIT_AXIOMS|OrdinaryPredecessorPolynomialFloor|CollatzCanonical.PeriodicCensusFloor.ordinary_reaches_shortcut_step|public|propext,Classical.choice,Quot.sound
AUDIT_AXIOMS|OrdinaryPredecessorPolynomialFloor|CollatzCanonical.PeriodicCensusFloor.mem_ordinary_predecessors_iff|public|propext,Classical.choice,Quot.sound
AUDIT_AXIOMS|OrdinaryPredecessorPolynomialFloor|CollatzCanonical.PeriodicCensusFloor.shortcut_basin_prefix_le_ordinary_count|public|propext,Classical.choice,Quot.sound
AUDIT_AXIOMS|OrdinaryPredecessorPolynomialFloor|CollatzCanonical.PeriodicCensusFloor.exists_uniform_ordinary_predecessor_polynomial_natural_density|public|propext,Classical.choice,Quot.sound
AUDIT_AXIOMS|OrdinaryPredecessorPolynomialFloor|CollatzCanonical.PeriodicCensusFloor.shortcut_basin_subset_ordinary_predecessors._proof_1_1|public|propext,Quot.sound
AUDIT_AXIOMS|OrdinaryPredecessorPolynomialFloor|CollatzCanonical.PeriodicCensusFloor.natCount_eq_indicator_sum|public|propext,Classical.choice,Quot.sound
AUDIT_AXIOMS|OrdinaryPredecessorPolynomialFloor|CollatzCanonical.PeriodicCensusFloor.ordinary_predecessors_polynomial_lower_count|public|propext,Classical.choice,Quot.sound
AUDIT_AXIOMS|OrdinaryPredecessorPolynomialFloor|CollatzCanonical.PeriodicCensusFloor.raw_hit_implies_shortcut_hit_or_bypass._proof_1_4|public|propext,Quot.sound
AUDIT_AXIOMS|OrdinaryPredecessorPolynomialFloor|CollatzCanonical.PeriodicCensusFloor.ordinary_predecessors_polynomial_natural_density|public|propext,Classical.choice,Quot.sound
AUDIT_AXIOMS|OrdinaryPredecessorPolynomialFloor|CollatzCanonical.PeriodicCensusFloor.ordinary_predecessors_polynomial_lower_count._proof_1_2|public|propext,Quot.sound
AUDIT_AXIOMS|OrdinaryPredecessorPolynomialFloor|CollatzCanonical.PeriodicCensusFloor.raw_hit_implies_shortcut_hit_or_bypass._proof_1_1|public|propext,Quot.sound
AUDIT_AXIOMS|OrdinaryPredecessorPolynomialFloor|CollatzCanonical.PeriodicCensusFloor.ordinary_count_natural_density_ge_shortcut|public|propext,Classical.choice,Quot.sound
AUDIT_AXIOMS|OrdinaryPredecessorPolynomialFloor|CollatzCanonical.PeriodicCensusFloor.mem_ordinary_predecessors_iff._proof_1_3|public|propext,Quot.sound
AUDIT_AXIOMS|OrdinaryPredecessorPolynomialFloor|CollatzCanonical.PeriodicCensusFloor.mem_ordinary_predecessors_iff._proof_1_2|public|propext,Quot.sound
AUDIT_AXIOMS|OrdinaryPredecessorPolynomialFloor|CollatzCanonical.PeriodicCensusFloor.ordinary_reaches_shortcut_step._proof_1_2|public|propext,Quot.sound
AUDIT_AXIOMS|OrdinaryPredecessorPolynomialFloor|CollatzCanonical.PeriodicCensusFloor.shortcut_hits_trans|public|propext
AUDIT_AXIOMS|OrdinaryPredecessorPolynomialFloor|CollatzCanonical.PeriodicCensusFloor.ordinary_reaches_iff_shortcut_hit_or_bypass._proof_1_1|public|propext,Quot.sound
AUDIT_AXIOMS|OrdinaryPredecessorPolynomialFloor|CollatzCanonical.PeriodicCensusFloor.raw_hit_implies_shortcut_hit_or_bypass|public|propext,Quot.sound
AUDIT_AXIOMS|OrdinaryPredecessorPolynomialFloor|CollatzCanonical.PeriodicCensusFloor.ordinary_reaches_iff_shortcut_hit_or_bypass._proof_1_2|public|propext,Quot.sound
