'CollatzBasinMapBridges.even_of_step_divisible_by_three' depends on axioms: [propext, Quot.sound]
'CollatzBasinMapBridges.hit_multiple_of_three_iff' depends on axioms: [propext, Classical.choice, Quot.sound]
'CollatzBasinMapBridges.iterate_step' does not depend on any axioms
'CollatzBasinMapBridges.native_countBelow_le_basin_prefix' depends on axioms: [propext, Classical.choice, Quot.sound]
'CollatzBasinMapBridges.native_positive_count_as_sum' depends on axioms: [propext, Classical.choice, Quot.sound]
'CollatzBasinMapBridges.native_predecessor_double_basin' depends on axioms: [propext, Classical.choice, Quot.sound]
'CollatzBasinMapBridges.rawIterate' does not depend on any axioms
'CollatzBasinMapBridges.rawIterate_eq_predecessor_native' depends on axioms: [propext, Classical.choice, Quot.sound]
'CollatzBasinMapBridges.rawStep' does not depend on any axioms
'CollatzBasinMapBridges.rawStep_eq_predecessor_native' depends on axioms: [propext, Classical.choice, Quot.sound]
'CollatzBasinMapBridges.raw_hit_double_implies_shortcut_hit' depends on axioms: [propext, Quot.sound]
'CollatzCanonical.BanachWindow.closedOddVectorExpectation' depends on axioms: [propext, Classical.choice, Quot.sound]
'CollatzCanonical.BanachWindow.closedOddVectorExpectation_norm_le_one' depends on axioms: [propext,
 Classical.choice,
 Quot.sound]
'CollatzCanonical.BanachWindow.closedOddVectorExpectation_normalization' depends on axioms: [propext,
 Classical.choice,
 Quot.sound]
'CollatzCanonical.BanachWindow.closedOddVectorExpectation_sub_open_le' depends on axioms: [propext,
 Classical.choice,
 Quot.sound]
'CollatzCanonical.BanachWindow.closedOddVectorExpectation_sub_open_le_length' depends on axioms: [propext,
 Classical.choice,
 Quot.sound]
'CollatzCanonical.BanachWindow.closedOddVectorNumerator' depends on axioms: [propext, Classical.choice, Quot.sound]
'CollatzCanonical.BanachWindow.closedOddVectorNumerator_eq_index_sum' depends on axioms: [propext,
 Classical.choice,
 Quot.sound]
'CollatzCanonical.BanachWindow.closedOddVectorNumerator_norm_le_mass' depends on axioms: [propext,
 Classical.choice,
 Quot.sound]
'CollatzCanonical.BanachWindow.closedOddVector_boundary_correction' depends on axioms: [propext,
 Classical.choice,
 Quot.sound]
'CollatzCanonical.BanachWindow.closedOddVector_discrepancy_tendsto_zero_of_rate' depends on axioms: [propext,
 Classical.choice,
 Quot.sound]
'CollatzCanonical.BanachWindow.closedOddVector_windowMean_discrepancy' depends on axioms: [propext,
 Classical.choice,
 Quot.sound]
'CollatzCanonical.BanachWindow.fullVectorCumulative' depends on axioms: [propext, Classical.choice, Quot.sound]
'CollatzCanonical.BanachWindow.fullVectorCumulative_congr_positive' depends on axioms: [propext,
 Classical.choice,
 Quot.sound]
'CollatzCanonical.BanachWindow.fullVectorCumulative_growth' depends on axioms: [propext, Classical.choice, Quot.sound]
'CollatzCanonical.BanachWindow.fullVectorCumulative_halving' depends on axioms: [propext, Classical.choice, Quot.sound]
'CollatzCanonical.BanachWindow.fullVectorCumulative_normalized_bound' depends on axioms: [propext,
 Classical.choice,
 Quot.sound]
'CollatzCanonical.BanachWindow.fullVectorCumulative_oddRestriction' depends on axioms: [propext,
 Classical.choice,
 Quot.sound]
'CollatzCanonical.BanachWindow.fullVectorCumulative_parity' depends on axioms: [propext, Classical.choice, Quot.sound]
'CollatzCanonical.BanachWindow.fullVector_mean_of_odd_mean' depends on axioms: [propext, Classical.choice, Quot.sound]
'CollatzCanonical.BanachWindow.norm_reciprocal_smul_le' depends on axioms: [propext, Classical.choice, Quot.sound]
'CollatzCanonical.BanachWindow.oddVectorCumulative' depends on axioms: [propext, Classical.choice, Quot.sound]
'CollatzCanonical.BanachWindow.oddVectorCumulative_eq_tsum' depends on axioms: [propext, Classical.choice, Quot.sound]
'CollatzCanonical.BanachWindow.oddVectorCumulative_growth' depends on axioms: [propext, Classical.choice, Quot.sound]
'CollatzCanonical.BanachWindow.oddVectorCumulative_increment' depends on axioms: [propext, Classical.choice, Quot.sound]
'CollatzCanonical.BanachWindow.oddVectorCumulative_norm_le_mass' depends on axioms: [propext,
 Classical.choice,
 Quot.sound]
'CollatzCanonical.BanachWindow.oddVectorRestriction' depends on axioms: [propext, Classical.choice, Quot.sound]
'CollatzCanonical.BanachWindow.oddVectorTerm' depends on axioms: [propext, Classical.choice, Quot.sound]
'CollatzCanonical.BanachWindow.oddVectorTerm_norm_le' depends on axioms: [propext, Classical.choice, Quot.sound]
'CollatzCanonical.BanachWindow.oddVectorWindowExpectation' depends on axioms: [propext, Classical.choice, Quot.sound]
'CollatzCanonical.BanachWindow.oddVectorWindowExpectation_normalization' depends on axioms: [propext,
 Classical.choice,
 Quot.sound]
'CollatzCanonical.BanachWindow.oddVectorWindowNumerator' depends on axioms: [propext, Classical.choice, Quot.sound]
'CollatzCanonical.BanachWindow.oddVectorWindowNumerator_eq_sum' depends on axioms: [propext,
 Classical.choice,
 Quot.sound]
'CollatzCanonical.BanachWindow.oddVectorWindowNumerator_norm_le_mass' depends on axioms: [propext,
 Classical.choice,
 Quot.sound]
'CollatzCanonical.BanachWindow.oddVectorWindowNumerator_smul_eq_windowMean' depends on axioms: [propext,
 Classical.choice,
 Quot.sound]
'CollatzCanonical.BanachWindow.oddVector_mean_of_eventual_closed_windows' depends on axioms: [propext,
 Classical.choice,
 Quot.sound]
'CollatzCanonical.BanachWindow.oddVector_mean_of_two_eventual_closed_rates' depends on axioms: [propext,
 Classical.choice,
 Quot.sound]
'CollatzCanonical.BanachWindow.vectorLogTerm' depends on axioms: [propext, Classical.choice, Quot.sound]
'CollatzCanonical.BanachWindow.vectorLogTerm_even' depends on axioms: [propext, Classical.choice, Quot.sound]
'CollatzCanonical.BanachWindow.vectorLogTerm_even_odd' depends on axioms: [propext, Classical.choice, Quot.sound]
'CollatzCanonical.BanachWindow.vectorLogTerm_summable' depends on axioms: [propext, Classical.choice, Quot.sound]
'CollatzCanonical.BanachWindow.vectorLogTerm_support' depends on axioms: [propext, Classical.choice, Quot.sound]
'CollatzCanonical.BanachWindow.vectorLogTerm_tsum' depends on axioms: [propext, Classical.choice, Quot.sound]
'CollatzCanonical.BanachWindow.vectorLogTerm_zero' depends on axioms: [propext, Classical.choice, Quot.sound]
'CollatzCanonical.BanachWindow.vector_harmonic_normalization_error' depends on axioms: [propext,
 Classical.choice,
 Quot.sound]
'CollatzCanonical.BanachWindow.vector_mean_tendsto_twice_of_half_shift' depends on axioms: [propext,
 Classical.choice,
 Quot.sound]
'CollatzCanonical.BanachWindow.vector_normalized_boundary_error' depends on axioms: [propext,
 Classical.choice,
 Quot.sound]
'CollatzCanonical.BinomialTail.binary_entropy_binomial_tail' depends on axioms: [propext, Classical.choice, Quot.sound]
'CollatzCanonical.BinomialTail.binomial_weighted_sum' depends on axioms: [propext, Classical.choice, Quot.sound]
'CollatzCanonical.BinomialTail.chernoff_binomial_tail' depends on axioms: [propext, Classical.choice, Quot.sound]
'CollatzCanonical.BinomialTail.entropy_binomial_tail' depends on axioms: [propext, Classical.choice, Quot.sound]
'CollatzCanonical.BinomialTail.weighted_binomial_tail' depends on axioms: [propext, Classical.choice, Quot.sound]
'CollatzCanonical.CesaroAbel.abelKernel' depends on axioms: [propext, Classical.choice, Quot.sound]
'CollatzCanonical.CesaroAbel.abelKernel_cesaro_identity' depends on axioms: [propext, Classical.choice, Quot.sound]
'CollatzCanonical.CesaroAbel.abelKernel_hasSum' depends on axioms: [propext, Classical.choice, Quot.sound]
'CollatzCanonical.CesaroAbel.abelKernel_nonneg' depends on axioms: [propext, Classical.choice, Quot.sound]
'CollatzCanonical.CesaroAbel.abelKernel_preserves_limit' depends on axioms: [propext, Classical.choice, Quot.sound]
'CollatzCanonical.CesaroAbel.abelKernel_tendsto' depends on axioms: [propext, Classical.choice, Quot.sound]
'CollatzCanonical.CesaroAbel.cesaroMean' depends on axioms: [propext, Classical.choice, Quot.sound]
'CollatzCanonical.CesaroAbel.cesaro_abel_tendsto' depends on axioms: [propext, Classical.choice, Quot.sound]
'CollatzCanonical.CesaroAbel.eventually_abel_interval' depends on axioms: [propext, Classical.choice, Quot.sound]
'CollatzCanonical.ClockSqueeze.affine_cumulative_mean_tendsto' depends on axioms: [propext,
 Classical.choice,
 Quot.sound]
'CollatzCanonical.ClockSqueeze.clockBadWeight' depends on axioms: [propext, Classical.choice, Quot.sound]
'CollatzCanonical.ClockSqueeze.clockBadWeight_le_indicator' depends on axioms: [propext, Classical.choice, Quot.sound]
'CollatzCanonical.ClockSqueeze.clockBadWeight_nonneg' depends on axioms: [propext, Classical.choice, Quot.sound]
'CollatzCanonical.ClockSqueeze.clockExceptionIndicator' depends on axioms: [propext, Classical.choice, Quot.sound]
'CollatzCanonical.ClockSqueeze.clockExceptionIndicator_nonneg' depends on axioms: [propext,
 Classical.choice,
 Quot.sound]
'CollatzCanonical.ClockSqueeze.clockTail' depends on axioms: [propext, Classical.choice, Quot.sound]
'CollatzCanonical.ClockSqueeze.clockTail_nonneg' depends on axioms: [propext, Classical.choice, Quot.sound]
'CollatzCanonical.ClockSqueeze.clockTerm' depends on axioms: [propext, Classical.choice, Quot.sound]
'CollatzCanonical.ClockSqueeze.clockTerm_le_weight' depends on axioms: [propext, Classical.choice, Quot.sound]
'CollatzCanonical.ClockSqueeze.clockTerm_nonneg' depends on axioms: [propext, Classical.choice, Quot.sound]
'CollatzCanonical.ClockSqueeze.clock_lower_cumulative' depends on axioms: [propext, Classical.choice, Quot.sound]
'CollatzCanonical.ClockSqueeze.clock_lower_term' depends on axioms: [propext, Classical.choice, Quot.sound]
'CollatzCanonical.ClockSqueeze.clock_mean_of_cumulative_bounds' depends on axioms: [propext,
 Classical.choice,
 Quot.sound]
'CollatzCanonical.ClockSqueeze.clock_upper_cumulative' depends on axioms: [propext, Classical.choice, Quot.sound]
'CollatzCanonical.ClockSqueeze.clock_upper_head_term' depends on axioms: [propext, Classical.choice, Quot.sound]
'CollatzCanonical.ClockSqueeze.logTerm' depends on axioms: [propext, Classical.choice, Quot.sound]
'CollatzCanonical.ClockSqueeze.logTerm_nonneg' depends on axioms: [propext, Classical.choice, Quot.sound]
'CollatzCanonical.ClockSqueeze.logTerm_summable' depends on axioms: [propext, Classical.choice, Quot.sound]
'CollatzCanonical.ClockSqueeze.logTerm_tsum' depends on axioms: [propext, Classical.choice, Quot.sound]
'CollatzCanonical.ClockSqueeze.logarithmicCumulative_le_of_tail_le' depends on axioms: [propext,
 Classical.choice,
 Quot.sound]
'CollatzCanonical.ClockSqueeze.logarithmicCumulative_le_of_weight_le' depends on axioms: [propext,
 Classical.choice,
 Quot.sound]
'CollatzCanonical.ClockSqueeze.scaled_cumulative_mean_tendsto' depends on axioms: [propext,
 Classical.choice,
 Quot.sound]
'CollatzCanonical.ClockSqueeze.tendsto_of_clock_sandwich' depends on axioms: [propext, Classical.choice, Quot.sound]
'CollatzCanonical.ClockSqueeze.weighted_clock_exception_mean' depends on axioms: [propext, Classical.choice, Quot.sound]
'CollatzCanonical.ClockSqueeze.weighted_clock_mean' depends on axioms: [propext, Classical.choice, Quot.sound]
'CollatzCanonical.ClockSqueeze.weighted_clock_mean_of_exception_density' depends on axioms: [propext,
 Classical.choice,
 Quot.sound]
'CollatzCanonical.ClockSqueeze.zero_logarithmic_mean_of_eventual_le' depends on axioms: [propext,
 Classical.choice,
 Quot.sound]
'CollatzCanonical.Correction.finite_orbit_product_bounds' depends on axioms: [propext, Classical.choice, Quot.sound]
'CollatzCanonical.Correction.finite_orbit_product_le_of_reciprocal_bound' depends on axioms: [propext,
 Classical.choice,
 Quot.sound]
'CollatzCanonical.Correction.finite_product_bounds' depends on axioms: [propext, Classical.choice, Quot.sound]
'CollatzCanonical.Correction.forward_orbit_product_tendsto_one' depends on axioms: [propext,
 Classical.choice,
 Quot.sound]
'CollatzCanonical.Correction.iterate_add' depends on axioms: [propext]
'CollatzCanonical.Correction.iterate_correction_identity' depends on axioms: [propext, Classical.choice, Quot.sound]
'CollatzCanonical.Correction.iterate_pos' depends on axioms: [propext, Quot.sound]
'CollatzCanonical.Correction.oddCorrection' depends on axioms: [propext, Classical.choice, Quot.sound]
'CollatzCanonical.Correction.oddCorrection_le_third_reciprocal' depends on axioms: [propext,
 Classical.choice,
 Quot.sound]
'CollatzCanonical.Correction.oddCorrection_nonneg' depends on axioms: [propext, Classical.choice, Quot.sound]
'CollatzCanonical.Correction.orbit_corrections_summable' depends on axioms: [propext, Classical.choice, Quot.sound]
'CollatzCanonical.Correction.orbit_product_bounds' depends on axioms: [propext, Classical.choice, Quot.sound]
'CollatzCanonical.Correction.orbit_product_prefix_tail' depends on axioms: [propext, Classical.choice, Quot.sound]
'CollatzCanonical.Correction.product_bounds' depends on axioms: [propext, Classical.choice, Quot.sound]
'CollatzCanonical.Correction.product_eq_exp_sum' depends on axioms: [propext, Classical.choice, Quot.sound]
'CollatzCanonical.Correction.product_positive' depends on axioms: [propext, Classical.choice, Quot.sound]
'CollatzCanonical.Correction.product_prefix_tail' depends on axioms: [propext, Classical.choice, Quot.sound]
'CollatzCanonical.Correction.step_correction_identity' depends on axioms: [propext, Classical.choice, Quot.sound]
'CollatzCanonical.Correction.step_pos' depends on axioms: [propext, Quot.sound]
'CollatzCanonical.Correction.summable_log_correction' depends on axioms: [propext, Classical.choice, Quot.sound]
'CollatzCanonical.Correction.tail_product_tendsto_one' depends on axioms: [propext, Classical.choice, Quot.sound]
'CollatzCanonical.DirichletAbelian.actual_basin_odd_logarithmic_mean_exists' depends on axioms: [propext,
 Classical.choice,
 Quot.sound]
'CollatzCanonical.DirichletAbelian.actual_firstHitWeight_odd_logarithmic_mean_exists' depends on axioms: [propext,
 Classical.choice,
 Quot.sound]
'CollatzCanonical.DirichletAbelian.closedOddWindowExpectation' depends on axioms: [propext,
 Classical.choice,
 Quot.sound]
'CollatzCanonical.DirichletAbelian.closedOddWindowExpectation_sub_open_le' depends on axioms: [propext,
 Classical.choice,
 Quot.sound]
'CollatzCanonical.DirichletAbelian.closedOddWindowExpectation_sub_open_le_length' depends on axioms: [propext,
 Classical.choice,
 Quot.sound]
'CollatzCanonical.DirichletAbelian.closedOddWindowMass' depends on axioms: [propext, Classical.choice, Quot.sound]
'CollatzCanonical.DirichletAbelian.closedOddWindowNumerator' depends on axioms: [propext, Classical.choice, Quot.sound]
'CollatzCanonical.DirichletAbelian.closedOddWindowNumerator_eq_inclusive_sum' depends on axioms: [propext,
 Classical.choice,
 Quot.sound]
'CollatzCanonical.DirichletAbelian.closedOddWindowProbability' depends on axioms: [propext,
 Classical.choice,
 Quot.sound]
'CollatzCanonical.DirichletAbelian.closedOddWindowProbability_mass' depends on axioms: [propext,
 Classical.choice,
 Quot.sound]
'CollatzCanonical.DirichletAbelian.closedOddWindowProbability_nonneg' depends on axioms: [propext,
 Classical.choice,
 Quot.sound]
'CollatzCanonical.DirichletAbelian.closedOddWindowValues' depends on axioms: [propext, Classical.choice, Quot.sound]
'CollatzCanonical.DirichletAbelian.closedOddWindowValues_pos' depends on axioms: [propext, Classical.choice, Quot.sound]
'CollatzCanonical.DirichletAbelian.closedOddWindow_boundary_correction' depends on axioms: [propext,
 Classical.choice,
 Quot.sound]
'CollatzCanonical.DirichletAbelian.closedOddWindow_firstHitWeight_passage_comparison' depends on axioms: [propext,
 Classical.choice,
 Quot.sound]
'CollatzCanonical.DirichletAbelian.closed_window_discrepancy_tendsto_zero_of_rate' depends on axioms: [propext,
 Classical.choice,
 Quot.sound]
'CollatzCanonical.DirichletAbelian.closed_window_mean_limit' depends on axioms: [propext, Classical.choice, Quot.sound]
'CollatzCanonical.DirichletAbelian.closed_window_rate_of_logscale_rate' depends on axioms: [propext,
 Classical.choice,
 Quot.sound]
'CollatzCanonical.DirichletAbelian.dirichlet_laplace_identity' depends on axioms: [propext,
 Classical.choice,
 Quot.sound]
'CollatzCanonical.DirichletAbelian.finiteMean_closedOddWindowProbability' depends on axioms: [propext,
 Classical.choice,
 Quot.sound]
'CollatzCanonical.DirichletAbelian.finiteMean_oddWindowProbability' depends on axioms: [propext,
 Classical.choice,
 Quot.sound]
'CollatzCanonical.DirichletAbelian.finite_harmonic_bound' depends on axioms: [propext, Classical.choice, Quot.sound]
'CollatzCanonical.DirichletAbelian.finite_harmonic_lower_bound' depends on axioms: [propext,
 Classical.choice,
 Quot.sound]
'CollatzCanonical.DirichletAbelian.harmonic_normalization_error' depends on axioms: [propext,
 Classical.choice,
 Quot.sound]
'CollatzCanonical.DirichletAbelian.integral_laplaceIndicatorTerm' depends on axioms: [propext,
 Classical.choice,
 Quot.sound]
'CollatzCanonical.DirichletAbelian.integral_laplaceIndicatorTerm_norm_summable' depends on axioms: [propext,
 Classical.choice,
 Quot.sound]
'CollatzCanonical.DirichletAbelian.inverse_oddWindowMass_le' depends on axioms: [propext, Classical.choice, Quot.sound]
'CollatzCanonical.DirichletAbelian.laplaceIndicatorTerm' depends on axioms: [propext, Classical.choice, Quot.sound]
'CollatzCanonical.DirichletAbelian.laplaceIndicatorTerm_integrable' depends on axioms: [propext,
 Classical.choice,
 Quot.sound]
'CollatzCanonical.DirichletAbelian.laplaceIndicatorTerm_nonneg' depends on axioms: [propext,
 Classical.choice,
 Quot.sound]
'CollatzCanonical.DirichletAbelian.laplaceIndicatorTerm_tsum' depends on axioms: [propext, Classical.choice, Quot.sound]
'CollatzCanonical.DirichletAbelian.laplace_linear_majorant_integrable' depends on axioms: [propext,
 Classical.choice,
 Quot.sound]
'CollatzCanonical.DirichletAbelian.logarithmicCumulative' depends on axioms: [propext, Classical.choice, Quot.sound]
'CollatzCanonical.DirichletAbelian.logarithmicCumulative_add' depends on axioms: [propext, Classical.choice, Quot.sound]
'CollatzCanonical.DirichletAbelian.logarithmicCumulative_complement' depends on axioms: [propext,
 Classical.choice,
 Quot.sound]
'CollatzCanonical.DirichletAbelian.logarithmicCumulative_eq_tsum' depends on axioms: [propext,
 Classical.choice,
 Quot.sound]
'CollatzCanonical.DirichletAbelian.logarithmicCumulative_increment_bound' depends on axioms: [propext,
 Classical.choice,
 Quot.sound]
'CollatzCanonical.DirichletAbelian.logarithmicCumulative_laplace_integrable' depends on axioms: [propext,
 Classical.choice,
 Quot.sound]
'CollatzCanonical.DirichletAbelian.logarithmicCumulative_linear_bound' depends on axioms: [propext,
 Classical.choice,
 Quot.sound]
'CollatzCanonical.DirichletAbelian.logarithmicCumulative_measurable' depends on axioms: [propext,
 Classical.choice,
 Quot.sound]
'CollatzCanonical.DirichletAbelian.logarithmicCumulative_monotone' depends on axioms: [propext,
 Classical.choice,
 Quot.sound]
'CollatzCanonical.DirichletAbelian.logarithmicCumulative_nonneg' depends on axioms: [propext,
 Classical.choice,
 Quot.sound]
'CollatzCanonical.DirichletAbelian.logarithmicCumulative_one_lower' depends on axioms: [propext,
 Classical.choice,
 Quot.sound]
'CollatzCanonical.DirichletAbelian.logarithmicCumulative_sub' depends on axioms: [propext, Classical.choice, Quot.sound]
'CollatzCanonical.DirichletAbelian.logarithmicCumulative_zero' depends on axioms: [propext,
 Classical.choice,
 Quot.sound]
'CollatzCanonical.DirichletAbelian.logarithmicMean_mono' depends on axioms: [propext, Classical.choice, Quot.sound]
'CollatzCanonical.DirichletAbelian.logarithmicMean_nonneg' depends on axioms: [propext, Classical.choice, Quot.sound]
'CollatzCanonical.DirichletAbelian.normalized_boundary_error' depends on axioms: [propext, Classical.choice, Quot.sound]
'CollatzCanonical.DirichletAbelian.normalized_laplace_linear_majorant' depends on axioms: [propext,
 Classical.choice,
 Quot.sound]
'CollatzCanonical.DirichletAbelian.normalized_weight_power_error' depends on axioms: [propext,
 Classical.choice,
 Quot.sound]
'CollatzCanonical.DirichletAbelian.normalized_zeta_le' depends on axioms: [propext, Classical.choice, Quot.sound]
'CollatzCanonical.DirichletAbelian.oddLogarithmicCumulative' depends on axioms: [propext, Classical.choice, Quot.sound]
'CollatzCanonical.DirichletAbelian.oddLogarithmicCumulative_one_bound' depends on axioms: [propext,
 Classical.choice,
 Quot.sound]
'CollatzCanonical.DirichletAbelian.oddLogarithmicCumulative_one_eq' depends on axioms: [propext,
 Classical.choice,
 Quot.sound]
'CollatzCanonical.DirichletAbelian.oddWindowExpectation' depends on axioms: [propext, Classical.choice, Quot.sound]
'CollatzCanonical.DirichletAbelian.oddWindowExpectation_bounds' depends on axioms: [propext,
 Classical.choice,
 Quot.sound]
'CollatzCanonical.DirichletAbelian.oddWindowExpectation_normalization' depends on axioms: [propext,
 Classical.choice,
 Quot.sound]
'CollatzCanonical.DirichletAbelian.oddWindowIndices' depends on axioms: [propext, Classical.choice, Quot.sound]
'CollatzCanonical.DirichletAbelian.oddWindowMass' depends on axioms: [propext, Classical.choice, Quot.sound]
'CollatzCanonical.DirichletAbelian.oddWindowMass_eq_sum' depends on axioms: [propext, Classical.choice, Quot.sound]
'CollatzCanonical.DirichletAbelian.oddWindowMass_pos' depends on axioms: [propext, Classical.choice, Quot.sound]
'CollatzCanonical.DirichletAbelian.oddWindowNumerator' depends on axioms: [propext, Classical.choice, Quot.sound]
'CollatzCanonical.DirichletAbelian.oddWindowNumerator_bounds' depends on axioms: [propext, Classical.choice, Quot.sound]
'CollatzCanonical.DirichletAbelian.oddWindowNumerator_div_eq_windowMean' depends on axioms: [propext,
 Classical.choice,
 Quot.sound]
'CollatzCanonical.DirichletAbelian.oddWindowNumerator_eq_sum' depends on axioms: [propext, Classical.choice, Quot.sound]
'CollatzCanonical.DirichletAbelian.oddWindowProbability' depends on axioms: [propext, Classical.choice, Quot.sound]
'CollatzCanonical.DirichletAbelian.oddWindowProbability_mass' depends on axioms: [propext, Classical.choice, Quot.sound]
'CollatzCanonical.DirichletAbelian.oddWindowProbability_nonneg' depends on axioms: [propext,
 Classical.choice,
 Quot.sound]
'CollatzCanonical.DirichletAbelian.oddWindow_discrepancy_boundary_error' depends on axioms: [propext,
 Classical.choice,
 Quot.sound]
'CollatzCanonical.DirichletAbelian.oddWindow_normalized_comparison' depends on axioms: [propext,
 Classical.choice,
 Quot.sound]
'CollatzCanonical.DirichletAbelian.odd_cumulative_increment_le_closed_expectation' depends on axioms: [propext,
 Classical.choice,
 Quot.sound]
'CollatzCanonical.DirichletAbelian.odd_firstHitWeight_mean_of_normalized_windows' depends on axioms: [propext,
 Classical.choice,
 Quot.sound]
'CollatzCanonical.DirichletAbelian.odd_harmonic_mean_limit' depends on axioms: [propext, Classical.choice, Quot.sound]
'CollatzCanonical.DirichletAbelian.odd_harmonic_prefix' depends on axioms: [propext, Classical.choice, Quot.sound]
'CollatzCanonical.DirichletAbelian.odd_harmonic_window_mass_bound' depends on axioms: [propext,
 Classical.choice,
 Quot.sound]
'CollatzCanonical.DirichletAbelian.odd_logarithmic_mean_le_of_geometric_windows' depends on axioms: [propext,
 Classical.choice,
 Quot.sound]
'CollatzCanonical.DirichletAbelian.odd_logarithmic_mean_le_of_ladder_windows' depends on axioms: [propext,
 Classical.choice,
 Quot.sound]
'CollatzCanonical.DirichletAbelian.odd_logarithmic_mean_zero_of_geometric_windows' depends on axioms: [propext,
 Classical.choice,
 Quot.sound]
'CollatzCanonical.DirichletAbelian.odd_logarithmic_mean_zero_of_ladder_windows' depends on axioms: [propext,
 Classical.choice,
 Quot.sound]
'CollatzCanonical.DirichletAbelian.odd_weighted_mean_of_closed_normalized_windows' depends on axioms: [propext,
 Classical.choice,
 Quot.sound]
'CollatzCanonical.DirichletAbelian.odd_weighted_mean_of_normalized_windows' depends on axioms: [propext,
 Classical.choice,
 Quot.sound]
'CollatzCanonical.DirichletAbelian.odd_weighted_mean_of_two_eventual_closed_rates' depends on axioms: [propext,
 Classical.choice,
 Quot.sound]
'CollatzCanonical.DirichletAbelian.odd_windowMean_discrepancy_bound' depends on axioms: [propext,
 Classical.choice,
 Quot.sound]
'CollatzCanonical.DirichletAbelian.open_window_comparison_of_closed' depends on axioms: [propext,
 Classical.choice,
 Quot.sound]
'CollatzCanonical.DirichletAbelian.powered_dirichlet_limit_of_normalized_zeta_bound' depends on axioms: [propext,
 Classical.choice,
 Quot.sound]
'CollatzCanonical.DirichletAbelian.powered_dirichlet_reindex' depends on axioms: [propext, Classical.choice, Quot.sound]
'CollatzCanonical.DirichletAbelian.powered_dirichlet_summable_all_nat' depends on axioms: [propext,
 Classical.choice,
 Quot.sound]
'CollatzCanonical.DirichletAbelian.powered_weight_dirichlet_summable' depends on axioms: [propext,
 Classical.choice,
 Quot.sound]
'CollatzCanonical.DirichletAbelian.powered_weighted_dirichlet_abelian_shifted' depends on axioms: [propext,
 Classical.choice,
 Quot.sound]
'CollatzCanonical.DirichletAbelian.ratio_limit_of_bounded_difference' depends on axioms: [propext,
 Classical.choice,
 Quot.sound]
'CollatzCanonical.DirichletAbelian.scaled_increment_mean_limit' depends on axioms: [propext,
 Classical.choice,
 Quot.sound]
'CollatzCanonical.DirichletAbelian.scaled_oddWindow_boundary_error' depends on axioms: [propext,
 Classical.choice,
 Quot.sound]
'CollatzCanonical.DirichletAbelian.shifted_power_summable' depends on axioms: [propext, Classical.choice, Quot.sound]
'CollatzCanonical.DirichletAbelian.subtract_one_tendsto_nhdsGT' depends on axioms: [propext,
 Classical.choice,
 Quot.sound]
'CollatzCanonical.DirichletAbelian.weighted_dirichlet_abelian' depends on axioms: [propext,
 Classical.choice,
 Quot.sound]
'CollatzCanonical.DirichletAbelian.weighted_dirichlet_abelian_shifted' depends on axioms: [propext,
 Classical.choice,
 Quot.sound]
'CollatzCanonical.DirichletAbelian.weighted_dirichlet_summable' depends on axioms: [propext,
 Classical.choice,
 Quot.sound]
'CollatzCanonical.DyadicBounds.binaryLogFloor_bounds' depends on axioms: [propext, Classical.choice, Quot.sound]
'CollatzCanonical.DyadicBounds.three_floor_power_le_real_power' depends on axioms: [propext,
 Classical.choice,
 Quot.sound]
'CollatzCanonical.DyadicBounds.three_power_le_nat_power' depends on axioms: [propext, Classical.choice, Quot.sound]
'CollatzCanonical.DyadicBounds.three_power_le_real_power' depends on axioms: [propext, Classical.choice, Quot.sound]
'CollatzCanonical.DyadicBounds.three_real_power_eq_two_real_power' depends on axioms: [propext,
 Classical.choice,
 Quot.sound]
'CollatzCanonical.DyadicBounds.two_power_le_nat_power' depends on axioms: [propext, Classical.choice, Quot.sound]
'CollatzCanonical.DyadicBounds.two_power_le_real_power' depends on axioms: [propext, Classical.choice, Quot.sound]
'CollatzCanonical.ForwardComponent.DivergentComponentsNull' depends on axioms: [propext, Classical.choice, Quot.sound]
'CollatzCanonical.ForwardComponent.DivergentTraceVanishes' depends on axioms: [propext, Classical.choice, Quot.sound]
'CollatzCanonical.ForwardComponent.EventuallyPeriodicDensityOne' depends on axioms: [propext,
 Classical.choice,
 Quot.sound]
'CollatzCanonical.ForwardComponent.NonperiodicGreenSublinear' depends on axioms: [propext, Classical.choice, Quot.sound]
'CollatzCanonical.ForwardComponent.ShortcutTailComponent' depends on axioms: [propext]
'CollatzCanonical.ForwardComponent.ShortcutTailRelated' does not depend on any axioms
'CollatzCanonical.ForwardComponent.ShortcutTailRelated_equivalence' depends on axioms: [propext]
'CollatzCanonical.ForwardComponent.UniversalEventualPeriodicity' does not depend on any axioms
'CollatzCanonical.ForwardComponent.actualBasinDensity_le_component_mass' depends on axioms: [propext,
 Classical.choice,
 Quot.sound]
'CollatzCanonical.ForwardComponent.actualBasinDensity_le_labelSubsetMass' depends on axioms: [propext,
 Classical.choice,
 Quot.sound]
'CollatzCanonical.ForwardComponent.actualComponentMass' depends on axioms: [propext, Classical.choice, Quot.sound]
'CollatzCanonical.ForwardComponent.actualComponentMass_bounds' depends on axioms: [propext,
 Classical.choice,
 Quot.sound]
'CollatzCanonical.ForwardComponent.actualComponentMass_eq_PMF' depends on axioms: [propext,
 Classical.choice,
 Quot.sound]
'CollatzCanonical.ForwardComponent.actualComponentMass_eq_of_related' depends on axioms: [propext,
 Classical.choice,
 Quot.sound]
'CollatzCanonical.ForwardComponent.actualMinimumTailMass' depends on axioms: [propext, Classical.choice, Quot.sound]
'CollatzCanonical.ForwardComponent.actualMinimumTailMass_tendsto_zero' depends on axioms: [propext,
 Classical.choice,
 Quot.sound]
'CollatzCanonical.ForwardComponent.actualShortcutTailLaw' depends on axioms: [propext, Classical.choice, Quot.sound]
'CollatzCanonical.ForwardComponent.actualShortcutTailLaw_spec' depends on axioms: [propext,
 Classical.choice,
 Quot.sound]
'CollatzCanonical.ForwardComponent.actualShortcutTailPMF' depends on axioms: [propext, Classical.choice, Quot.sound]
'CollatzCanonical.ForwardComponent.actualStandardMinimumLaw' depends on axioms: [propext, Classical.choice, Quot.sound]
'CollatzCanonical.ForwardComponent.actualStandardMinimumLaw_spec' depends on axioms: [propext,
 Classical.choice,
 Quot.sound]
'CollatzCanonical.ForwardComponent.actual_component_logarithmic_and_natural_density_positive' depends on axioms: [propext,
 Classical.choice,
 Quot.sound]
'CollatzCanonical.ForwardComponent.actual_component_logarithmic_mean' depends on axioms: [propext,
 Classical.choice,
 Quot.sound]
'CollatzCanonical.ForwardComponent.actual_component_mass_positive' depends on axioms: [propext,
 Classical.choice,
 Quot.sound]
'CollatzCanonical.ForwardComponent.actual_component_natural_density' depends on axioms: [propext,
 Classical.choice,
 Quot.sound]
'CollatzCanonical.ForwardComponent.actual_component_probability_positive' depends on axioms: [propext,
 Classical.choice,
 Quot.sound]
'CollatzCanonical.ForwardComponent.actual_component_weighted_logarithmic_mean' depends on axioms: [propext,
 Classical.choice,
 Quot.sound]
'CollatzCanonical.ForwardComponent.actual_eventually_periodic_logarithmic_mean' depends on axioms: [propext,
 Classical.choice,
 Quot.sound]
'CollatzCanonical.ForwardComponent.actual_firstHitDensity_forward_tendsto' depends on axioms: [propext,
 Classical.choice,
 Quot.sound]
'CollatzCanonical.ForwardComponent.actual_forward_basin_density_tendsto_component_mass' depends on axioms: [propext,
 Classical.choice,
 Quot.sound]
'CollatzCanonical.ForwardComponent.actual_forward_component_mass_and_ratio' depends on axioms: [propext,
 Classical.choice,
 Quot.sound]
'CollatzCanonical.ForwardComponent.actual_green_ratio_forward_tendsto' depends on axioms: [propext,
 Classical.choice,
 Quot.sound]
'CollatzCanonical.ForwardComponent.actual_minimum_tail_logarithmic_mean' depends on axioms: [propext,
 Classical.choice,
 Quot.sound]
'CollatzCanonical.ForwardComponent.basinIndicator_le_componentIndicator' depends on axioms: [propext,
 Classical.choice,
 Quot.sound]
'CollatzCanonical.ForwardComponent.componentIndicator' depends on axioms: [propext, Classical.choice, Quot.sound]
'CollatzCanonical.ForwardComponent.componentOrbitWeight' depends on axioms: [propext, Classical.choice, Quot.sound]
'CollatzCanonical.ForwardComponent.componentOrbitWeight_bounds' depends on axioms: [propext,
 Classical.choice,
 Quot.sound]
'CollatzCanonical.ForwardComponent.componentOrbitWeight_eq_of_related' depends on axioms: [propext,
 Classical.choice,
 Quot.sound]
'CollatzCanonical.ForwardComponent.componentOrbitWeight_lower_bound' depends on axioms: [propext,
 Classical.choice,
 Quot.sound]
'CollatzCanonical.ForwardComponent.componentWeightedDensity' depends on axioms: [propext, Classical.choice, Quot.sound]
'CollatzCanonical.ForwardComponent.componentWeightedDensity_bounds' depends on axioms: [propext,
 Classical.choice,
 Quot.sound]
'CollatzCanonical.ForwardComponent.componentWeightedDensity_eq_of_related' depends on axioms: [propext,
 Classical.choice,
 Quot.sound]
'CollatzCanonical.ForwardComponent.component_mass_zero_of_forward_green_ratio_zero' depends on axioms: [propext,
 Classical.choice,
 Quot.sound]
'CollatzCanonical.ForwardComponent.component_weight_truncation_error' depends on axioms: [propext,
 Classical.choice,
 Quot.sound]
'CollatzCanonical.ForwardComponent.divergentComponentsNull_iff_divergentTraceVanishes' depends on axioms: [propext,
 Classical.choice,
 Quot.sound]
'CollatzCanonical.ForwardComponent.divergentComponentsNull_iff_eventuallyPeriodicDensityOne' depends on axioms: [propext,
 Classical.choice,
 Quot.sound]
'CollatzCanonical.ForwardComponent.divergentComponentsNull_iff_periodic_mass_one' depends on axioms: [propext,
 Classical.choice,
 Quot.sound]
'CollatzCanonical.ForwardComponent.divergentComponentsNull_iff_universalEventualPeriodicity' depends on axioms: [propext,
 Classical.choice,
 Quot.sound]
'CollatzCanonical.ForwardComponent.divergentTraceVanishes_iff_universalEventualPeriodicity' depends on axioms: [propext,
 Classical.choice,
 Quot.sound]
'CollatzCanonical.ForwardComponent.divergent_components_null_of_sublinear' depends on axioms: [propext,
 Classical.choice,
 Quot.sound]
'CollatzCanonical.ForwardComponent.divergent_components_null_of_trace_vanishes' depends on axioms: [propext,
 Classical.choice,
 Quot.sound]
'CollatzCanonical.ForwardComponent.divergent_trace_vanishes_of_null' depends on axioms: [propext,
 Classical.choice,
 Quot.sound]
'CollatzCanonical.ForwardComponent.eventuallyPeriodicDensityOne_iff_universalEventualPeriodicity' depends on axioms: [propext,
 Classical.choice,
 Quot.sound]
'CollatzCanonical.ForwardComponent.eventuallyPeriodicIndicator' depends on axioms: [propext,
 Classical.choice,
 Quot.sound]
'CollatzCanonical.ForwardComponent.exists_uniform_componentWeightedDensity_comparison' depends on axioms: [propext,
 Classical.choice,
 Quot.sound]
'CollatzCanonical.ForwardComponent.exists_uniform_forward_component_ratio_bounds' depends on axioms: [propext,
 Classical.choice,
 Quot.sound]
'CollatzCanonical.ForwardComponent.exists_uniform_wholeOrbitCorrection_bound' depends on axioms: [propext,
 Classical.choice,
 Quot.sound]
'CollatzCanonical.ForwardComponent.forward_component_five_conditions_equivalent' depends on axioms: [propext,
 Classical.choice,
 Quot.sound]
'CollatzCanonical.ForwardComponent.forward_component_four_conditions_equivalent' depends on axioms: [propext,
 Classical.choice,
 Quot.sound]
'CollatzCanonical.ForwardComponent.labelSubsetMass_finset' depends on axioms: [propext, Classical.choice, Quot.sound]
'CollatzCanonical.ForwardComponent.labelSubsetMass_zero_iff' depends on axioms: [propext, Classical.choice, Quot.sound]
'CollatzCanonical.ForwardComponent.logarithmicCumulative_div_const' depends on axioms: [propext,
 Classical.choice,
 Quot.sound]
'CollatzCanonical.ForwardComponent.logarithmicMean_div_const' depends on axioms: [propext, Classical.choice, Quot.sound]
'CollatzCanonical.ForwardComponent.mem_periodicComponents_iff' depends on axioms: [propext, Quot.sound]
'CollatzCanonical.ForwardComponent.minimumTailIndicator' depends on axioms: [propext, Classical.choice, Quot.sound]
'CollatzCanonical.ForwardComponent.natural_label_subset_mass_eq' depends on axioms: [propext,
 Classical.choice,
 Quot.sound]
'CollatzCanonical.ForwardComponent.natural_label_subset_mass_tendsto' depends on axioms: [propext,
 Classical.choice,
 Quot.sound]
'CollatzCanonical.ForwardComponent.nonperiodicGreenSublinear_iff_divergentComponentsNull' depends on axioms: [propext,
 Classical.choice,
 Quot.sound]
'CollatzCanonical.ForwardComponent.nonperiodicGreenSublinear_iff_universalEventualPeriodicity' depends on axioms: [propext,
 Classical.choice,
 Quot.sound]
'CollatzCanonical.ForwardComponent.nonperiodic_green_sublinear_of_null' depends on axioms: [propext,
 Classical.choice,
 Quot.sound]
'CollatzCanonical.ForwardComponent.periodicComponent_has_periodic_representative' depends on axioms: [propext,
 Classical.choice,
 Quot.sound]
'CollatzCanonical.ForwardComponent.periodicComponents' depends on axioms: [propext]
'CollatzCanonical.ForwardComponent.periodic_components_finite_mass_approx' depends on axioms: [propext,
 Classical.choice,
 Quot.sound]
'CollatzCanonical.ForwardComponent.shortcutTailLabel' depends on axioms: [propext]
'CollatzCanonical.ForwardComponent.shortcutTailLabel_eq_iff' depends on axioms: [propext, Quot.sound]
'CollatzCanonical.ForwardComponent.shortcutTailLabel_halving' depends on axioms: [propext, Quot.sound]
'CollatzCanonical.ForwardComponent.shortcutTailLabel_iterate' depends on axioms: [propext, Quot.sound]
'CollatzCanonical.ForwardComponent.shortcutTailSetoid' depends on axioms: [propext]
'CollatzCanonical.ForwardComponent.shortcut_basin_spine_monotone' depends on axioms: [propext]
'CollatzCanonical.ForwardComponent.shortcut_component_eventually_spine_basin' depends on axioms: [propext]
'CollatzCanonical.ForwardComponent.shortcut_component_finite_cutoff_capture' depends on axioms: [propext,
 Classical.choice,
 Quot.sound]
'CollatzCanonical.ForwardComponent.shortcut_component_iff_exists_spine_basin' does not depend on any axioms
'CollatzCanonical.ForwardComponent.shortcut_component_injective' depends on axioms: [propext, Quot.sound]
'CollatzCanonical.ForwardComponent.shortcut_component_not_in_spine_basin_large_minimum' depends on axioms: [propext,
 Classical.choice,
 Quot.sound]
'CollatzCanonical.ForwardComponent.shortcut_component_of_periodic_is_basin' depends on axioms: [propext,
 Classical.choice,
 Quot.sound]
'CollatzCanonical.ForwardComponent.shortcut_component_positive' depends on axioms: [propext, Quot.sound]
'CollatzCanonical.ForwardComponent.shortcut_component_small_visit_capture' depends on axioms: [propext,
 Classical.choice,
 Quot.sound]
'CollatzCanonical.ForwardComponent.shortcut_component_spine_error_subset_minimum_tail' depends on axioms: [propext,
 Classical.choice,
 Quot.sound]
'CollatzCanonical.ForwardComponent.shortcut_component_target_nonperiodic' depends on axioms: [propext, Quot.sound]
'CollatzCanonical.ForwardComponent.shortcut_divergent_spine_tendsto_atTop' depends on axioms: [propext,
 Classical.choice,
 Quot.sound]
'CollatzCanonical.ForwardComponent.shortcut_injective_start_positive' depends on axioms: [propext, Quot.sound]
'CollatzCanonical.ForwardComponent.shortcut_iterate_comm' depends on axioms: [propext]
'CollatzCanonical.ForwardComponent.shortcut_iterate_zero_start' depends on axioms: [propext]
'CollatzCanonical.ForwardComponent.shortcut_noninjective_iff_hits_periodic' depends on axioms: [propext,
 Classical.choice,
 Quot.sound]
'CollatzCanonical.ForwardComponent.shortcut_reaches_initial_oddPart' depends on axioms: [propext,
 Classical.choice,
 Quot.sound]
'CollatzCanonical.ForwardComponent.shortcut_reaches_standard_minimum' depends on axioms: [propext,
 Classical.choice,
 Quot.sound]
'CollatzCanonical.ForwardComponent.shortcut_tail_label_passage_invariant' depends on axioms: [propext,
 Classical.choice,
 Quot.sound]
'CollatzCanonical.ForwardComponent.shortcut_tail_related_iterate' does not depend on any axioms
'CollatzCanonical.ForwardComponent.spine_basin_density_gap_bound' depends on axioms: [propext,
 Classical.choice,
 Quot.sound]
'CollatzCanonical.ForwardComponent.spine_basin_indicator_gap_bound' depends on axioms: [propext,
 Classical.choice,
 Quot.sound]
'CollatzCanonical.ForwardComponent.tendsto_of_approximating_bounds' depends on axioms: [propext,
 Classical.choice,
 Quot.sound]
'CollatzCanonical.ForwardComponent.trace_vanishes_on_each_divergent_component' depends on axioms: [propext,
 Classical.choice,
 Quot.sound]
'CollatzCanonical.ForwardComponent.truncatedComponentDensity' depends on axioms: [propext, Classical.choice, Quot.sound]
'CollatzCanonical.ForwardComponent.truncatedComponentDensity_bounds' depends on axioms: [propext,
 Classical.choice,
 Quot.sound]
'CollatzCanonical.ForwardComponent.truncatedComponentDensity_monotone' depends on axioms: [propext,
 Classical.choice,
 Quot.sound]
'CollatzCanonical.ForwardComponent.truncatedComponentDensity_tendsto' depends on axioms: [propext,
 Classical.choice,
 Quot.sound]
'CollatzCanonical.ForwardComponent.truncatedComponentWeight' depends on axioms: [propext, Classical.choice, Quot.sound]
'CollatzCanonical.ForwardComponent.truncatedComponentWeight_bounds' depends on axioms: [propext,
 Classical.choice,
 Quot.sound]
'CollatzCanonical.ForwardComponent.truncatedComponentWeight_eq_firstHit' depends on axioms: [propext,
 Classical.choice,
 Quot.sound]
'CollatzCanonical.ForwardComponent.truncatedComponentWeight_logarithmic_mean' depends on axioms: [propext,
 Classical.choice,
 Quot.sound]
'CollatzCanonical.ForwardComponent.truncatedComponentWeight_monotone' depends on axioms: [propext,
 Classical.choice,
 Quot.sound]
'CollatzCanonical.ForwardComponent.wholeOrbitCorrection' depends on axioms: [propext, Classical.choice, Quot.sound]
'CollatzCanonical.ForwardComponent.wholeOrbitCorrection_at_hit' depends on axioms: [propext,
 Classical.choice,
 Quot.sound]
'CollatzCanonical.ForwardComponent.wholeOrbitCorrection_forward_tendsto_one' depends on axioms: [propext,
 Classical.choice,
 Quot.sound]
'CollatzCanonical.ForwardComponent.wholeOrbitCorrection_one_le' depends on axioms: [propext,
 Classical.choice,
 Quot.sound]
'CollatzCanonical.GreenKernelScalars.blockKappa' depends on axioms: [propext, Classical.choice, Quot.sound]
'CollatzCanonical.GreenKernelScalars.blockKappa_critical_right_limit' depends on axioms: [propext,
 Classical.choice,
 Quot.sound]
'CollatzCanonical.GreenKernelScalars.blockKappa_denominator_exponential' depends on axioms: [propext,
 Classical.choice,
 Quot.sound]
'CollatzCanonical.GreenKernelScalars.blockKappa_normalization' depends on axioms: [propext,
 Classical.choice,
 Quot.sound]
'CollatzCanonical.GreenKernelScalars.blockKappa_quadratic_remainder_eventually' depends on axioms: [propext,
 Classical.choice,
 Quot.sound]
'CollatzCanonical.GreenKernelScalars.blockKappa_quadratic_remainder_isBigO' depends on axioms: [propext,
 Classical.choice,
 Quot.sound]
'CollatzCanonical.GreenKernelScalars.delta' depends on axioms: [propext, Classical.choice, Quot.sound]
'CollatzCanonical.GreenKernelScalars.delta_eq_logs' depends on axioms: [propext, Classical.choice, Quot.sound]
'CollatzCanonical.GreenKernelScalars.delta_pos' depends on axioms: [propext, Classical.choice, Quot.sound]
'CollatzCanonical.GreenKernelScalars.exp_linear_difference_quotient_tendsto' depends on axioms: [propext,
 Classical.choice,
 Quot.sound]
'CollatzCanonical.GreenKernelScalars.exp_strict_chord' depends on axioms: [propext, Classical.choice, Quot.sound]
'CollatzCanonical.GreenKernelScalars.kappa' depends on axioms: [propext, Classical.choice, Quot.sound]
'CollatzCanonical.GreenKernelScalars.kappa_critical_right_limit' depends on axioms: [propext,
 Classical.choice,
 Quot.sound]
'CollatzCanonical.GreenKernelScalars.kappa_difference_quotient_at_zero' depends on axioms: [propext,
 Classical.choice,
 Quot.sound]
'CollatzCanonical.GreenKernelScalars.kappa_eq_half_rpow' depends on axioms: [propext, Classical.choice, Quot.sound]
'CollatzCanonical.GreenKernelScalars.kappa_lt_one' depends on axioms: [propext, Classical.choice, Quot.sound]
'CollatzCanonical.GreenKernelScalars.kappa_one' depends on axioms: [propext, Classical.choice, Quot.sound]
'CollatzCanonical.GreenKernelScalars.kappa_one_add' depends on axioms: [propext, Classical.choice, Quot.sound]
'CollatzCanonical.GreenKernelScalars.kappa_pos' depends on axioms: [propext, Classical.choice, Quot.sound]
'CollatzCanonical.GreenKernelScalars.kappa_quadratic_remainder_bound' depends on axioms: [propext,
 Classical.choice,
 Quot.sound]
'CollatzCanonical.GreenKernelScalars.kappa_quadratic_remainder_eventually' depends on axioms: [propext,
 Classical.choice,
 Quot.sound]
'CollatzCanonical.GreenKernelScalars.kappa_quadratic_remainder_isBigO' depends on axioms: [propext,
 Classical.choice,
 Quot.sound]
'CollatzCanonical.GreenKernelScalars.kappa_two' depends on axioms: [propext, Classical.choice, Quot.sound]
'CollatzCanonical.GreenKernelScalars.one_sub_kappa_pos' depends on axioms: [propext, Classical.choice, Quot.sound]
'CollatzCanonical.GreenKernelScalars.rpow_strict_chord_one_two' depends on axioms: [propext,
 Classical.choice,
 Quot.sound]
'CollatzCanonical.Halving.allLogTerm' depends on axioms: [propext, Classical.choice, Quot.sound]
'CollatzCanonical.Halving.allLogTerm_even_odd' depends on axioms: [propext, Classical.choice, Quot.sound]
'CollatzCanonical.Halving.allLogTerm_summable' depends on axioms: [propext, Classical.choice, Quot.sound]
'CollatzCanonical.Halving.allLogTerm_tsum' depends on axioms: [propext, Classical.choice, Quot.sound]
'CollatzCanonical.Halving.allLogTerm_zero' depends on axioms: [propext, Classical.choice, Quot.sound]
'CollatzCanonical.Halving.even_logarithmic_term' depends on axioms: [propext, Classical.choice, Quot.sound]
'CollatzCanonical.Halving.logarithmic_cumulative_parity' depends on axioms: [propext, Classical.choice, Quot.sound]
'CollatzCanonical.Halving.logarithmic_family_mean_zero_of_halving' depends on axioms: [propext,
 Classical.choice,
 Quot.sound]
'CollatzCanonical.Halving.oddRestriction' depends on axioms: [propext, Classical.choice, Quot.sound]
'CollatzCanonical.Halving.odd_logarithmic_cumulative' depends on axioms: [propext, Classical.choice, Quot.sound]
'CollatzCanonical.LabelLaw.EventuallyLabelPassageInvariant' depends on axioms: [propext, Classical.choice, Quot.sound]
'CollatzCanonical.LabelLaw.EventuallyPassageInvariant' depends on axioms: [propext, Classical.choice, Quot.sound]
'CollatzCanonical.LabelLaw.IsProbabilityVector' depends on axioms: [propext, Classical.choice, Quot.sound]
'CollatzCanonical.LabelLaw.LabelVector' depends on axioms: [propext, Classical.choice, Quot.sound]
'CollatzCanonical.LabelLaw.SyracuseTailComponent' depends on axioms: [propext, Classical.choice, Quot.sound]
'CollatzCanonical.LabelLaw.SyracuseTailRelated' depends on axioms: [propext, Classical.choice, Quot.sound]
'CollatzCanonical.LabelLaw.SyracuseTailRelated_equivalence' depends on axioms: [propext, Classical.choice, Quot.sound]
'CollatzCanonical.LabelLaw.actual_fixed_passage_label_law' depends on axioms: [propext, Classical.choice, Quot.sound]
'CollatzCanonical.LabelLaw.actual_fixed_passage_odd_and_all_start_law' depends on axioms: [propext,
 Classical.choice,
 Quot.sound]
'CollatzCanonical.LabelLaw.actual_global_minimum_label_law' depends on axioms: [propext, Classical.choice, Quot.sound]
'CollatzCanonical.LabelLaw.actual_global_minimum_odd_and_all_start_law' depends on axioms: [propext,
 Classical.choice,
 Quot.sound]
'CollatzCanonical.LabelLaw.actual_halving_invariant_label_law' depends on axioms: [propext,
 Classical.choice,
 Quot.sound]
'CollatzCanonical.LabelLaw.actual_halving_invariant_natural_label_laws' depends on axioms: [propext,
 Classical.choice,
 Quot.sound]
'CollatzCanonical.LabelLaw.actual_invariant_natural_vector_block_limit' depends on axioms: [propext,
 Classical.choice,
 Quot.sound]
'CollatzCanonical.LabelLaw.actual_invariant_odd_and_natural_vector_mean' depends on axioms: [propext,
 Classical.choice,
 Quot.sound]
'CollatzCanonical.LabelLaw.actual_invariant_odd_vector_mean_exists' depends on axioms: [propext,
 Classical.choice,
 Quot.sound]
'CollatzCanonical.LabelLaw.actual_label_law_real_cutoff' depends on axioms: [propext, Classical.choice, Quot.sound]
'CollatzCanonical.LabelLaw.actual_label_law_uniform_over_subsets' depends on axioms: [propext,
 Classical.choice,
 Quot.sound]
'CollatzCanonical.LabelLaw.actual_logarithmic_and_natural_label_PMF_laws' depends on axioms: [propext,
 Classical.choice,
 Quot.sound]
'CollatzCanonical.LabelLaw.actual_logarithmic_and_natural_label_laws' depends on axioms: [propext,
 Classical.choice,
 Quot.sound]
'CollatzCanonical.LabelLaw.actual_minimum_label_tightness' depends on axioms: [propext, Classical.choice, Quot.sound]
'CollatzCanonical.LabelLaw.actual_natural_fixed_passage_law' depends on axioms: [propext, Classical.choice, Quot.sound]
'CollatzCanonical.LabelLaw.actual_natural_label_law_uniform_over_subsets' depends on axioms: [propext,
 Classical.choice,
 Quot.sound]
'CollatzCanonical.LabelLaw.actual_natural_standard_minimum_law' depends on axioms: [propext,
 Classical.choice,
 Quot.sound]
'CollatzCanonical.LabelLaw.actual_natural_tail_component_law' depends on axioms: [propext, Classical.choice, Quot.sound]
'CollatzCanonical.LabelLaw.actual_odd_and_all_start_label_PMF_law' depends on axioms: [propext,
 Classical.choice,
 Quot.sound]
'CollatzCanonical.LabelLaw.actual_odd_and_all_start_label_law' depends on axioms: [propext,
 Classical.choice,
 Quot.sound]
'CollatzCanonical.LabelLaw.actual_odd_label_PMF_law' depends on axioms: [propext, Classical.choice, Quot.sound]
'CollatzCanonical.LabelLaw.actual_odd_label_probability_law' depends on axioms: [propext, Classical.choice, Quot.sound]
'CollatzCanonical.LabelLaw.actual_odd_logarithmic_and_natural_label_law' depends on axioms: [propext,
 Classical.choice,
 Quot.sound]
'CollatzCanonical.LabelLaw.actual_standard_global_minimum_label_law' depends on axioms: [propext,
 Classical.choice,
 Quot.sound]
'CollatzCanonical.LabelLaw.actual_standard_minimum_logarithmic_and_natural_tightness' depends on axioms: [propext,
 Classical.choice,
 Quot.sound]
'CollatzCanonical.LabelLaw.actual_standard_minimum_odd_and_all_start_law' depends on axioms: [propext,
 Classical.choice,
 Quot.sound]
'CollatzCanonical.LabelLaw.actual_tail_component_label_law' depends on axioms: [propext, Classical.choice, Quot.sound]
'CollatzCanonical.LabelLaw.actual_tail_component_odd_and_all_start_law' depends on axioms: [propext,
 Classical.choice,
 Quot.sound]
'CollatzCanonical.LabelLaw.closed_vector_rate_of_logscale_rate' depends on axioms: [propext,
 Classical.choice,
 Quot.sound]
'CollatzCanonical.LabelLaw.closed_vector_window_mean_limit' depends on axioms: [propext, Classical.choice, Quot.sound]
'CollatzCanonical.LabelLaw.collatzOrbitMin_eq_syracuseGlobalMinimum_oddPart' depends on axioms: [propext,
 Classical.choice,
 Quot.sound]
'CollatzCanonical.LabelLaw.collatzOrbitMin_eq_syracuseGlobalMinimum_of_odd' depends on axioms: [propext,
 Classical.choice,
 Quot.sound]
'CollatzCanonical.LabelLaw.collatzOrbitMin_halving' depends on axioms: [propext, Classical.choice, Quot.sound]
'CollatzCanonical.LabelLaw.eventually_natural_vector_comparison' depends on axioms: [propext,
 Classical.choice,
 Quot.sound]
'CollatzCanonical.LabelLaw.finiteMeanV' depends on axioms: [propext, Classical.choice, Quot.sound]
'CollatzCanonical.LabelLaw.finiteMeanV_norm_le' depends on axioms: [propext, Classical.choice, Quot.sound]
'CollatzCanonical.LabelLaw.finiteMeanV_pushforward' depends on axioms: [propext, Classical.choice, Quot.sound]
'CollatzCanonical.LabelLaw.finiteMeanV_sub' depends on axioms: [propext, Classical.choice, Quot.sound]
'CollatzCanonical.LabelLaw.finiteMeanV_sub_le_fullL1' depends on axioms: [propext, Classical.choice, Quot.sound]
'CollatzCanonical.LabelLaw.finiteMeanV_transport_exact' depends on axioms: [propext, Classical.choice, Quot.sound]
'CollatzCanonical.LabelLaw.finiteMeanV_two_passage_bound' depends on axioms: [propext, Classical.choice, Quot.sound]
'CollatzCanonical.LabelLaw.finite_label_probability_pushforward' depends on axioms: [propext,
 Classical.choice,
 Quot.sound]
'CollatzCanonical.LabelLaw.first_scale_eventual_vector_real_rate' depends on axioms: [propext,
 Classical.choice,
 Quot.sound]
'CollatzCanonical.LabelLaw.first_scale_normalized_vector_rate' depends on axioms: [propext,
 Classical.choice,
 Quot.sound]
'CollatzCanonical.LabelLaw.fixedPassageLabel' depends on axioms: [propext, Classical.choice, Quot.sound]
'CollatzCanonical.LabelLaw.fixedPassageLimitPMF' depends on axioms: [propext, Classical.choice, Quot.sound]
'CollatzCanonical.LabelLaw.fixedPassageLimitPMF_all_start_fullL1' depends on axioms: [propext,
 Classical.choice,
 Quot.sound]
'CollatzCanonical.LabelLaw.fixedPassageLimitPMF_fullL1' depends on axioms: [propext, Classical.choice, Quot.sound]
'CollatzCanonical.LabelLaw.fixedPassageLimitPMF_natural_all_start_fullL1' depends on axioms: [propext,
 Classical.choice,
 Quot.sound]
'CollatzCanonical.LabelLaw.fixedPassageLimitPMF_natural_odd_fullL1' depends on axioms: [propext,
 Classical.choice,
 Quot.sound]
'CollatzCanonical.LabelLaw.fixedPassageLimitVector' depends on axioms: [propext, Classical.choice, Quot.sound]
'CollatzCanonical.LabelLaw.fixedPassageLimitVector_isProbability' depends on axioms: [propext,
 Classical.choice,
 Quot.sound]
'CollatzCanonical.LabelLaw.fixedPassageLimitVector_natural_limits' depends on axioms: [propext,
 Classical.choice,
 Quot.sound]
'CollatzCanonical.LabelLaw.fixedPassageLimitVector_tendsto' depends on axioms: [propext, Classical.choice, Quot.sound]
'CollatzCanonical.LabelLaw.fixed_passage_eventually_passage_invariant' depends on axioms: [propext,
 Classical.choice,
 Quot.sound]
'CollatzCanonical.LabelLaw.fixed_passage_limit_projective' depends on axioms: [propext, Classical.choice, Quot.sound]
'CollatzCanonical.LabelLaw.fullLabelLaw' depends on axioms: [propext, Classical.choice, Quot.sound]
'CollatzCanonical.LabelLaw.fullLabelLaw_eq_of_halving' depends on axioms: [propext, Classical.choice, Quot.sound]
'CollatzCanonical.LabelLaw.fullLabelLaw_isProbabilityVector' depends on axioms: [propext, Classical.choice, Quot.sound]
'CollatzCanonical.LabelLaw.fullLabelLaw_standard_minimum' depends on axioms: [propext, Classical.choice, Quot.sound]
'CollatzCanonical.LabelLaw.fullLabelLaw_subset_mass' depends on axioms: [propext, Classical.choice, Quot.sound]
'CollatzCanonical.LabelLaw.fullLabelLaw_tendsto_of_vector_mean' depends on axioms: [propext,
 Classical.choice,
 Quot.sound]
'CollatzCanonical.LabelLaw.fullLabel_cumulative_mass' depends on axioms: [propext, Classical.choice, Quot.sound]
'CollatzCanonical.LabelLaw.fullLabel_cumulative_nonneg' depends on axioms: [propext, Classical.choice, Quot.sound]
'CollatzCanonical.LabelLaw.fullLabel_cumulative_subset_mass' depends on axioms: [propext, Classical.choice, Quot.sound]
'CollatzCanonical.LabelLaw.full_harmonic_mass_pos' depends on axioms: [propext, Classical.choice, Quot.sound]
'CollatzCanonical.LabelLaw.full_harmonic_mass_ratio_tendsto' depends on axioms: [propext, Classical.choice, Quot.sound]
'CollatzCanonical.LabelLaw.full_label_law_logarithmic_mean' depends on axioms: [propext, Classical.choice, Quot.sound]
'CollatzCanonical.LabelLaw.global_minimum_eventually_passage_invariant' depends on axioms: [propext,
 Classical.choice,
 Quot.sound]
'CollatzCanonical.LabelLaw.labelAtom' depends on axioms: [propext, Classical.choice, Quot.sound]
'CollatzCanonical.LabelLaw.labelAtom_mass' depends on axioms: [propext, Classical.choice, Quot.sound]
'CollatzCanonical.LabelLaw.labelAtom_nonneg' depends on axioms: [propext, Classical.choice, Quot.sound]
'CollatzCanonical.LabelLaw.labelAtom_norm' depends on axioms: [propext, Classical.choice, Quot.sound]
'CollatzCanonical.LabelLaw.labelSubsetMass' depends on axioms: [propext, Classical.choice, Quot.sound]
'CollatzCanonical.LabelLaw.labelSubsetMass_atom' depends on axioms: [propext, Classical.choice, Quot.sound]
'CollatzCanonical.LabelLaw.labelSubsetMass_compl' depends on axioms: [propext, Classical.choice, Quot.sound]
'CollatzCanonical.LabelLaw.labelSubsetMass_difference_le_fullL1' depends on axioms: [propext,
 Classical.choice,
 Quot.sound]
'CollatzCanonical.LabelLaw.labelSubsetMass_finset_sum' depends on axioms: [propext, Classical.choice, Quot.sound]
'CollatzCanonical.LabelLaw.labelSubsetMass_le_one' depends on axioms: [propext, Classical.choice, Quot.sound]
'CollatzCanonical.LabelLaw.labelSubsetMass_nat_tail_eq' depends on axioms: [propext, Classical.choice, Quot.sound]
'CollatzCanonical.LabelLaw.labelSubsetMass_nonneg' depends on axioms: [propext, Classical.choice, Quot.sound]
'CollatzCanonical.LabelLaw.labelSubsetMass_singleton' depends on axioms: [propext, Classical.choice, Quot.sound]
'CollatzCanonical.LabelLaw.labelSubsetMass_smul' depends on axioms: [propext, Classical.choice, Quot.sound]
'CollatzCanonical.LabelLaw.labelSubsetMass_tendsto' depends on axioms: [propext, Classical.choice, Quot.sound]
'CollatzCanonical.LabelLaw.labelSubsetMass_uniform_convergence' depends on axioms: [propext,
 Classical.choice,
 Quot.sound]
'CollatzCanonical.LabelLaw.labelSubsetMass_uniform_convergence_nat' depends on axioms: [propext,
 Classical.choice,
 Quot.sound]
'CollatzCanonical.LabelLaw.labelVector_norm_eq_fullL1' depends on axioms: [propext, Classical.choice, Quot.sound]
'CollatzCanonical.LabelLaw.label_pow_two_eq_of_halving' depends on axioms: [propext, Classical.choice, Quot.sound]
'CollatzCanonical.LabelLaw.native_branch_log_vector_expectation' depends on axioms: [propext,
 Classical.choice,
 Quot.sound]
'CollatzCanonical.LabelLaw.native_closed_vector_expectation' depends on axioms: [propext, Classical.choice, Quot.sound]
'CollatzCanonical.LabelLaw.native_iterated_power_window_vector_expectation' depends on axioms: [propext,
 Classical.choice,
 Quot.sound]
'CollatzCanonical.LabelLaw.native_power_window_vector_expectation' depends on axioms: [propext,
 Classical.choice,
 Quot.sound]
'CollatzCanonical.LabelLaw.native_real_windows_vector_comparison' depends on axioms: [propext,
 Classical.choice,
 Quot.sound]
'CollatzCanonical.LabelLaw.native_vector_expectation_congr' depends on axioms: [propext, Classical.choice, Quot.sound]
'CollatzCanonical.LabelLaw.naturalFullLabelLaw' depends on axioms: [propext, Classical.choice, Quot.sound]
'CollatzCanonical.LabelLaw.naturalFullLabelLaw_eq_of_halving' depends on axioms: [propext, Classical.choice, Quot.sound]
'CollatzCanonical.LabelLaw.naturalOddLabelLaw' depends on axioms: [propext, Classical.choice, Quot.sound]
'CollatzCanonical.LabelLaw.naturalOddLabelLaw_tendsto_of_prefix_mean' depends on axioms: [propext,
 Classical.choice,
 Quot.sound]
'CollatzCanonical.LabelLaw.natural_label_laws_are_probabilities' depends on axioms: [propext,
 Classical.choice,
 Quot.sound]
'CollatzCanonical.LabelLaw.natural_label_limits_of_full_logarithmic_limit' depends on axioms: [propext,
 Classical.choice,
 Quot.sound]
'CollatzCanonical.LabelLaw.natural_label_limits_of_odd_logarithmic_limit' depends on axioms: [propext,
 Classical.choice,
 Quot.sound]
'CollatzCanonical.LabelLaw.natural_label_prefix_masses' depends on axioms: [propext, Classical.choice, Quot.sound]
'CollatzCanonical.LabelLaw.natural_label_prefix_nonneg' depends on axioms: [propext, Classical.choice, Quot.sound]
'CollatzCanonical.LabelLaw.natural_vector_block_limit_of_comparison' depends on axioms: [propext,
 Classical.choice,
 Quot.sound]
'CollatzCanonical.LabelLaw.natural_vector_block_oddPart' depends on axioms: [propext, Classical.choice, Quot.sound]
'CollatzCanonical.LabelLaw.natural_vector_comparison' depends on axioms: [propext, Classical.choice, Quot.sound]
'CollatzCanonical.LabelLaw.natural_vector_comparison_error_tendsto_zero' depends on axioms: [propext,
 Classical.choice,
 Quot.sound]
'CollatzCanonical.LabelLaw.natural_vector_mean_eq_native' depends on axioms: [propext, Classical.choice, Quot.sound]
'CollatzCanonical.LabelLaw.oddLabelLaw' depends on axioms: [propext, Classical.choice, Quot.sound]
'CollatzCanonical.LabelLaw.oddLabelLaw_coordinate' depends on axioms: [propext, Classical.choice, Quot.sound]
'CollatzCanonical.LabelLaw.oddLabelLaw_isProbabilityVector' depends on axioms: [propext, Classical.choice, Quot.sound]
'CollatzCanonical.LabelLaw.oddLabelLaw_standard_minimum' depends on axioms: [propext, Classical.choice, Quot.sound]
'CollatzCanonical.LabelLaw.oddLabel_cumulative_mass' depends on axioms: [propext, Classical.choice, Quot.sound]
'CollatzCanonical.LabelLaw.oddLabel_cumulative_nonneg' depends on axioms: [propext, Classical.choice, Quot.sound]
'CollatzCanonical.LabelLaw.oddLabel_cumulative_oddPart' depends on axioms: [propext, Classical.choice, Quot.sound]
'CollatzCanonical.LabelLaw.oddPartLabel' depends on axioms: [propext, Classical.choice, Quot.sound]
'CollatzCanonical.LabelLaw.oddPartLabel_double' depends on axioms: [propext, Classical.choice, Quot.sound]
'CollatzCanonical.LabelLaw.oddPartLabel_eq_of_halving' depends on axioms: [propext, Classical.choice, Quot.sound]
'CollatzCanonical.LabelLaw.oddPartLabel_eq_of_odd' depends on axioms: [propext, Classical.choice, Quot.sound]
'CollatzCanonical.LabelLaw.odd_harmonic_mass_pos' depends on axioms: [propext, Classical.choice, Quot.sound]
'CollatzCanonical.LabelLaw.odd_harmonic_mass_ratio_tendsto' depends on axioms: [propext, Classical.choice, Quot.sound]
'CollatzCanonical.LabelLaw.odd_label_law_finite_pushforward' depends on axioms: [propext, Classical.choice, Quot.sound]
'CollatzCanonical.LabelLaw.odd_label_probability_of_vector_mean' depends on axioms: [propext,
 Classical.choice,
 Quot.sound]
'CollatzCanonical.LabelLaw.odd_prefix_card_ratio_tendsto' depends on axioms: [propext, Classical.choice, Quot.sound]
'CollatzCanonical.LabelLaw.ordCompl_collatzStep_of_even' depends on axioms: [propext, Classical.choice, Quot.sound]
'CollatzCanonical.LabelLaw.ordCompl_collatzStep_of_odd' depends on axioms: [propext, Classical.choice, Quot.sound]
'CollatzCanonical.LabelLaw.ordCompl_collatz_iterate_mem_syracuse' depends on axioms: [propext,
 Classical.choice,
 Quot.sound]
'CollatzCanonical.LabelLaw.ordCompl_two_eq_self_of_odd' depends on axioms: [propext, Classical.choice, Quot.sound]
'CollatzCanonical.LabelLaw.ordCompl_two_odd' depends on axioms: [propext, Classical.choice, Quot.sound]
'CollatzCanonical.LabelLaw.pmfMeanV' depends on axioms: [propext, Classical.choice, Quot.sound]
'CollatzCanonical.LabelLaw.probabilityVectorPMF' depends on axioms: [propext, Classical.choice, Quot.sound]
'CollatzCanonical.LabelLaw.probabilityVectorPMF_toReal' depends on axioms: [propext, Classical.choice, Quot.sound]
'CollatzCanonical.LabelLaw.probability_vector_nat_tail_tendsto_zero' depends on axioms: [propext,
 Classical.choice,
 Quot.sound]
'CollatzCanonical.LabelLaw.reaches_ordCompl_two' depends on axioms: [propext, Classical.choice, Quot.sound]
'CollatzCanonical.LabelLaw.realFixedPassageLimitPMF' depends on axioms: [propext, Classical.choice, Quot.sound]
'CollatzCanonical.LabelLaw.real_fixed_passage_limit_projective' depends on axioms: [propext,
 Classical.choice,
 Quot.sound]
'CollatzCanonical.LabelLaw.real_fixed_passage_logarithmic_all_start_fullL1' depends on axioms: [propext,
 Classical.choice,
 Quot.sound]
'CollatzCanonical.LabelLaw.real_fixed_passage_logarithmic_odd_fullL1' depends on axioms: [propext,
 Classical.choice,
 Quot.sound]
'CollatzCanonical.LabelLaw.real_fixed_passage_natural_all_start_fullL1' depends on axioms: [propext,
 Classical.choice,
 Quot.sound]
'CollatzCanonical.LabelLaw.real_fixed_passage_natural_odd_fullL1' depends on axioms: [propext,
 Classical.choice,
 Quot.sound]
'CollatzCanonical.LabelLaw.second_scale_eventual_vector_real_rate' depends on axioms: [propext,
 Classical.choice,
 Quot.sound]
'CollatzCanonical.LabelLaw.second_scale_normalized_vector_rate' depends on axioms: [propext,
 Classical.choice,
 Quot.sound]
'CollatzCanonical.LabelLaw.standard_global_minimum_eventually_passage_invariant' depends on axioms: [propext,
 Classical.choice,
 Quot.sound]
'CollatzCanonical.LabelLaw.syracuseGlobalMinimum' depends on axioms: [propext, Classical.choice, Quot.sound]
'CollatzCanonical.LabelLaw.syracuseGlobalMinimum_first_passage' depends on axioms: [propext,
 Classical.choice,
 Quot.sound]
'CollatzCanonical.LabelLaw.syracuseGlobalMinimum_le' depends on axioms: [propext, Classical.choice, Quot.sound]
'CollatzCanonical.LabelLaw.syracuseGlobalMinimum_mem' depends on axioms: [propext, Classical.choice, Quot.sound]
'CollatzCanonical.LabelLaw.syracuseTailLabel' depends on axioms: [propext, Classical.choice, Quot.sound]
'CollatzCanonical.LabelLaw.syracuseTailSetoid' depends on axioms: [propext, Classical.choice, Quot.sound]
'CollatzCanonical.LabelLaw.syracuse_minimum_oddPart_le_collatz_iterate' depends on axioms: [propext,
 Classical.choice,
 Quot.sound]
'CollatzCanonical.LabelLaw.tail_component_eventually_passage_invariant' depends on axioms: [propext,
 Classical.choice,
 Quot.sound]
'CollatzCanonical.LabelLaw.vector_ratio_limit_of_bounded_difference' depends on axioms: [propext,
 Classical.choice,
 Quot.sound]
'CollatzCanonical.LabelLaw.vector_scaled_increment_mean_limit' depends on axioms: [propext,
 Classical.choice,
 Quot.sound]
'CollatzCanonical.LaplaceAbelian.exponential_first_moment' depends on axioms: [propext, Classical.choice, Quot.sound]
'CollatzCanonical.LaplaceAbelian.exponential_first_moment_integrable' depends on axioms: [propext,
 Classical.choice,
 Quot.sound]
'CollatzCanonical.LaplaceAbelian.laplace_abelian_limit' depends on axioms: [propext, Classical.choice, Quot.sound]
'CollatzCanonical.LaplaceAbelian.laplace_scaling_identity' depends on axioms: [propext, Classical.choice, Quot.sound]
'CollatzCanonical.LaplaceAbelian.scaled_laplace_integral_tendsto' depends on axioms: [propext,
 Classical.choice,
 Quot.sound]
'CollatzCanonical.NativeTao.actualTargetClockBadEvent' depends on axioms: [propext, Classical.choice, Quot.sound]
'CollatzCanonical.NativeTao.actual_basin_natural_block_mean' depends on axioms: [propext, Classical.choice, Quot.sound]
'CollatzCanonical.NativeTao.actual_basin_natural_density' depends on axioms: [propext, Classical.choice, Quot.sound]
'CollatzCanonical.NativeTao.actual_clockExceptionIndicator_eq_event' depends on axioms: [propext,
 Classical.choice,
 Quot.sound]
'CollatzCanonical.NativeTao.actual_firstHitOddDepth_exception_mean_zero' depends on axioms: [propext,
 Classical.choice,
 Quot.sound]
'CollatzCanonical.NativeTao.actual_firstHitWeight_natural_mean' depends on axioms: [propext,
 Classical.choice,
 Quot.sound]
'CollatzCanonical.NativeTao.actual_target_clock_exception_logarithmic_mean_zero' depends on axioms: [propext,
 Classical.choice,
 Quot.sound]
'CollatzCanonical.NativeTao.actual_target_clock_ladder_window_probability' depends on axioms: [propext,
 Classical.choice,
 Quot.sound]
'CollatzCanonical.NativeTao.actual_target_clock_window_probability' depends on axioms: [propext,
 Classical.choice,
 Quot.sound]
'CollatzCanonical.NativeTao.actual_weight_natural_block_mean' depends on axioms: [propext, Classical.choice, Quot.sound]
'CollatzCanonical.NativeTao.basinOddSourceEvent' depends on axioms: [propext]
'CollatzCanonical.NativeTao.basin_density_le_of_ladder_probability_bound' depends on axioms: [propext,
 Classical.choice,
 Quot.sound]
'CollatzCanonical.NativeTao.boundedTargetOddRemainder' depends on axioms: [propext, Classical.choice, Quot.sound]
'CollatzCanonical.NativeTao.clockDrift_eq_two_delta' depends on axioms: [propext, Classical.choice, Quot.sound]
'CollatzCanonical.NativeTao.clockScale_tendsto_atTop' depends on axioms: [propext, Classical.choice, Quot.sound]
'CollatzCanonical.NativeTao.clock_ladder_bottom_atom_bound' depends on axioms: [propext, Classical.choice, Quot.sound]
'CollatzCanonical.NativeTao.clock_ladder_source_endpoints' depends on axioms: [propext, Classical.choice, Quot.sound]
'CollatzCanonical.NativeTao.closed_mass_eq_native' depends on axioms: [propext, Classical.choice, Quot.sound]
'CollatzCanonical.NativeTao.closed_probability_eq_native' depends on axioms: [propext, Classical.choice, Quot.sound]
'CollatzCanonical.NativeTao.closed_support_eq_native' depends on axioms: [propext, Classical.choice, Quot.sound]
'CollatzCanonical.NativeTao.eventually_global_barrier_implies_target_clock' depends on axioms: [propext,
 Classical.choice,
 Quot.sound]
'CollatzCanonical.NativeTao.eventually_natural_basin_comparison' depends on axioms: [propext,
 Classical.choice,
 Quot.sound]
'CollatzCanonical.NativeTao.eventually_natural_log_small_landing' depends on axioms: [propext,
 Classical.choice,
 Quot.sound]
'CollatzCanonical.NativeTao.eventually_natural_weight_comparison' depends on axioms: [propext,
 Classical.choice,
 Quot.sound]
'CollatzCanonical.NativeTao.eventually_negative_power_le_log_power' depends on axioms: [propext,
 Classical.choice,
 Quot.sound]
'CollatzCanonical.NativeTao.exists_uniform_bottom_passage_atom_log_rate' depends on axioms: [propext,
 Classical.choice,
 Quot.sound]
'CollatzCanonical.NativeTao.exists_uniform_noSmallAncestor_basin_bound' depends on axioms: [propext,
 Classical.choice,
 Quot.sound]
'CollatzCanonical.NativeTao.finiteBadMass_eq_native_probability' depends on axioms: [propext,
 Classical.choice,
 Quot.sound]
'CollatzCanonical.NativeTao.finitePushforward_eq_native_map' depends on axioms: [propext, Classical.choice, Quot.sound]
'CollatzCanonical.NativeTao.finite_landing_fullL1_eq_native_TV' depends on axioms: [propext,
 Classical.choice,
 Quot.sound]
'CollatzCanonical.NativeTao.firstHitOddDepth_le_boundedTargetOddRemainder' depends on axioms: [propext,
 Classical.choice,
 Quot.sound]
'CollatzCanonical.NativeTao.firstHit_suffix_of_prefix_avoids' depends on axioms: [propext, Quot.sound]
'CollatzCanonical.NativeTao.first_passage_shortcut_odd_sources_above' depends on axioms: [propext,
 Classical.choice,
 Quot.sound]
'CollatzCanonical.NativeTao.follows_false_prefix_even' depends on axioms: [propext, Classical.choice, Quot.sound]
'CollatzCanonical.NativeTao.iterate_eq_native' depends on axioms: [propext, Classical.choice, Quot.sound]
'CollatzCanonical.NativeTao.le_syracuse_clock' depends on axioms: [propext, Classical.choice, Quot.sound]
'CollatzCanonical.NativeTao.logNatWeight_eq_reciprocal' depends on axioms: [propext, Classical.choice, Quot.sound]
'CollatzCanonical.NativeTao.logarithmic_rate_exponent_weaken' depends on axioms: [propext, Classical.choice, Quot.sound]
'CollatzCanonical.NativeTao.native_basin_first_scale_normalized_window_rate' depends on axioms: [propext,
 Classical.choice,
 Quot.sound]
'CollatzCanonical.NativeTao.native_basin_passage_expectation' depends on axioms: [propext, Classical.choice, Quot.sound]
'CollatzCanonical.NativeTao.native_basin_second_scale_eventual_closed_window_log_rate' depends on axioms: [propext,
 Classical.choice,
 Quot.sound]
'CollatzCanonical.NativeTao.native_basin_second_scale_normalized_window_rate' depends on axioms: [propext,
 Classical.choice,
 Quot.sound]
'CollatzCanonical.NativeTao.native_branch_log_expectation' depends on axioms: [propext, Classical.choice, Quot.sound]
'CollatzCanonical.NativeTao.native_closed_expectation' depends on axioms: [propext, Classical.choice, Quot.sound]
'CollatzCanonical.NativeTao.native_eventual_basin_closed_window_log_rate' depends on axioms: [propext,
 Classical.choice,
 Quot.sound]
'CollatzCanonical.NativeTao.native_eventual_basin_real_comparison' depends on axioms: [propext,
 Classical.choice,
 Quot.sound]
'CollatzCanonical.NativeTao.native_eventual_closed_window_log_rate' depends on axioms: [propext,
 Classical.choice,
 Quot.sound]
'CollatzCanonical.NativeTao.native_eventual_weighted_real_comparison' depends on axioms: [propext,
 Classical.choice,
 Quot.sound]
'CollatzCanonical.NativeTao.native_firstHitWeight_passage_expectation' depends on axioms: [propext,
 Classical.choice,
 Quot.sound]
'CollatzCanonical.NativeTao.native_first_passage_bounded_target_remainder' depends on axioms: [propext,
 Classical.choice,
 Quot.sound]
'CollatzCanonical.NativeTao.native_first_passage_oddDepth_split' depends on axioms: [propext,
 Classical.choice,
 Quot.sound]
'CollatzCanonical.NativeTao.native_first_passage_real_target_remainder' depends on axioms: [propext,
 Classical.choice,
 Quot.sound]
'CollatzCanonical.NativeTao.native_first_passage_target_split' depends on axioms: [propext,
 Classical.choice,
 Quot.sound]
'CollatzCanonical.NativeTao.native_first_scale_normalized_window_rate' depends on axioms: [propext,
 Classical.choice,
 Quot.sound]
'CollatzCanonical.NativeTao.native_iterated_power_window_expectation' depends on axioms: [propext,
 Classical.choice,
 Quot.sound]
'CollatzCanonical.NativeTao.native_large_landing_iff' depends on axioms: [propext, Classical.choice, Quot.sound]
'CollatzCanonical.NativeTao.native_natural_first_passage_is_oddBarrier' depends on axioms: [propext,
 Classical.choice,
 Quot.sound]
'CollatzCanonical.NativeTao.native_odd_event_eq_closed_expectation' depends on axioms: [propext,
 Classical.choice,
 Quot.sound]
'CollatzCanonical.NativeTao.native_odd_event_logarithmic_mean_zero' depends on axioms: [propext,
 Classical.choice,
 Quot.sound]
'CollatzCanonical.NativeTao.native_odd_probability_congr' depends on axioms: [propext, Classical.choice, Quot.sound]
'CollatzCanonical.NativeTao.native_odd_source_bad_probability' depends on axioms: [propext,
 Classical.choice,
 Quot.sound]
'CollatzCanonical.NativeTao.native_power_window_expectation' depends on axioms: [propext, Classical.choice, Quot.sound]
'CollatzCanonical.NativeTao.native_real_first_passage_goodLanding' depends on axioms: [propext,
 Classical.choice,
 Quot.sound]
'CollatzCanonical.NativeTao.native_real_first_passage_is_oddBarrier' depends on axioms: [propext,
 Classical.choice,
 Quot.sound]
'CollatzCanonical.NativeTao.native_real_first_passage_successfulLanding' depends on axioms: [propext,
 Classical.choice,
 Quot.sound]
'CollatzCanonical.NativeTao.native_real_passLocation_eq_of_first' depends on axioms: [propext,
 Classical.choice,
 Quot.sound]
'CollatzCanonical.NativeTao.native_real_windows_basin_comparison' depends on axioms: [propext,
 Classical.choice,
 Quot.sound]
'CollatzCanonical.NativeTao.native_real_windows_weight_comparison' depends on axioms: [propext,
 Classical.choice,
 Quot.sound]
'CollatzCanonical.NativeTao.native_second_scale_eventual_basin_real_comparison' depends on axioms: [propext,
 Classical.choice,
 Quot.sound]
'CollatzCanonical.NativeTao.native_second_scale_eventual_closed_window_log_rate' depends on axioms: [propext,
 Classical.choice,
 Quot.sound]
'CollatzCanonical.NativeTao.native_second_scale_eventual_weighted_real_comparison' depends on axioms: [propext,
 Classical.choice,
 Quot.sound]
'CollatzCanonical.NativeTao.native_second_scale_normalized_window_rate' depends on axioms: [propext,
 Classical.choice,
 Quot.sound]
'CollatzCanonical.NativeTao.native_window_expectation_congr' depends on axioms: [propext, Classical.choice, Quot.sound]
'CollatzCanonical.NativeTao.naturalOddBlockMean' depends on axioms: [propext, Classical.choice, Quot.sound]
'CollatzCanonical.NativeTao.naturalOddBlockMean_eq' depends on axioms: [propext, Classical.choice, Quot.sound]
'CollatzCanonical.NativeTao.natural_bad_landing_probability' depends on axioms: [propext, Classical.choice, Quot.sound]
'CollatzCanonical.NativeTao.natural_basin_comparison' depends on axioms: [propext, Classical.choice, Quot.sound]
'CollatzCanonical.NativeTao.natural_block_eq_clock' depends on axioms: [propext, Classical.choice, Quot.sound]
'CollatzCanonical.NativeTao.natural_block_limit_of_comparison' depends on axioms: [propext,
 Classical.choice,
 Quot.sound]
'CollatzCanonical.NativeTao.natural_comparison_error_tendsto_zero' depends on axioms: [propext,
 Classical.choice,
 Quot.sound]
'CollatzCanonical.NativeTao.natural_large_passage_good' depends on axioms: [propext, Classical.choice, Quot.sound]
'CollatzCanonical.NativeTao.natural_pass_eq_native' depends on axioms: [propext, Classical.choice, Quot.sound]
'CollatzCanonical.NativeTao.natural_small_landing_transport' depends on axioms: [propext, Classical.choice, Quot.sound]
'CollatzCanonical.NativeTao.natural_source_eq_clock' depends on axioms: [propext, Classical.choice, Quot.sound]
'CollatzCanonical.NativeTao.natural_weight_comparison' depends on axioms: [propext, Classical.choice, Quot.sound]
'CollatzCanonical.NativeTao.noSmallAncestor_odd_basin_in_passage_atom' depends on axioms: [propext,
 Classical.choice,
 Quot.sound]
'CollatzCanonical.NativeTao.oddCount_eq_native_parity_count' depends on axioms: [propext, Classical.choice, Quot.sound]
'CollatzCanonical.NativeTao.oddEventWeight' depends on axioms: [propext, Classical.choice, Quot.sound]
'CollatzCanonical.NativeTao.oddEventWeight_basinOddSourceEvent' depends on axioms: [propext,
 Classical.choice,
 Quot.sound]
'CollatzCanonical.NativeTao.oddEventWeight_bounds' depends on axioms: [propext, Classical.choice, Quot.sound]
'CollatzCanonical.NativeTao.oddEventWeight_of_odd' depends on axioms: [propext, Classical.choice, Quot.sound]
'CollatzCanonical.NativeTao.odd_basin_event_mean' depends on axioms: [propext, Classical.choice, Quot.sound]
'CollatzCanonical.NativeTao.odd_index_in_syracuse_block_eq_zero' depends on axioms: [propext,
 Classical.choice,
 Quot.sound]
'CollatzCanonical.NativeTao.odd_shortcut_index_is_syracuse_clock' depends on axioms: [propext,
 Classical.choice,
 Quot.sound]
'CollatzCanonical.NativeTao.odd_shortcut_prefix_is_syracuse_source' depends on axioms: [propext,
 Classical.choice,
 Quot.sound]
'CollatzCanonical.NativeTao.pass_preserved_after_shortcut_odd_landing' depends on axioms: [propext,
 Classical.choice,
 Quot.sound]
'CollatzCanonical.NativeTao.pass_preserved_of_syracuse_prefix_high' depends on axioms: [propext,
 Classical.choice,
 Quot.sound]
'CollatzCanonical.NativeTao.reference_passage_atom_probability' depends on axioms: [propext,
 Classical.choice,
 Quot.sound]
'CollatzCanonical.NativeTao.shortcut_odd_endpoint_is_syracuse_clock' depends on axioms: [propext,
 Classical.choice,
 Quot.sound]
'CollatzCanonical.NativeTao.step_eq_native' depends on axioms: [propext, Classical.choice, Quot.sound]
'CollatzCanonical.NativeTao.syracuse_clock_strictMono' depends on axioms: [propext, Classical.choice, Quot.sound]
'CollatzCanonical.NativeTao.syracuse_shortcut_landing' depends on axioms: [propext, Classical.choice, Quot.sound]
'CollatzCanonical.NativeTao.syracuse_shortcut_oddCount' depends on axioms: [propext, Classical.choice, Quot.sound]
'CollatzCanonical.NativeTao.unconditional_natural_passage_rates' depends on axioms: [propext,
 Classical.choice,
 Quot.sound]
'CollatzCanonical.NaturalPrefix.finiteVectorMean' depends on axioms: [propext, Classical.choice, Quot.sound]
'CollatzCanonical.NaturalPrefix.finiteVectorMean_card_smul' depends on axioms: [propext, Classical.choice, Quot.sound]
'CollatzCanonical.NaturalPrefix.finiteVectorMean_norm_le_one' depends on axioms: [propext, Classical.choice, Quot.sound]
'CollatzCanonical.NaturalPrefix.fullNaturalPrefixMean_norm_le_one' depends on axioms: [propext,
 Classical.choice,
 Quot.sound]
'CollatzCanonical.NaturalPrefix.fullNaturalPrefixSum' depends on axioms: [propext, Classical.choice, Quot.sound]
'CollatzCanonical.NaturalPrefix.fullNaturalPrefixSum_halving' depends on axioms: [propext, Classical.choice, Quot.sound]
'CollatzCanonical.NaturalPrefix.full_natural_prefix_mean_of_block_mean' depends on axioms: [propext,
 Classical.choice,
 Quot.sound]
'CollatzCanonical.NaturalPrefix.full_natural_prefix_mean_of_doubling_invariant' depends on axioms: [propext,
 Classical.choice,
 Quot.sound]
'CollatzCanonical.NaturalPrefix.full_natural_prefix_mean_of_odd_mean' depends on axioms: [propext,
 Classical.choice,
 Quot.sound]
'CollatzCanonical.NaturalPrefix.naturalOddVectorBlockMean' depends on axioms: [propext, Classical.choice, Quot.sound]
'CollatzCanonical.NaturalPrefix.naturalOddVectorBlockMean_eq_scalar' depends on axioms: [propext,
 Classical.choice,
 Quot.sound]
'CollatzCanonical.NaturalPrefix.natural_block_missing_prefix_bound' depends on axioms: [propext,
 Classical.choice,
 Quot.sound]
'CollatzCanonical.NaturalPrefix.natural_half_ratio_error' depends on axioms: [propext, Classical.choice, Quot.sound]
'CollatzCanonical.NaturalPrefix.natural_prefix_error_tendsto_zero' depends on axioms: [propext,
 Classical.choice,
 Quot.sound]
'CollatzCanonical.NaturalPrefix.natural_prefix_singleton_doubling_defect' depends on axioms: [propext,
 Classical.choice,
 Quot.sound]
'CollatzCanonical.NaturalPrefix.oddNaturalPrefix' depends on axioms: [propext, Classical.choice, Quot.sound]
'CollatzCanonical.NaturalPrefix.oddNaturalPrefixSum' depends on axioms: [propext, Classical.choice, Quot.sound]
'CollatzCanonical.NaturalPrefix.oddNaturalPrefixSum_eq_sum' depends on axioms: [propext, Classical.choice, Quot.sound]
'CollatzCanonical.NaturalPrefix.oddNaturalPrefix_card' depends on axioms: [propext, Classical.choice, Quot.sound]
'CollatzCanonical.NaturalPrefix.oddNaturalPrefix_card_error' depends on axioms: [propext, Classical.choice, Quot.sound]
'CollatzCanonical.NaturalPrefix.oddNaturalPrefix_mem' depends on axioms: [propext, Classical.choice, Quot.sound]
'CollatzCanonical.NaturalPrefix.odd_natural_prefix_mean_of_block_mean' depends on axioms: [propext,
 Classical.choice,
 Quot.sound]
'CollatzCanonical.NaturalPrefix.odd_prefix_mean_sub_finite_mean_bound' depends on axioms: [propext,
 Classical.choice,
 Quot.sound]
'CollatzCanonical.NaturalPrefix.odd_prefix_mean_sub_natural_block_bound' depends on axioms: [propext,
 Classical.choice,
 Quot.sound]
'CollatzCanonical.NaturalPrefix.scalar_full_natural_prefix_mean_of_block_mean' depends on axioms: [propext,
 Classical.choice,
 Quot.sound]
'CollatzCanonical.NaturalPrefix.stable_natural_halving_tendsto_zero' depends on axioms: [propext,
 Classical.choice,
 Quot.sound]
'CollatzCanonical.OddFullMean.mean_tendsto_twice_of_half_shift' depends on axioms: [propext,
 Classical.choice,
 Quot.sound]
'CollatzCanonical.PackingParameters.admissible_parameter_bounds' depends on axioms: [propext,
 Classical.choice,
 Quot.sound]
'CollatzCanonical.PackingParameters.beta' depends on axioms: [propext, Classical.choice, Quot.sound]
'CollatzCanonical.PackingParameters.beta_lt_one' depends on axioms: [propext, Classical.choice, Quot.sound]
'CollatzCanonical.PackingParameters.beta_pos' depends on axioms: [propext, Classical.choice, Quot.sound]
'CollatzCanonical.PackingParameters.continuousOn_entropy' depends on axioms: [propext, Classical.choice, Quot.sound]
'CollatzCanonical.PackingParameters.entropy' depends on axioms: [propext, Classical.choice, Quot.sound]
'CollatzCanonical.PackingParameters.entropy_half' depends on axioms: [propext, Classical.choice, Quot.sound]
'CollatzCanonical.PackingParameters.entropy_lt_one' depends on axioms: [propext, Classical.choice, Quot.sound]
'CollatzCanonical.PackingParameters.entropy_pos' depends on axioms: [propext, Classical.choice, Quot.sound]
'CollatzCanonical.PackingParameters.exists_entropy_parameter' depends on axioms: [propext, Classical.choice, Quot.sound]
'CollatzCanonical.PackingParameters.exists_packing_parameters' depends on axioms: [propext,
 Classical.choice,
 Quot.sound]
'CollatzCanonical.PackingParameters.threshold' depends on axioms: [propext, Classical.choice, Quot.sound]
'CollatzCanonical.PackingParameters.threshold_mem' depends on axioms: [propext, Classical.choice, Quot.sound]
'CollatzCanonical.PeriodicConvolution.bounded_remainder_div_tendsto_zero' depends on axioms: [propext,
 Classical.choice,
 Quot.sound]
'CollatzCanonical.PeriodicConvolution.linear_bound_of_mean_tendsto' depends on axioms: [propext,
 Classical.choice,
 Quot.sound]
'CollatzCanonical.PeriodicConvolution.loopConvolution' depends on axioms: [propext, Classical.choice, Quot.sound]
'CollatzCanonical.PeriodicConvolution.loop_convolution_add_bounded_remainder_tendsto' depends on axioms: [propext,
 Classical.choice,
 Quot.sound]
'CollatzCanonical.PeriodicConvolution.loop_convolution_tendsto' depends on axioms: [propext,
 Classical.choice,
 Quot.sound]
'CollatzCanonical.PeriodicConvolution.loop_convolution_tendsto_of_linear_bound' depends on axioms: [propext,
 Classical.choice,
 Quot.sound]
'CollatzCanonical.PeriodicConvolution.periodic_reconstruction_tendsto' depends on axioms: [propext,
 Classical.choice,
 Quot.sound]
'CollatzCanonical.PeriodicConvolution.shifted_mean_tendsto' depends on axioms: [propext, Classical.choice, Quot.sound]
'CollatzCanonical.ReciprocalPacking.dyadicIndex' depends on axioms: [propext, Classical.choice, Quot.sound]
'CollatzCanonical.ReciprocalPacking.dyadicIndex_bounds' depends on axioms: [propext, Classical.choice, Quot.sound]
'CollatzCanonical.ReciprocalPacking.finite_indexed_reciprocal_tail' depends on axioms: [propext,
 Classical.choice,
 Quot.sound]
'CollatzCanonical.ReciprocalPacking.finite_reciprocal_tail' depends on axioms: [propext, Classical.choice, Quot.sound]
'CollatzCanonical.ReciprocalPacking.shell_budget_identity' depends on axioms: [propext, Classical.choice, Quot.sound]
'CollatzCanonical.ReciprocalPacking.tailConstant' depends on axioms: [propext, Classical.choice, Quot.sound]
'CollatzCanonical.ReciprocalPacking.tailConstant_nonneg' depends on axioms: [propext, Classical.choice, Quot.sound]
'CollatzCanonical.Scales.logarithms_incommensurable' depends on axioms: [propext, Classical.choice, Quot.sound]
'CollatzCanonical.Scales.no_equal_positive_powers' depends on axioms: [propext, Classical.choice, Quot.sound]
'CollatzCanonical.TwoScale.bounded_expanding_recurrence_eq_zero' depends on axioms: [propext,
 Classical.choice,
 Quot.sound]
'CollatzCanonical.TwoScale.eq_const_of_continuous_two_periods' depends on axioms: [propext,
 Classical.choice,
 Quot.sound]
'CollatzCanonical.TwoScale.exists_limit_of_eventual_two_scale_residuals' depends on axioms: [propext,
 Classical.choice,
 Quot.sound]
'CollatzCanonical.TwoScale.exists_limit_of_two_scale_residuals' depends on axioms: [propext,
 Classical.choice,
 Quot.sound]
'CollatzCanonical.TwoScale.exists_limit_of_two_scale_residuals_with_rate' depends on axioms: [propext,
 Classical.choice,
 Quot.sound]
'CollatzCanonical.TwoScale.exists_periodic_profile_of_exp_shift' depends on axioms: [propext,
 Classical.choice,
 Quot.sound]
'CollatzCanonical.TwoScale.lipschitz_profile_of_asymptotic_modulus' depends on axioms: [propext,
 Classical.choice,
 Quot.sound]
'CollatzCanonical.TwoScale.logarithmicMean' depends on axioms: [propext, Classical.choice, Quot.sound]
'CollatzCanonical.TwoScale.logarithmicMean_bound' depends on axioms: [propext, Classical.choice, Quot.sound]
'CollatzCanonical.TwoScale.logarithmicMean_first_residual' depends on axioms: [propext, Classical.choice, Quot.sound]
'CollatzCanonical.TwoScale.logarithmicMean_log' depends on axioms: [propext, Classical.choice, Quot.sound]
'CollatzCanonical.TwoScale.logarithmicMean_modulus' depends on axioms: [propext, Classical.choice, Quot.sound]
'CollatzCanonical.TwoScale.logarithmicMean_modulus_of_le' depends on axioms: [propext, Classical.choice, Quot.sound]
'CollatzCanonical.TwoScale.logarithmicMean_second_residual' depends on axioms: [propext, Classical.choice, Quot.sound]
'CollatzCanonical.TwoScale.logarithmicMean_stable_link' depends on axioms: [propext, Classical.choice, Quot.sound]
'CollatzCanonical.TwoScale.stable_recurrence_const_bound' depends on axioms: [propext, Classical.choice, Quot.sound]
'CollatzCanonical.TwoScale.stable_recurrence_geometric_bound' depends on axioms: [propext, Classical.choice, Quot.sound]
'CollatzCanonical.TwoScale.stable_recurrence_tendsto_zero' depends on axioms: [propext, Classical.choice, Quot.sound]
'CollatzCanonical.TwoScale.stable_translation_exp_bound' depends on axioms: [propext, Classical.choice, Quot.sound]
'CollatzCanonical.TwoScale.stable_translation_ray_limit' depends on axioms: [propext, Classical.choice, Quot.sound]
'CollatzCanonical.TwoScale.stable_translation_tendsto_zero' depends on axioms: [propext, Classical.choice, Quot.sound]
'CollatzCanonical.TwoScale.tendsto_exp_neg_mul' depends on axioms: [propext, Classical.choice, Quot.sound]
'CollatzCanonical.TwoScale.tendsto_real_arithmetic_ray' depends on axioms: [propext, Classical.choice, Quot.sound]
'CollatzCanonical.TwoScale.two_scale_averaging' depends on axioms: [propext, Classical.choice, Quot.sound]
'CollatzCanonical.TwoScale.windowMean' depends on axioms: [propext, Classical.choice, Quot.sound]
'CollatzCanonical.UniformCorrection.distinct_orbit_correction_hasProd' depends on axioms: [propext,
 Classical.choice,
 Quot.sound]
'CollatzCanonical.UniformCorrection.distinct_orbit_correction_prefix_tendsto' depends on axioms: [propext,
 Classical.choice,
 Quot.sound]
'CollatzCanonical.UniformCorrection.distinct_orbit_forward_product_tendsto_one' depends on axioms: [propext,
 Classical.choice,
 Quot.sound]
'CollatzCanonical.UniformCorrection.distinct_orbit_product_prefix_tail' depends on axioms: [propext,
 Classical.choice,
 Quot.sound]
'CollatzCanonical.UniformCorrection.distinct_orbit_reciprocal_summable' depends on axioms: [propext,
 Classical.choice,
 Quot.sound]
'CollatzCanonical.UniformCorrection.exists_uniform_finite_and_infinite_product_bound' depends on axioms: [propext,
 Classical.choice,
 Quot.sound]
'CollatzCanonical.UniformCorrection.exists_uniform_finite_path_product_bound' depends on axioms: [propext,
 Classical.choice,
 Quot.sound]
'CollatzCanonical.UniformCorrection.finite_correction_sum_le_reciprocal_tail' depends on axioms: [propext,
 Classical.choice,
 Quot.sound]
'CollatzCanonical.UniformCorrection.finite_family_product_bounds' depends on axioms: [propext,
 Classical.choice,
 Quot.sound]
'CollatzCanonical.UniformCorrection.uniform_distinct_orbit_reciprocal_bounds' depends on axioms: [propext,
 Classical.choice,
 Quot.sound]
'CollatzCanonical.UniformCorrection.uniform_finite_path_correction_bounds' depends on axioms: [propext,
 Classical.choice,
 Quot.sound]
'CollatzCanonical.WeightPerturbation.abs_weight_power_perturbation' depends on axioms: [propext,
 Classical.choice,
 Quot.sound]
'CollatzCanonical.WeightPerturbation.neg_mul_log_le_inv_exp' depends on axioms: [propext, Classical.choice, Quot.sound]
'CollatzCanonical.WeightPerturbation.uniform_weight_power_perturbation' depends on axioms: [propext,
 Classical.choice,
 Quot.sound]
'CollatzCanonical.WeightedKernel.bounded_of_tendsto' depends on axioms: [propext, Classical.choice, Quot.sound]
'CollatzCanonical.WeightedKernel.normalized_kernel_tendsto' depends on axioms: [propext, Classical.choice, Quot.sound]
'CollatzCanonical.WeightedKernel.weighted_summable_of_bounded' depends on axioms: [propext,
 Classical.choice,
 Quot.sound]
'CollatzCanonical.WindowTiling.eventual_geometric_cumulative_envelope' depends on axioms: [propext,
 Classical.choice,
 Quot.sound]
'CollatzCanonical.WindowTiling.geometric_cumulative_envelope' depends on axioms: [propext, Classical.choice, Quot.sound]
'CollatzCanonical.WindowTiling.zero_mean_of_geometric_increments' depends on axioms: [propext,
 Classical.choice,
 Quot.sound]
'CollatzClockAudit.actualPrefixGoodEvent' depends on axioms: [propext, Classical.choice, Quot.sound]
'CollatzClockAudit.actual_prefix_bad_iff' depends on axioms: [propext, Classical.choice, Quot.sound]
'CollatzClockAudit.actual_prefix_bad_mass' depends on axioms: [propext, Classical.choice, Quot.sound]
'CollatzClockAudit.actual_prefix_bad_probability_le' depends on axioms: [propext, Classical.choice, Quot.sound]
'CollatzClockAudit.actual_prefix_centered_take' depends on axioms: [propext, Classical.choice, Quot.sound]
'CollatzClockAudit.adjacent_real_sourceHi' depends on axioms: [propext, Classical.choice, Quot.sound]
'CollatzClockAudit.adjacent_real_sourceLo' depends on axioms: [propext, Classical.choice, Quot.sound]
'CollatzClockAudit.adjacent_real_sourceY' depends on axioms: [propext, Classical.choice, Quot.sound]
'CollatzClockAudit.adjacent_reference_passage_tv' depends on axioms: [propext, Classical.choice, Quot.sound]
'CollatzClockAudit.adjacent_reference_passage_tv_of_scale_eq' depends on axioms: [propext, Classical.choice, Quot.sound]
'CollatzClockAudit.canonical_clock_center_bound' depends on axioms: [propext, Classical.choice, Quot.sound]
'CollatzClockAudit.canonical_clock_cost' depends on axioms: [propext, Classical.choice, Quot.sound]
'CollatzClockAudit.canonical_clock_upperIndex_le' depends on axioms: [propext, Classical.choice, Quot.sound]
'CollatzClockAudit.canonical_coarse_landing_bad_probability_le' depends on axioms: [propext,
 Classical.choice,
 Quot.sound]
'CollatzClockAudit.canonical_source_prefix_bad_probability_le' depends on axioms: [propext,
 Classical.choice,
 Quot.sound]
'CollatzClockAudit.canonical_source_support_mem' depends on axioms: [propext, Classical.choice, Quot.sound]
'CollatzClockAudit.canonical_window_threshold_le' depends on axioms: [propext, Classical.choice, Quot.sound]
'CollatzClockAudit.canonical_window_threshold_lt' depends on axioms: [propext, Classical.choice, Quot.sound]
'CollatzClockAudit.clockCenter' depends on axioms: [propext, Classical.choice, Quot.sound]
'CollatzClockAudit.clockDrift' depends on axioms: [propext, Classical.choice, Quot.sound]
'CollatzClockAudit.clockDrift_eq' depends on axioms: [propext, Classical.choice, Quot.sound]
'CollatzClockAudit.clockDrift_ge_quarter' depends on axioms: [propext, Classical.choice, Quot.sound]
'CollatzClockAudit.clockDrift_pos' depends on axioms: [propext, Classical.choice, Quot.sound]
'CollatzClockAudit.clockLadderActualLaw' depends on axioms: [propext, Classical.choice, Quot.sound]
'CollatzClockAudit.clockLadderActualLaw_map_lower' depends on axioms: [propext, Classical.choice, Quot.sound]
'CollatzClockAudit.clockLadderFailureBudget' depends on axioms: [propext, Classical.choice, Quot.sound]
'CollatzClockAudit.clockLadderFailureBudget_le_envelope' depends on axioms: [propext, Classical.choice, Quot.sound]
'CollatzClockAudit.clockLadderFailureCoefficient' depends on axioms: [propext, Classical.choice, Quot.sound]
'CollatzClockAudit.clockLadderFailureEnvelope' depends on axioms: [propext, Classical.choice, Quot.sound]
'CollatzClockAudit.clockLadderFailureEnvelope_tendsto_zero' depends on axioms: [propext, Classical.choice, Quot.sound]
'CollatzClockAudit.clockRadius' depends on axioms: [propext, Classical.choice, Quot.sound]
'CollatzClockAudit.clockRadius_le_five' depends on axioms: [propext, Classical.choice, Quot.sound]
'CollatzClockAudit.clockScale' depends on axioms: [propext, Classical.choice, Quot.sound]
'CollatzClockAudit.clockScale_adjacent_reference_tv' depends on axioms: [propext, Classical.choice, Quot.sound]
'CollatzClockAudit.clockScale_log' depends on axioms: [propext, Classical.choice, Quot.sound]
'CollatzClockAudit.clockScale_mono' depends on axioms: [propext, Classical.choice, Quot.sound]
'CollatzClockAudit.clockScale_pos' depends on axioms: [propext, Classical.choice, Quot.sound]
'CollatzClockAudit.clockScale_succ' depends on axioms: [propext, Classical.choice, Quot.sound]
'CollatzClockAudit.clockScale_zero' depends on axioms: [propext, Classical.choice, Quot.sound]
'CollatzClockAudit.clockUpperIndex' depends on axioms: [propext, Classical.choice, Quot.sound]
'CollatzClockAudit.clock_error_with_bounded_remainder' depends on axioms: [propext, Classical.choice, Quot.sound]
'CollatzClockAudit.clock_ladder_actual_event_le' depends on axioms: [propext, Classical.choice, Quot.sound]
'CollatzClockAudit.clock_ladder_actual_stage_bad' depends on axioms: [propext, Classical.choice, Quot.sound]
'CollatzClockAudit.clock_ladder_actual_stage_bad_geometric' depends on axioms: [propext, Classical.choice, Quot.sound]
'CollatzClockAudit.clock_ladder_actual_tv_le' depends on axioms: [propext, Classical.choice, Quot.sound]
'CollatzClockAudit.clock_ladder_actual_tv_le_geometric' depends on axioms: [propext, Classical.choice, Quot.sound]
'CollatzClockAudit.clock_ladder_odd_source_map_eq_actual_law' depends on axioms: [propext, Classical.choice, Quot.sound]
'CollatzClockAudit.clock_ladder_reference_stage_bad' depends on axioms: [propext, Classical.choice, Quot.sound]
'CollatzClockAudit.clock_ladder_top_source_small_landing' depends on axioms: [propext, Classical.choice, Quot.sound]
'CollatzClockAudit.clock_ladder_top_source_stage_bad' depends on axioms: [propext, Classical.choice, Quot.sound]
'CollatzClockAudit.coarsePrefixError' depends on axioms: [propext, Classical.choice, Quot.sound]
'CollatzClockAudit.coarsePrefixError_le_exp' depends on axioms: [propext, Classical.choice, Quot.sound]
'CollatzClockAudit.coarse_horizon_scale' depends on axioms: [propext, Classical.choice, Quot.sound]
'CollatzClockAudit.eventually_canonical_centered_first_hit' depends on axioms: [propext, Classical.choice, Quot.sound]
'CollatzClockAudit.eventually_canonical_clock_bad_probability_le' depends on axioms: [propext,
 Classical.choice,
 Quot.sound]
'CollatzClockAudit.eventually_canonical_clock_windows' depends on axioms: [propext, Classical.choice, Quot.sound]
'CollatzClockAudit.eventually_canonical_large_landing_polynomial' depends on axioms: [propext,
 Classical.choice,
 Quot.sound]
'CollatzClockAudit.eventually_canonical_source_prefix_bad_probability_le' depends on axioms: [propext,
 Classical.choice,
 Quot.sound]
'CollatzClockAudit.eventually_clockLadderFailureBudget_le' depends on axioms: [propext, Classical.choice, Quot.sound]
'CollatzClockAudit.eventually_coarsePrefixError_le_rpow' depends on axioms: [propext, Classical.choice, Quot.sound]
'CollatzClockAudit.eventually_global_barrier_clock_probability' depends on axioms: [propext,
 Classical.choice,
 Quot.sound]
'CollatzClockAudit.eventually_localPrefixError_stretched_exp' depends on axioms: [propext, Classical.choice, Quot.sound]
'CollatzClockAudit.eventually_natural_clock_bad_log_power' depends on axioms: [propext, Classical.choice, Quot.sound]
'CollatzClockAudit.eventually_real_clock_bad_probability_floor_log_power' depends on axioms: [propext,
 Classical.choice,
 Quot.sound]
'CollatzClockAudit.eventually_real_clock_bad_probability_sharp' depends on axioms: [propext,
 Classical.choice,
 Quot.sound]
'CollatzClockAudit.eventually_real_landing_bad_probability_floor_power' depends on axioms: [propext,
 Classical.choice,
 Quot.sound]
'CollatzClockAudit.eventually_real_large_landing_polynomial' depends on axioms: [propext, Classical.choice, Quot.sound]
'CollatzClockAudit.eventually_real_local_clock_and_landing_rates' depends on axioms: [propext,
 Classical.choice,
 Quot.sound]
'CollatzClockAudit.eventually_real_local_clock_log_power' depends on axioms: [propext, Classical.choice, Quot.sound]
'CollatzClockAudit.eventually_real_local_clock_stretched_exponential' depends on axioms: [propext,
 Classical.choice,
 Quot.sound]
'CollatzClockAudit.eventually_sublinear_clock_error' depends on axioms: [propext, Classical.choice, Quot.sound]
'CollatzClockAudit.eventually_typicalSlack_le_log' depends on axioms: [propext, Classical.choice, Quot.sound]
'CollatzClockAudit.exists_centered_first_hit' depends on axioms: [propext, Classical.choice, Quot.sound]
'CollatzClockAudit.exists_centered_first_hit_five' depends on axioms: [propext, Classical.choice, Quot.sound]
'CollatzClockAudit.exists_clock_scale_uniform_cutoff' depends on axioms: [propext, Classical.choice, Quot.sound]
'CollatzClockAudit.exists_eventually_global_barrier_clock_envelope' depends on axioms: [propext,
 Classical.choice,
 Quot.sound]
'CollatzClockAudit.exists_eventually_real_clock_scale_facts' depends on axioms: [propext, Classical.choice, Quot.sound]
'CollatzClockAudit.finite_pmf_ladder_event_le' depends on axioms: [propext, Classical.choice, Quot.sound]
'CollatzClockAudit.finite_pmf_ladder_tv_le' depends on axioms: [propext, Classical.choice, Quot.sound]
'CollatzClockAudit.first_hit_landing_gt_sqrt_of_prefix_bounds' depends on axioms: [propext,
 Classical.choice,
 Quot.sound]
'CollatzClockAudit.first_hit_log_landing_lower' depends on axioms: [propext, Classical.choice, Quot.sound]
'CollatzClockAudit.floorSourceError_le_floor_rpow' depends on axioms: [propext, Classical.choice, Quot.sound]
'CollatzClockAudit.floorSourceError_le_real_log_rpow' depends on axioms: [propext, Classical.choice, Quot.sound]
'CollatzClockAudit.floorSourceError_le_real_rpow' depends on axioms: [propext, Classical.choice, Quot.sound]
'CollatzClockAudit.floor_clock_source_mass_lower' depends on axioms: [propext, Classical.choice, Quot.sound]
'CollatzClockAudit.floor_clock_source_mass_pos' depends on axioms: [propext, Classical.choice, Quot.sound]
'CollatzClockAudit.floor_log_rpow_neg_le_two_mul' depends on axioms: [propext, Classical.choice, Quot.sound]
'CollatzClockAudit.floor_rpow_neg_le_two_mul' depends on axioms: [propext, Classical.choice, Quot.sound]
'CollatzClockAudit.geometric_decay_interval_le_bottom' depends on axioms: [propext, Classical.choice, Quot.sound]
'CollatzClockAudit.geometric_decay_tail' depends on axioms: [propext, Classical.choice, Quot.sound]
'CollatzClockAudit.geometric_log_scale_sum_le_source' depends on axioms: [propext, Classical.choice, Quot.sound]
'CollatzClockAudit.geometric_nested_stage_budget' depends on axioms: [propext, Classical.choice, Quot.sound]
'CollatzClockAudit.geometric_probability_budget_tendsto_zero' depends on axioms: [propext, Classical.choice, Quot.sound]
'CollatzClockAudit.geometric_reverse_rpow_sum_le_reference' depends on axioms: [propext, Classical.choice, Quot.sound]
'CollatzClockAudit.geometric_rpow_sum_le_last' depends on axioms: [propext, Classical.choice, Quot.sound]
'CollatzClockAudit.geometric_rpow_sum_le_reference' depends on axioms: [propext, Classical.choice, Quot.sound]
'CollatzClockAudit.geometric_stage_budget' depends on axioms: [propext, Classical.choice, Quot.sound]
'CollatzClockAudit.geometric_sum_le_last' depends on axioms: [propext, Classical.choice, Quot.sound]
'CollatzClockAudit.geometric_total_stage_budget' depends on axioms: [propext, Classical.choice, Quot.sound]
'CollatzClockAudit.globalBarrierClockEvent' depends on axioms: [propext, Classical.choice, Quot.sound]
'CollatzClockAudit.globalClockErrorConstant' depends on axioms: [propext, Classical.choice, Quot.sound]
'CollatzClockAudit.globalClockErrorConstant_pos' depends on axioms: [propext, Classical.choice, Quot.sound]
'CollatzClockAudit.globalClockFailureBudget' depends on axioms: [propext, Classical.choice, Quot.sound]
'CollatzClockAudit.globalClockFailureBudget_eq_clockLadderFailureBudget' depends on axioms: [propext,
 Classical.choice,
 Quot.sound]
'CollatzClockAudit.globalClockGoodEvent' depends on axioms: [propext, Classical.choice, Quot.sound]
'CollatzClockAudit.global_barrier_clock_failure_le_envelope' depends on axioms: [propext, Classical.choice, Quot.sound]
'CollatzClockAudit.global_barrier_clock_failure_probability' depends on axioms: [propext, Classical.choice, Quot.sound]
'CollatzClockAudit.global_clock_good_failure_probability' depends on axioms: [propext, Classical.choice, Quot.sound]
'CollatzClockAudit.global_clock_good_first_hit' depends on axioms: [propext, Classical.choice, Quot.sound]
'CollatzClockAudit.global_clock_good_implies_barrier_clock' depends on axioms: [propext, Classical.choice, Quot.sound]
'CollatzClockAudit.global_clock_stage_error_le_source' depends on axioms: [propext, Classical.choice, Quot.sound]
'CollatzClockAudit.half_log_le_log_floor' depends on axioms: [propext, Classical.choice, Quot.sound]
'CollatzClockAudit.half_rpow_le_of_half_le' depends on axioms: [propext, Classical.choice, Quot.sound]
'CollatzClockAudit.hitsAtMost_tail_iff_of_first_hit' depends on axioms: [propext, Classical.choice, Quot.sound]
'CollatzClockAudit.inv_le_log_rpow_neg' depends on axioms: [propext, Classical.choice, Quot.sound]
'CollatzClockAudit.largeLandingGoodEvent' depends on axioms: [propext, Classical.choice, Quot.sound]
'CollatzClockAudit.le_clockScale' depends on axioms: [propext, Classical.choice, Quot.sound]
'CollatzClockAudit.localClockGoodEvent' depends on axioms: [propext, Classical.choice, Quot.sound]
'CollatzClockAudit.localClockGoodEvent_floor_subset_real' depends on axioms: [propext, Classical.choice, Quot.sound]
'CollatzClockAudit.localPrefixError' depends on axioms: [propext, Classical.choice, Quot.sound]
'CollatzClockAudit.localPrefixError_le_stretched_exp' depends on axioms: [propext, Classical.choice, Quot.sound]
'CollatzClockAudit.logCorrection' depends on axioms: [propext, Classical.choice, Quot.sound]
'CollatzClockAudit.logCorrection_le_before_hit' depends on axioms: [propext, Classical.choice, Quot.sound]
'CollatzClockAudit.logCorrection_nonneg' depends on axioms: [propext, Classical.choice, Quot.sound]
'CollatzClockAudit.oddEventToNat' depends on axioms: [propext]
'CollatzClockAudit.odd_source_event_probability_eq_logFinsetProb' depends on axioms: [propext,
 Classical.choice,
 Quot.sound]
'CollatzClockAudit.odd_source_event_probability_perturbation' depends on axioms: [propext, Classical.choice, Quot.sound]
'CollatzClockAudit.one_le_clockScale' depends on axioms: [propext, Classical.choice, Quot.sound]
'CollatzClockAudit.passAtMostOrOne_compose' depends on axioms: [propext, Classical.choice, Quot.sound]
'CollatzClockAudit.passAtMostOrOne_of_first_hit' depends on axioms: [propext, Classical.choice, Quot.sound]
'CollatzClockAudit.passAtMostOrOne_of_le' depends on axioms: [propext, Classical.choice, Quot.sound]
'CollatzClockAudit.passLocationLaw_map_lower' depends on axioms: [propext, Classical.choice, Quot.sound]
'CollatzClockAudit.passOrOne_compose' depends on axioms: [propext, Classical.choice, Quot.sound]
'CollatzClockAudit.passOrOne_map_compose' depends on axioms: [propext, Classical.choice, Quot.sound]
'CollatzClockAudit.pass_value_eq_of_first_hit' depends on axioms: [propext, Classical.choice, Quot.sound]
'CollatzClockAudit.pmf_outer_mass_ne_top' depends on axioms: [propext, Classical.choice, Quot.sound]
'CollatzClockAudit.pmf_outer_probability_biUnion_le' depends on axioms: [propext, Classical.choice, Quot.sound]
'CollatzClockAudit.pmf_outer_probability_mono_support' depends on axioms: [propext, Classical.choice, Quot.sound]
'CollatzClockAudit.pmf_outer_probability_union_le' depends on axioms: [propext, Classical.choice, Quot.sound]
'CollatzClockAudit.realClockPassageLaw' depends on axioms: [propext, Classical.choice, Quot.sound]
'CollatzClockAudit.realClockSourceHi' depends on axioms: [propext, Classical.choice, Quot.sound]
'CollatzClockAudit.realClockSourceLo' depends on axioms: [propext, Classical.choice, Quot.sound]
'CollatzClockAudit.realClockSourceY' depends on axioms: [propext, Classical.choice, Quot.sound]
'CollatzClockAudit.realFloorPassLocationLaw_map_lower' depends on axioms: [propext, Classical.choice, Quot.sound]
'CollatzClockAudit.realFloorPassOrOne_compose' depends on axioms: [propext, Classical.choice, Quot.sound]
'CollatzClockAudit.realFloorPassOrOne_map_compose' depends on axioms: [propext, Classical.choice, Quot.sound]
'CollatzClockAudit.realLargeLandingGoodEvent' depends on axioms: [propext, Classical.choice, Quot.sound]
'CollatzClockAudit.realLocalClockGoodEvent' depends on axioms: [propext, Classical.choice, Quot.sound]
'CollatzClockAudit.real_canonical_window_pair' depends on axioms: [propext, Classical.choice, Quot.sound]
'CollatzClockAudit.real_clock_bad_probability_le_floor_add' depends on axioms: [propext, Classical.choice, Quot.sound]
'CollatzClockAudit.real_clock_source_mass_lower' depends on axioms: [propext, Classical.choice, Quot.sound]
'CollatzClockAudit.real_clock_source_mass_pos' depends on axioms: [propext, Classical.choice, Quot.sound]
'CollatzClockAudit.real_clock_source_support_threshold_le' depends on axioms: [propext, Classical.choice, Quot.sound]
'CollatzClockAudit.real_default_landing_stage_clock' depends on axioms: [propext, Classical.choice, Quot.sound]
'CollatzClockAudit.real_default_landing_stage_clock_from' depends on axioms: [propext, Classical.choice, Quot.sound]
'CollatzClockAudit.real_first_hit_compose' depends on axioms: [propext, Classical.choice, Quot.sound]
'CollatzClockAudit.real_first_hit_difference_clock' depends on axioms: [propext, Classical.choice, Quot.sound]
'CollatzClockAudit.real_first_hit_stage_clock' depends on axioms: [propext, Classical.choice, Quot.sound]
'CollatzClockAudit.real_first_hit_stage_concat' depends on axioms: [propext, Classical.choice, Quot.sound]
'CollatzClockAudit.real_first_hit_time_difference' depends on axioms: [propext, Classical.choice, Quot.sound]
'CollatzClockAudit.real_first_hit_time_mono' depends on axioms: [propext, Classical.choice, Quot.sound]
'CollatzClockAudit.real_floor_clock_source_perturbation' depends on axioms: [propext, Classical.choice, Quot.sound]
'CollatzClockAudit.real_floor_log_gap' depends on axioms: [propext, Classical.choice, Quot.sound]
'CollatzClockAudit.real_landing_bad_probability_le_floor_add' depends on axioms: [propext, Classical.choice, Quot.sound]
'CollatzClockAudit.real_landing_gt_sqrt_of_coarse_prefix' depends on axioms: [propext, Classical.choice, Quot.sound]
'CollatzClockAudit.real_odd_source_map_passage_eq' depends on axioms: [propext, Classical.choice, Quot.sound]
'CollatzClockAudit.real_pass_value_congr' depends on axioms: [propext, Classical.choice, Quot.sound]
'CollatzClockAudit.real_pass_value_eq_of_first_hit' depends on axioms: [propext, Classical.choice, Quot.sound]
'CollatzClockAudit.real_source_event_probability_le_floor_add' depends on axioms: [propext,
 Classical.choice,
 Quot.sound]
'CollatzClockAudit.reference_passage_small_landing_probability' depends on axioms: [propext,
 Classical.choice,
 Quot.sound]
'CollatzClockAudit.reference_stage_clock_bad_probability' depends on axioms: [propext, Classical.choice, Quot.sound]
'CollatzClockAudit.reference_stage_clock_bad_probability_of_scale_eq' depends on axioms: [propext,
 Classical.choice,
 Quot.sound]
'CollatzClockAudit.reference_stage_good_of_two_local_clocks' depends on axioms: [propext, Classical.choice, Quot.sound]
'CollatzClockAudit.rpow_neg_le_two_mul_of_half_le' depends on axioms: [propext, Classical.choice, Quot.sound]
'CollatzClockAudit.section5_centered_first_hit' depends on axioms: [propext, Classical.choice, Quot.sound]
'CollatzClockAudit.source_event_bad_probability_le' depends on axioms: [propext, Classical.choice, Quot.sound]
'CollatzClockAudit.stageClockGoodEvent' depends on axioms: [propext, Classical.choice, Quot.sound]
'CollatzClockAudit.stageTime' depends on axioms: [propext, Classical.choice, Quot.sound]
'CollatzClockAudit.stageTime_succ' depends on axioms: [propext, Classical.choice, Quot.sound]
'CollatzClockAudit.stageTime_zero' depends on axioms: [propext, Classical.choice, Quot.sound]
'CollatzClockAudit.stage_clock_error_sum' depends on axioms: [propext, Classical.choice, Quot.sound]
'CollatzClockAudit.syracuse_iterate_pos_clock' depends on axioms: [propext, Classical.choice, Quot.sound]
'CollatzClockAudit.syracuse_log_lower_of_typical' depends on axioms: [propext, Classical.choice, Quot.sound]
'CollatzClockAudit.syracuse_log_step' depends on axioms: [propext, Classical.choice, Quot.sound]
'CollatzClockAudit.syracuse_log_trajectory' depends on axioms: [propext, Classical.choice, Quot.sound]
'CollatzClockAudit.syracuse_log_upper_before_hit' depends on axioms: [propext, Classical.choice, Quot.sound]
'CollatzClockAudit.terminal_valuation_le_of_prefix_bounds' depends on axioms: [propext, Classical.choice, Quot.sound]
'CollatzClockSecondScale.actualPrefixGoodEvent' depends on axioms: [propext, Classical.choice, Quot.sound]
'CollatzClockSecondScale.actual_prefix_bad_iff' depends on axioms: [propext, Classical.choice, Quot.sound]
'CollatzClockSecondScale.actual_prefix_bad_mass' depends on axioms: [propext, Classical.choice, Quot.sound]
'CollatzClockSecondScale.actual_prefix_bad_probability_le' depends on axioms: [propext, Classical.choice, Quot.sound]
'CollatzClockSecondScale.actual_prefix_centered_take' depends on axioms: [propext, Classical.choice, Quot.sound]
'CollatzClockSecondScale.canonical_clock_center_bound' depends on axioms: [propext, Classical.choice, Quot.sound]
'CollatzClockSecondScale.canonical_clock_cost' depends on axioms: [propext, Classical.choice, Quot.sound]
'CollatzClockSecondScale.canonical_clock_upperIndex_le' depends on axioms: [propext, Classical.choice, Quot.sound]
'CollatzClockSecondScale.canonical_coarse_landing_bad_probability_le' depends on axioms: [propext,
 Classical.choice,
 Quot.sound]
'CollatzClockSecondScale.canonical_source_prefix_bad_probability_le' depends on axioms: [propext,
 Classical.choice,
 Quot.sound]
'CollatzClockSecondScale.canonical_source_support_mem' depends on axioms: [propext, Classical.choice, Quot.sound]
'CollatzClockSecondScale.canonical_window_threshold_le' depends on axioms: [propext, Classical.choice, Quot.sound]
'CollatzClockSecondScale.canonical_window_threshold_lt' depends on axioms: [propext, Classical.choice, Quot.sound]
'CollatzClockSecondScale.clockCenter' depends on axioms: [propext, Classical.choice, Quot.sound]
'CollatzClockSecondScale.clockDrift' depends on axioms: [propext, Classical.choice, Quot.sound]
'CollatzClockSecondScale.clockDrift_eq' depends on axioms: [propext, Classical.choice, Quot.sound]
'CollatzClockSecondScale.clockDrift_ge_quarter' depends on axioms: [propext, Classical.choice, Quot.sound]
'CollatzClockSecondScale.clockDrift_pos' depends on axioms: [propext, Classical.choice, Quot.sound]
'CollatzClockSecondScale.clockRadius' depends on axioms: [propext, Classical.choice, Quot.sound]
'CollatzClockSecondScale.clockRadius_le_five' depends on axioms: [propext, Classical.choice, Quot.sound]
'CollatzClockSecondScale.clockUpperIndex' depends on axioms: [propext, Classical.choice, Quot.sound]
'CollatzClockSecondScale.coarsePrefixError' depends on axioms: [propext, Classical.choice, Quot.sound]
'CollatzClockSecondScale.coarsePrefixError_le_exp' depends on axioms: [propext, Classical.choice, Quot.sound]
'CollatzClockSecondScale.coarse_horizon_scale' depends on axioms: [propext, Classical.choice, Quot.sound]
'CollatzClockSecondScale.eventually_canonical_centered_first_hit' depends on axioms: [propext,
 Classical.choice,
 Quot.sound]
'CollatzClockSecondScale.eventually_canonical_clock_bad_probability_le' depends on axioms: [propext,
 Classical.choice,
 Quot.sound]
'CollatzClockSecondScale.eventually_canonical_clock_windows' depends on axioms: [propext, Classical.choice, Quot.sound]
'CollatzClockSecondScale.eventually_canonical_large_landing_polynomial' depends on axioms: [propext,
 Classical.choice,
 Quot.sound]
'CollatzClockSecondScale.eventually_canonical_source_prefix_bad_probability_le' depends on axioms: [propext,
 Classical.choice,
 Quot.sound]
'CollatzClockSecondScale.eventually_coarsePrefixError_le_rpow' depends on axioms: [propext,
 Classical.choice,
 Quot.sound]
'CollatzClockSecondScale.eventually_localPrefixError_stretched_exp' depends on axioms: [propext,
 Classical.choice,
 Quot.sound]
'CollatzClockSecondScale.eventually_natural_clock_bad_log_power' depends on axioms: [propext,
 Classical.choice,
 Quot.sound]
'CollatzClockSecondScale.eventually_real_clock_bad_probability_floor_log_power' depends on axioms: [propext,
 Classical.choice,
 Quot.sound]
'CollatzClockSecondScale.eventually_real_clock_bad_probability_sharp' depends on axioms: [propext,
 Classical.choice,
 Quot.sound]
'CollatzClockSecondScale.eventually_real_landing_bad_probability_floor_power' depends on axioms: [propext,
 Classical.choice,
 Quot.sound]
'CollatzClockSecondScale.eventually_real_large_landing_polynomial' depends on axioms: [propext,
 Classical.choice,
 Quot.sound]
'CollatzClockSecondScale.eventually_real_local_clock_and_landing_rates' depends on axioms: [propext,
 Classical.choice,
 Quot.sound]
'CollatzClockSecondScale.eventually_real_local_clock_log_power' depends on axioms: [propext,
 Classical.choice,
 Quot.sound]
'CollatzClockSecondScale.eventually_real_local_clock_stretched_exponential' depends on axioms: [propext,
 Classical.choice,
 Quot.sound]
'CollatzClockSecondScale.eventually_typicalSlack_le_log' depends on axioms: [propext, Classical.choice, Quot.sound]
'CollatzClockSecondScale.exists_centered_first_hit' depends on axioms: [propext, Classical.choice, Quot.sound]
'CollatzClockSecondScale.exists_centered_first_hit_five' depends on axioms: [propext, Classical.choice, Quot.sound]
'CollatzClockSecondScale.first_hit_landing_gt_sqrt_of_prefix_bounds' depends on axioms: [propext,
 Classical.choice,
 Quot.sound]
'CollatzClockSecondScale.first_hit_log_landing_lower' depends on axioms: [propext, Classical.choice, Quot.sound]
'CollatzClockSecondScale.floorSourceError_le_floor_rpow' depends on axioms: [propext, Classical.choice, Quot.sound]
'CollatzClockSecondScale.floorSourceError_le_real_log_rpow' depends on axioms: [propext, Classical.choice, Quot.sound]
'CollatzClockSecondScale.floorSourceError_le_real_rpow' depends on axioms: [propext, Classical.choice, Quot.sound]
'CollatzClockSecondScale.floor_clock_source_mass_lower' depends on axioms: [propext, Classical.choice, Quot.sound]
'CollatzClockSecondScale.floor_clock_source_mass_pos' depends on axioms: [propext, Classical.choice, Quot.sound]
'CollatzClockSecondScale.floor_log_rpow_neg_le_two_mul' depends on axioms: [propext, Classical.choice, Quot.sound]
'CollatzClockSecondScale.floor_rpow_neg_le_two_mul' depends on axioms: [propext, Classical.choice, Quot.sound]
'CollatzClockSecondScale.half_log_le_log_floor' depends on axioms: [propext, Classical.choice, Quot.sound]
'CollatzClockSecondScale.half_rpow_le_of_half_le' depends on axioms: [propext, Classical.choice, Quot.sound]
'CollatzClockSecondScale.inv_le_log_rpow_neg' depends on axioms: [propext, Classical.choice, Quot.sound]
'CollatzClockSecondScale.largeLandingGoodEvent' depends on axioms: [propext, Classical.choice, Quot.sound]
'CollatzClockSecondScale.localClockGoodEvent' depends on axioms: [propext, Classical.choice, Quot.sound]
'CollatzClockSecondScale.localClockGoodEvent_floor_subset_real' depends on axioms: [propext,
 Classical.choice,
 Quot.sound]
'CollatzClockSecondScale.localPrefixError' depends on axioms: [propext, Classical.choice, Quot.sound]
'CollatzClockSecondScale.localPrefixError_le_stretched_exp' depends on axioms: [propext, Classical.choice, Quot.sound]
'CollatzClockSecondScale.logCorrection' depends on axioms: [propext, Classical.choice, Quot.sound]
'CollatzClockSecondScale.logCorrection_le_before_hit' depends on axioms: [propext, Classical.choice, Quot.sound]
'CollatzClockSecondScale.logCorrection_nonneg' depends on axioms: [propext, Classical.choice, Quot.sound]
'CollatzClockSecondScale.oddEventToNat' depends on axioms: [propext]
'CollatzClockSecondScale.odd_source_event_probability_eq_logFinsetProb' depends on axioms: [propext,
 Classical.choice,
 Quot.sound]
'CollatzClockSecondScale.odd_source_event_probability_perturbation' depends on axioms: [propext,
 Classical.choice,
 Quot.sound]
'CollatzClockSecondScale.pmf_outer_probability_mono_support' depends on axioms: [propext, Classical.choice, Quot.sound]
'CollatzClockSecondScale.realClockSourceHi' depends on axioms: [propext, Classical.choice, Quot.sound]
'CollatzClockSecondScale.realClockSourceLo' depends on axioms: [propext, Classical.choice, Quot.sound]
'CollatzClockSecondScale.realClockSourceY' depends on axioms: [propext, Classical.choice, Quot.sound]
'CollatzClockSecondScale.realLargeLandingGoodEvent' depends on axioms: [propext, Classical.choice, Quot.sound]
'CollatzClockSecondScale.realLocalClockGoodEvent' depends on axioms: [propext, Classical.choice, Quot.sound]
'CollatzClockSecondScale.real_clock_bad_probability_le_floor_add' depends on axioms: [propext,
 Classical.choice,
 Quot.sound]
'CollatzClockSecondScale.real_clock_source_mass_lower' depends on axioms: [propext, Classical.choice, Quot.sound]
'CollatzClockSecondScale.real_clock_source_mass_pos' depends on axioms: [propext, Classical.choice, Quot.sound]
'CollatzClockSecondScale.real_floor_clock_source_perturbation' depends on axioms: [propext,
 Classical.choice,
 Quot.sound]
'CollatzClockSecondScale.real_floor_log_gap' depends on axioms: [propext, Classical.choice, Quot.sound]
'CollatzClockSecondScale.real_landing_bad_probability_le_floor_add' depends on axioms: [propext,
 Classical.choice,
 Quot.sound]
'CollatzClockSecondScale.real_landing_gt_sqrt_of_coarse_prefix' depends on axioms: [propext,
 Classical.choice,
 Quot.sound]
'CollatzClockSecondScale.real_source_event_probability_le_floor_add' depends on axioms: [propext,
 Classical.choice,
 Quot.sound]
'CollatzClockSecondScale.rpow_neg_le_two_mul_of_half_le' depends on axioms: [propext, Classical.choice, Quot.sound]
'CollatzClockSecondScale.section5_centered_first_hit' depends on axioms: [propext, Classical.choice, Quot.sound]
'CollatzClockSecondScale.source_event_bad_probability_le' depends on axioms: [propext, Classical.choice, Quot.sound]
'CollatzClockSecondScale.syracuse_iterate_pos_clock' depends on axioms: [propext, Classical.choice, Quot.sound]
'CollatzClockSecondScale.syracuse_log_lower_of_typical' depends on axioms: [propext, Classical.choice, Quot.sound]
'CollatzClockSecondScale.syracuse_log_step' depends on axioms: [propext, Classical.choice, Quot.sound]
'CollatzClockSecondScale.syracuse_log_trajectory' depends on axioms: [propext, Classical.choice, Quot.sound]
'CollatzClockSecondScale.syracuse_log_upper_before_hit' depends on axioms: [propext, Classical.choice, Quot.sound]
'CollatzClockSecondScale.terminal_valuation_le_of_prefix_bounds' depends on axioms: [propext,
 Classical.choice,
 Quot.sound]
'CollatzCylinderPacking.Admissible.odd_count' depends on axioms: [propext]
'CollatzCylinderPacking.Arithmetic.Compatible' depends on axioms: [propext]
'CollatzCylinderPacking.Arithmetic.FirstHit' does not depend on any axioms
'CollatzCylinderPacking.Arithmetic.GoodOddBarrierLanding' depends on axioms: [propext, Classical.choice, Quot.sound]
'CollatzCylinderPacking.Arithmetic.IsSyracuseStationary' depends on axioms: [propext, Classical.choice, Quot.sound]
'CollatzCylinderPacking.Arithmetic.NoSmallAncestor' depends on axioms: [propext, Classical.choice, Quot.sound]
'CollatzCylinderPacking.Arithmetic.OddBarrierPassage.first_hit' depends on axioms: [propext,
 Classical.choice,
 Quot.sound]
'CollatzCylinderPacking.Arithmetic.OddBarrierPassage.landing_le_of_prefix_hit' depends on axioms: [propext,
 Classical.choice,
 Quot.sound]
'CollatzCylinderPacking.Arithmetic.OddBarrierPassage.prefix_avoids_odd_target' depends on axioms: [propext,
 Classical.choice,
 Quot.sound]
'CollatzCylinderPacking.Arithmetic.OddBarrierPassage.prefix_avoids_of_landing_gt' depends on axioms: [propext,
 Classical.choice,
 Quot.sound]
'CollatzCylinderPacking.Arithmetic.OddBarrierPassage.prefix_injective' depends on axioms: [propext,
 Classical.choice,
 Quot.sound]
'CollatzCylinderPacking.Arithmetic.SuccessfulOddBarrierLanding' depends on axioms: [propext,
 Classical.choice,
 Quot.sound]
'CollatzCylinderPacking.Arithmetic.ValidBlock' depends on axioms: [propext]
'CollatzCylinderPacking.Arithmetic.ValidTuple' depends on axioms: [propext]
'CollatzCylinderPacking.Arithmetic.ValidWord' depends on axioms: [propext]
'CollatzCylinderPacking.Arithmetic.actualBasinDensity' depends on axioms: [propext, Classical.choice, Quot.sound]
'CollatzCylinderPacking.Arithmetic.actualBasinDensity_bounds' depends on axioms: [propext, Classical.choice, Quot.sound]
'CollatzCylinderPacking.Arithmetic.actualDensityValue' depends on axioms: [propext, Classical.choice, Quot.sound]
'CollatzCylinderPacking.Arithmetic.actualFirstHitDensity' depends on axioms: [propext, Classical.choice, Quot.sound]
'CollatzCylinderPacking.Arithmetic.actualFirstHitDensity_nonneg' depends on axioms: [propext,
 Classical.choice,
 Quot.sound]
'CollatzCylinderPacking.Arithmetic.actualGreen' depends on axioms: [propext, Classical.choice, Quot.sound]
'CollatzCylinderPacking.Arithmetic.actual_all_start_firstHitElapsed_exception_mean_zero' depends on axioms: [propext,
 Classical.choice,
 Quot.sound]
'CollatzCylinderPacking.Arithmetic.actual_all_start_firstHitOddDepth_exception_mean_zero' depends on axioms: [propext,
 Classical.choice,
 Quot.sound]
'CollatzCylinderPacking.Arithmetic.actual_basin_and_weighted_density_comparison' depends on axioms: [propext,
 Classical.choice,
 Quot.sound]
'CollatzCylinderPacking.Arithmetic.actual_basin_density_pos_of_unit' depends on axioms: [propext,
 Classical.choice,
 Quot.sound]
'CollatzCylinderPacking.Arithmetic.actual_basin_density_positive_iff_unit' depends on axioms: [propext,
 Classical.choice,
 Quot.sound]
'CollatzCylinderPacking.Arithmetic.actual_basin_density_zero_of_multiple_three' depends on axioms: [propext,
 Classical.choice,
 Quot.sound]
'CollatzCylinderPacking.Arithmetic.actual_basin_full_logarithmic_mean' depends on axioms: [propext,
 Classical.choice,
 Quot.sound]
'CollatzCylinderPacking.Arithmetic.actual_basin_odd_mean' depends on axioms: [propext, Classical.choice, Quot.sound]
'CollatzCylinderPacking.Arithmetic.actual_basin_positive_iff_weighted_positive' depends on axioms: [propext,
 Classical.choice,
 Quot.sound]
'CollatzCylinderPacking.Arithmetic.actual_basin_reciprocal_density' depends on axioms: [propext,
 Classical.choice,
 Quot.sound]
'CollatzCylinderPacking.Arithmetic.actual_canonical_identification' depends on axioms: [propext,
 Classical.choice,
 Quot.sound]
'CollatzCylinderPacking.Arithmetic.actual_canonical_identification_from_odd_density_clock' depends on axioms: [propext,
 Classical.choice,
 Quot.sound]
'CollatzCylinderPacking.Arithmetic.actual_canonical_identification_of_exception_density' depends on axioms: [propext,
 Classical.choice,
 Quot.sound]
'CollatzCylinderPacking.Arithmetic.actual_canonical_limits_of_weighted_clock' depends on axioms: [propext,
 Classical.choice,
 Quot.sound]
'CollatzCylinderPacking.Arithmetic.actual_clock_normalized_tail_tendsto_zero' depends on axioms: [propext,
 Classical.choice,
 Quot.sound]
'CollatzCylinderPacking.Arithmetic.actual_clock_summable' depends on axioms: [propext, Classical.choice, Quot.sound]
'CollatzCylinderPacking.Arithmetic.actual_clock_tail_bound' depends on axioms: [propext, Classical.choice, Quot.sound]
'CollatzCylinderPacking.Arithmetic.actual_clock_tail_summable' depends on axioms: [propext,
 Classical.choice,
 Quot.sound]
'CollatzCylinderPacking.Arithmetic.actual_clock_tail_tendsto_zero' depends on axioms: [propext,
 Classical.choice,
 Quot.sound]
'CollatzCylinderPacking.Arithmetic.actual_clock_tail_term_eq' depends on axioms: [propext, Classical.choice, Quot.sound]
'CollatzCylinderPacking.Arithmetic.actual_clock_tail_tsum' depends on axioms: [propext, Classical.choice, Quot.sound]
'CollatzCylinderPacking.Arithmetic.actual_clock_term_eq' depends on axioms: [propext, Classical.choice, Quot.sound]
'CollatzCylinderPacking.Arithmetic.actual_clock_tsum' depends on axioms: [propext, Classical.choice, Quot.sound]
'CollatzCylinderPacking.Arithmetic.actual_density_harmonic' depends on axioms: [propext, Classical.choice, Quot.sound]
'CollatzCylinderPacking.Arithmetic.actual_density_positivity_equivalences' depends on axioms: [propext,
 Classical.choice,
 Quot.sound]
'CollatzCylinderPacking.Arithmetic.actual_firstHitElapsed_exception_mean_zero' depends on axioms: [propext,
 Classical.choice,
 Quot.sound]
'CollatzCylinderPacking.Arithmetic.actual_firstHitWeight_full_mean' depends on axioms: [propext,
 Classical.choice,
 Quot.sound]
'CollatzCylinderPacking.Arithmetic.actual_firstHitWeight_odd_mean' depends on axioms: [propext,
 Classical.choice,
 Quot.sound]
'CollatzCylinderPacking.Arithmetic.actual_first_hit_mean_of_exception_density' depends on axioms: [propext,
 Classical.choice,
 Quot.sound]
'CollatzCylinderPacking.Arithmetic.actual_first_hit_mean_of_weighted_clock' depends on axioms: [propext,
 Classical.choice,
 Quot.sound]
'CollatzCylinderPacking.Arithmetic.actual_green_critical_of_dirichlet' depends on axioms: [propext,
 Classical.choice,
 Quot.sound]
'CollatzCylinderPacking.Arithmetic.actual_green_density_limit' depends on axioms: [propext,
 Classical.choice,
 Quot.sound]
'CollatzCylinderPacking.Arithmetic.actual_green_harmonic_of_pointwise' depends on axioms: [propext,
 Classical.choice,
 Quot.sound]
'CollatzCylinderPacking.Arithmetic.actual_green_hasSum' depends on axioms: [propext, Classical.choice, Quot.sound]
'CollatzCylinderPacking.Arithmetic.actual_green_resolvent' depends on axioms: [propext, Classical.choice, Quot.sound]
'CollatzCylinderPacking.Arithmetic.actual_green_summable' depends on axioms: [propext, Classical.choice, Quot.sound]
'CollatzCylinderPacking.Arithmetic.actual_green_tsum' depends on axioms: [propext, Classical.choice, Quot.sound]
'CollatzCylinderPacking.Arithmetic.actual_trace_positive_iff_unit' depends on axioms: [propext,
 Classical.choice,
 Quot.sound]
'CollatzCylinderPacking.Arithmetic.actual_trace_zero_of_multiple_three' depends on axioms: [propext,
 Classical.choice,
 Quot.sound]
'CollatzCylinderPacking.Arithmetic.actual_unconditional_canonical_identification' depends on axioms: [propext,
 Classical.choice,
 Quot.sound]
'CollatzCylinderPacking.Arithmetic.actual_unconditional_density_harmonic' depends on axioms: [propext,
 Classical.choice,
 Quot.sound]
'CollatzCylinderPacking.Arithmetic.actual_unconditional_green_limit' depends on axioms: [propext,
 Classical.choice,
 Quot.sound]
'CollatzCylinderPacking.Arithmetic.actual_weighted_clock_exception_mean' depends on axioms: [propext,
 Classical.choice,
 Quot.sound]
'CollatzCylinderPacking.Arithmetic.actual_weighted_density_positive_iff_unit' depends on axioms: [propext,
 Classical.choice,
 Quot.sound]
'CollatzCylinderPacking.Arithmetic.actual_weighted_density_zero_of_multiple_three' depends on axioms: [propext,
 Classical.choice,
 Quot.sound]
'CollatzCylinderPacking.Arithmetic.actual_weighted_positive_iff_trace_positive' depends on axioms: [propext,
 Classical.choice,
 Quot.sound]
'CollatzCylinderPacking.Arithmetic.affineNumerator' depends on axioms: [propext]
'CollatzCylinderPacking.Arithmetic.allHitTerm' depends on axioms: [propext, Classical.choice, Quot.sound]
'CollatzCylinderPacking.Arithmetic.allHitTerm_fixed_depth_hasSum' depends on axioms: [propext,
 Classical.choice,
 Quot.sound]
'CollatzCylinderPacking.Arithmetic.allHitTerm_initial_even' depends on axioms: [propext, Classical.choice, Quot.sound]
'CollatzCylinderPacking.Arithmetic.allHitTerm_joint_summable' depends on axioms: [propext, Classical.choice, Quot.sound]
'CollatzCylinderPacking.Arithmetic.allHitTerm_joint_tsum' depends on axioms: [propext, Classical.choice, Quot.sound]
'CollatzCylinderPacking.Arithmetic.allHitTerm_nonneg' depends on axioms: [propext, Classical.choice, Quot.sound]
'CollatzCylinderPacking.Arithmetic.allOneWord' does not depend on any axioms
'CollatzCylinderPacking.Arithmetic.allOneWord_length' depends on axioms: [propext]
'CollatzCylinderPacking.Arithmetic.allOneWord_list' depends on axioms: [propext]
'CollatzCylinderPacking.Arithmetic.allOneWord_valid' depends on axioms: [propext, Classical.choice, Quot.sound]
'CollatzCylinderPacking.Arithmetic.all_hit_rpow_hasSum' depends on axioms: [propext, Classical.choice, Quot.sound]
'CollatzCylinderPacking.Arithmetic.all_hit_rpow_hasSum_of_no_hit' depends on axioms: [propext,
 Classical.choice,
 Quot.sound]
'CollatzCylinderPacking.Arithmetic.all_hit_rpow_hasSum_of_no_return' depends on axioms: [propext,
 Classical.choice,
 Quot.sound]
'CollatzCylinderPacking.Arithmetic.all_hit_weight_rpow_hasSum' depends on axioms: [propext,
 Classical.choice,
 Quot.sound]
'CollatzCylinderPacking.Arithmetic.arithmeticEndpointTailTerm' depends on axioms: [propext,
 Classical.choice,
 Quot.sound]
'CollatzCylinderPacking.Arithmetic.arithmeticEndpointTailTerm_nonneg' depends on axioms: [propext,
 Classical.choice,
 Quot.sound]
'CollatzCylinderPacking.Arithmetic.arithmeticGrowthHeadTerm' depends on axioms: [propext, Classical.choice, Quot.sound]
'CollatzCylinderPacking.Arithmetic.arithmeticGrowthHeadTerm_summable' depends on axioms: [propext,
 Classical.choice,
 Quot.sound]
'CollatzCylinderPacking.Arithmetic.arithmeticGrowthHeadTerm_tsum' depends on axioms: [propext,
 Classical.choice,
 Quot.sound]
'CollatzCylinderPacking.Arithmetic.arithmeticHeadTerm' depends on axioms: [propext, Classical.choice, Quot.sound]
'CollatzCylinderPacking.Arithmetic.arithmeticHeadTerm_summable' depends on axioms: [propext,
 Classical.choice,
 Quot.sound]
'CollatzCylinderPacking.Arithmetic.arithmeticHeadTerm_tsum' depends on axioms: [propext, Classical.choice, Quot.sound]
'CollatzCylinderPacking.Arithmetic.arithmeticLengthTailTerm' depends on axioms: [propext, Classical.choice, Quot.sound]
'CollatzCylinderPacking.Arithmetic.arithmeticLengthTailTerm_nonneg' depends on axioms: [propext,
 Classical.choice,
 Quot.sound]
'CollatzCylinderPacking.Arithmetic.arithmeticMass' depends on axioms: [propext, Classical.choice, Quot.sound]
'CollatzCylinderPacking.Arithmetic.arithmeticTerm' depends on axioms: [propext, Classical.choice, Quot.sound]
'CollatzCylinderPacking.Arithmetic.arithmeticTerm_le_probability' depends on axioms: [propext,
 Classical.choice,
 Quot.sound]
'CollatzCylinderPacking.Arithmetic.arithmeticTerm_nonneg' depends on axioms: [propext, Classical.choice, Quot.sound]
'CollatzCylinderPacking.Arithmetic.arithmeticTerm_split' depends on axioms: [propext, Classical.choice, Quot.sound]
'CollatzCylinderPacking.Arithmetic.arithmeticTerm_summable' depends on axioms: [propext, Classical.choice, Quot.sound]
'CollatzCylinderPacking.Arithmetic.arithmetic_cumulative_no_return' depends on axioms: [propext,
 Classical.choice,
 Quot.sound]
'CollatzCylinderPacking.Arithmetic.arithmetic_cumulative_periodic' depends on axioms: [propext,
 Classical.choice,
 Quot.sound]
'CollatzCylinderPacking.Arithmetic.arithmetic_cumulative_word_identity' depends on axioms: [propext,
 Classical.choice,
 Quot.sound]
'CollatzCylinderPacking.Arithmetic.arithmetic_endpoint_cutoff' depends on axioms: [propext,
 Classical.choice,
 Quot.sound]
'CollatzCylinderPacking.Arithmetic.arithmetic_endpoint_tail_bound' depends on axioms: [propext,
 Classical.choice,
 Quot.sound]
'CollatzCylinderPacking.Arithmetic.arithmetic_endpoint_tail_le_length_tail' depends on axioms: [propext,
 Classical.choice,
 Quot.sound]
'CollatzCylinderPacking.Arithmetic.arithmetic_endpoint_tail_summable' depends on axioms: [propext,
 Classical.choice,
 Quot.sound]
'CollatzCylinderPacking.Arithmetic.arithmetic_growth_head_bound' depends on axioms: [propext,
 Classical.choice,
 Quot.sound]
'CollatzCylinderPacking.Arithmetic.arithmetic_growth_head_fiberwise' depends on axioms: [propext,
 Classical.choice,
 Quot.sound]
'CollatzCylinderPacking.Arithmetic.arithmetic_growth_term_split' depends on axioms: [propext,
 Classical.choice,
 Quot.sound]
'CollatzCylinderPacking.Arithmetic.arithmetic_head_fiberwise' depends on axioms: [propext, Classical.choice, Quot.sound]
'CollatzCylinderPacking.Arithmetic.arithmetic_length_tail_bound' depends on axioms: [propext,
 Classical.choice,
 Quot.sound]
'CollatzCylinderPacking.Arithmetic.arithmetic_length_tail_summable' depends on axioms: [propext,
 Classical.choice,
 Quot.sound]
'CollatzCylinderPacking.Arithmetic.arithmetic_mass_eq_residueMass' depends on axioms: [propext,
 Classical.choice,
 Quot.sound]
'CollatzCylinderPacking.Arithmetic.arithmetic_mass_eq_series_law' depends on axioms: [propext,
 Classical.choice,
 Quot.sound]
'CollatzCylinderPacking.Arithmetic.arithmetic_mass_expansion' depends on axioms: [propext, Classical.choice, Quot.sound]
'CollatzCylinderPacking.Arithmetic.arithmetic_mass_le_one' depends on axioms: [propext, Classical.choice, Quot.sound]
'CollatzCylinderPacking.Arithmetic.arithmetic_mass_lower' depends on axioms: [propext, Classical.choice, Quot.sound]
'CollatzCylinderPacking.Arithmetic.arithmetic_mass_modEq' depends on axioms: [propext, Classical.choice, Quot.sound]
'CollatzCylinderPacking.Arithmetic.arithmetic_mass_nonneg' depends on axioms: [propext, Classical.choice, Quot.sound]
'CollatzCylinderPacking.Arithmetic.arithmetic_mass_upper' depends on axioms: [propext, Classical.choice, Quot.sound]
'CollatzCylinderPacking.Arithmetic.arithmetic_rho_abel_summable' depends on axioms: [propext,
 Classical.choice,
 Quot.sound]
'CollatzCylinderPacking.Arithmetic.arithmetic_rho_growth' depends on axioms: [propext, Classical.choice, Quot.sound]
'CollatzCylinderPacking.Arithmetic.arithmetic_rho_linear_bound' depends on axioms: [propext,
 Classical.choice,
 Quot.sound]
'CollatzCylinderPacking.Arithmetic.arithmetic_six_depth_tail' depends on axioms: [propext, Classical.choice, Quot.sound]
'CollatzCylinderPacking.Arithmetic.basinIndicator' depends on axioms: [propext, Classical.choice, Quot.sound]
'CollatzCylinderPacking.Arithmetic.basinIndicator_barrier' depends on axioms: [propext, Classical.choice, Quot.sound]
'CollatzCylinderPacking.Arithmetic.basinIndicator_bounds' depends on axioms: [propext, Classical.choice, Quot.sound]
'CollatzCylinderPacking.Arithmetic.basinIndicator_halving' depends on axioms: [propext, Classical.choice, Quot.sound]
'CollatzCylinderPacking.Arithmetic.basinIndicator_halving_defect' depends on axioms: [propext,
 Classical.choice,
 Quot.sound]
'CollatzCylinderPacking.Arithmetic.basinIndicator_prefix' depends on axioms: [propext, Classical.choice, Quot.sound]
'CollatzCylinderPacking.Arithmetic.basinIndicator_self' depends on axioms: [propext, Classical.choice, Quot.sound]
'CollatzCylinderPacking.Arithmetic.basin_density_ge_positive_count_rate' depends on axioms: [propext,
 Classical.choice,
 Quot.sound]
'CollatzCylinderPacking.Arithmetic.basin_full_mean_of_odd_mean' depends on axioms: [propext,
 Classical.choice,
 Quot.sound]
'CollatzCylinderPacking.Arithmetic.basin_halving_cumulative_defect' depends on axioms: [propext,
 Classical.choice,
 Quot.sound]
'CollatzCylinderPacking.Arithmetic.basin_odd_full_cumulative_recurrence' depends on axioms: [propext,
 Classical.choice,
 Quot.sound]
'CollatzCylinderPacking.Arithmetic.blockDepthHitTerm' depends on axioms: [propext, Classical.choice, Quot.sound]
'CollatzCylinderPacking.Arithmetic.blockDepthHitTerm_nonneg' depends on axioms: [propext, Classical.choice, Quot.sound]
'CollatzCylinderPacking.Arithmetic.blockWordTerm' depends on axioms: [propext, Classical.choice, Quot.sound]
'CollatzCylinderPacking.Arithmetic.blockWordTerm_eq_orbitRatio_rpow' depends on axioms: [propext,
 Classical.choice,
 Quot.sound]
'CollatzCylinderPacking.Arithmetic.blockWordTerm_nonneg' depends on axioms: [propext, Classical.choice, Quot.sound]
'CollatzCylinderPacking.Arithmetic.blockWordTerm_one' depends on axioms: [propext, Classical.choice, Quot.sound]
'CollatzCylinderPacking.Arithmetic.blockWordTerm_succ' depends on axioms: [propext, Classical.choice, Quot.sound]
'CollatzCylinderPacking.Arithmetic.blockWordTerm_summable' depends on axioms: [propext, Classical.choice, Quot.sound]
'CollatzCylinderPacking.Arithmetic.block_depth_hit_hasSum' depends on axioms: [propext, Classical.choice, Quot.sound]
'CollatzCylinderPacking.Arithmetic.block_depth_joint_summable' depends on axioms: [propext,
 Classical.choice,
 Quot.sound]
'CollatzCylinderPacking.Arithmetic.block_depth_sum_at_endpoint' depends on axioms: [propext,
 Classical.choice,
 Quot.sound]
'CollatzCylinderPacking.Arithmetic.block_depth_zero_hasSum' depends on axioms: [propext, Classical.choice, Quot.sound]
'CollatzCylinderPacking.Arithmetic.block_path' depends on axioms: [propext, Classical.choice, Quot.sound]
'CollatzCylinderPacking.Arithmetic.block_weight_rpow' depends on axioms: [propext, Classical.choice, Quot.sound]
'CollatzCylinderPacking.Arithmetic.bounded_ancestor_targets_in_basin_finite' depends on axioms: [propext,
 Classical.choice,
 Quot.sound]
'CollatzCylinderPacking.Arithmetic.canonicalMaximumCylinder' depends on axioms: [propext, Classical.choice, Quot.sound]
'CollatzCylinderPacking.Arithmetic.canonicalPadicRho' depends on axioms: [propext, Classical.choice, Quot.sound]
'CollatzCylinderPacking.Arithmetic.canonicalPadicRho_natCast' depends on axioms: [propext, Classical.choice, Quot.sound]
'CollatzCylinderPacking.Arithmetic.canonicalPadicRho_successor_recursion' depends on axioms: [propext,
 Classical.choice,
 Quot.sound]
'CollatzCylinderPacking.Arithmetic.canonicalRho' depends on axioms: [propext, Classical.choice, Quot.sound]
'CollatzCylinderPacking.Arithmetic.canonicalRho_abel_summable' depends on axioms: [propext,
 Classical.choice,
 Quot.sound]
'CollatzCylinderPacking.Arithmetic.canonicalRho_eq_arithmetic' depends on axioms: [propext,
 Classical.choice,
 Quot.sound]
'CollatzCylinderPacking.Arithmetic.canonicalRho_eq_syracuseBlockIterate' depends on axioms: [propext,
 Classical.choice,
 Quot.sound]
'CollatzCylinderPacking.Arithmetic.canonicalRho_linear_bound' depends on axioms: [propext, Classical.choice, Quot.sound]
'CollatzCylinderPacking.Arithmetic.canonicalRho_nonneg' depends on axioms: [propext, Classical.choice, Quot.sound]
'CollatzCylinderPacking.Arithmetic.canonicalRho_successor_recursion' depends on axioms: [propext,
 Classical.choice,
 Quot.sound]
'CollatzCylinderPacking.Arithmetic.canonicalSyracuseMeasure' depends on axioms: [propext, Classical.choice, Quot.sound]
'CollatzCylinderPacking.Arithmetic.canonicalSyracuseProbability' depends on axioms: [propext,
 Classical.choice,
 Quot.sound]
'CollatzCylinderPacking.Arithmetic.canonicalSyracuseVariable' depends on axioms: [propext, Classical.choice, Quot.sound]
'CollatzCylinderPacking.Arithmetic.canonical_abel_no_return_of_first_hit_mean' depends on axioms: [propext,
 Classical.choice,
 Quot.sound]
'CollatzCylinderPacking.Arithmetic.canonical_abel_of_first_hit_mean' depends on axioms: [propext,
 Classical.choice,
 Quot.sound]
'CollatzCylinderPacking.Arithmetic.canonical_abel_periodic_of_first_hit_mean' depends on axioms: [propext,
 Classical.choice,
 Quot.sound]
'CollatzCylinderPacking.Arithmetic.canonical_approximation_bound' depends on axioms: [propext,
 Classical.choice,
 Quot.sound]
'CollatzCylinderPacking.Arithmetic.canonical_approximation_tendsto' depends on axioms: [propext,
 Classical.choice,
 Quot.sound]
'CollatzCylinderPacking.Arithmetic.canonical_cesaro_no_return_of_first_hit_mean' depends on axioms: [propext,
 Classical.choice,
 Quot.sound]
'CollatzCylinderPacking.Arithmetic.canonical_cesaro_of_first_hit_mean' depends on axioms: [propext,
 Classical.choice,
 Quot.sound]
'CollatzCylinderPacking.Arithmetic.canonical_cesaro_periodic_of_first_hit_mean' depends on axioms: [propext,
 Classical.choice,
 Quot.sound]
'CollatzCylinderPacking.Arithmetic.canonical_cumulative_eq_arithmetic' depends on axioms: [propext,
 Classical.choice,
 Quot.sound]
'CollatzCylinderPacking.Arithmetic.canonical_cylinder_abel_of_cesaro' depends on axioms: [propext,
 Classical.choice,
 Quot.sound]
'CollatzCylinderPacking.Arithmetic.canonical_cylinder_abel_of_depth_mean' depends on axioms: [propext,
 Classical.choice,
 Quot.sound]
'CollatzCylinderPacking.Arithmetic.canonical_cylinder_arithmetic' depends on axioms: [propext,
 Classical.choice,
 Quot.sound]
'CollatzCylinderPacking.Arithmetic.canonical_cylinder_holder_bound' depends on axioms: [propext,
 Classical.choice,
 Quot.sound]
'CollatzCylinderPacking.Arithmetic.canonical_cylinder_le_maximum' depends on axioms: [propext,
 Classical.choice,
 Quot.sound]
'CollatzCylinderPacking.Arithmetic.canonical_cylinder_probability' depends on axioms: [propext,
 Classical.choice,
 Quot.sound]
'CollatzCylinderPacking.Arithmetic.canonical_cylinder_real' depends on axioms: [propext, Classical.choice, Quot.sound]
'CollatzCylinderPacking.Arithmetic.canonical_cylinder_uniform_exponent_le' depends on axioms: [propext,
 Classical.choice,
 Quot.sound]
'CollatzCylinderPacking.Arithmetic.canonical_depth_mean_no_return_of_first_hit_mean' depends on axioms: [propext,
 Classical.choice,
 Quot.sound]
'CollatzCylinderPacking.Arithmetic.canonical_depth_mean_of_first_hit_mean' depends on axioms: [propext,
 Classical.choice,
 Quot.sound]
'CollatzCylinderPacking.Arithmetic.canonical_depth_mean_periodic_of_first_hit_mean' depends on axioms: [propext,
 Classical.choice,
 Quot.sound]
'CollatzCylinderPacking.Arithmetic.canonical_geometric_affine_law' depends on axioms: [propext,
 Classical.choice,
 Quot.sound]
'CollatzCylinderPacking.Arithmetic.canonical_head_tail_pair_law' depends on axioms: [propext,
 Classical.choice,
 Quot.sound]
'CollatzCylinderPacking.Arithmetic.canonical_is_syracuse_stationary' depends on axioms: [propext,
 Classical.choice,
 Quot.sound]
'CollatzCylinderPacking.Arithmetic.canonical_maximum_bounds' depends on axioms: [propext, Classical.choice, Quot.sound]
'CollatzCylinderPacking.Arithmetic.canonical_maximum_eq' depends on axioms: [propext, Classical.choice, Quot.sound]
'CollatzCylinderPacking.Arithmetic.canonical_maximum_exponent' depends on axioms: [propext,
 Classical.choice,
 Quot.sound]
'CollatzCylinderPacking.Arithmetic.canonical_maximum_le_one' depends on axioms: [propext, Classical.choice, Quot.sound]
'CollatzCylinderPacking.Arithmetic.canonical_series_approximation_bound' depends on axioms: [propext,
 Classical.choice,
 Quot.sound]
'CollatzCylinderPacking.Arithmetic.canonical_syracuse_stationarity' depends on axioms: [propext,
 Classical.choice,
 Quot.sound]
'CollatzCylinderPacking.Arithmetic.canonical_truncated_tendsto' depends on axioms: [propext,
 Classical.choice,
 Quot.sound]
'CollatzCylinderPacking.Arithmetic.canonical_variable_affine_recursion' depends on axioms: [propext,
 Classical.choice,
 Quot.sound]
'CollatzCylinderPacking.Arithmetic.canonical_variable_explicit_series' depends on axioms: [propext,
 Classical.choice,
 Quot.sound]
'CollatzCylinderPacking.Arithmetic.canonical_variable_measurable' depends on axioms: [propext,
 Classical.choice,
 Quot.sound]
'CollatzCylinderPacking.Arithmetic.canonical_variable_projection' depends on axioms: [propext,
 Classical.choice,
 Quot.sound]
'CollatzCylinderPacking.Arithmetic.canonical_variable_series_limit' depends on axioms: [propext,
 Classical.choice,
 Quot.sound]
'CollatzCylinderPacking.Arithmetic.canonical_variable_unique' depends on axioms: [propext, Classical.choice, Quot.sound]
'CollatzCylinderPacking.Arithmetic.cesaroMean_of_depth_mean' depends on axioms: [propext, Classical.choice, Quot.sound]
'CollatzCylinderPacking.Arithmetic.clockExceptionIndicator_antitone_tolerance' depends on axioms: [propext,
 Classical.choice,
 Quot.sound]
'CollatzCylinderPacking.Arithmetic.clockExceptionIndicator_le_one' depends on axioms: [propext,
 Classical.choice,
 Quot.sound]
'CollatzCylinderPacking.Arithmetic.clock_log_four_thirds' depends on axioms: [propext, Classical.choice, Quot.sound]
'CollatzCylinderPacking.Arithmetic.compatible_cons_block' depends on axioms: [propext, Classical.choice, Quot.sound]
'CollatzCylinderPacking.Arithmetic.compatible_cons_iff_tail' depends on axioms: [propext, Classical.choice, Quot.sound]
'CollatzCylinderPacking.Arithmetic.cycle_ratio_eq_pathWeight' depends on axioms: [propext, Classical.choice, Quot.sound]
'CollatzCylinderPacking.Arithmetic.endpoint_cutoff_forces_length' depends on axioms: [propext,
 Classical.choice,
 Quot.sound]
'CollatzCylinderPacking.Arithmetic.endpoint_nonperiodic_hasSum' depends on axioms: [propext,
 Classical.choice,
 Quot.sound]
'CollatzCylinderPacking.Arithmetic.endpoint_periodic_hasSum' depends on axioms: [propext, Classical.choice, Quot.sound]
'CollatzCylinderPacking.Arithmetic.eq_canonical_of_syracuse_stationary' depends on axioms: [propext,
 Classical.choice,
 Quot.sound]
'CollatzCylinderPacking.Arithmetic.evenGreenHitTerm' depends on axioms: [propext, Classical.choice, Quot.sound]
'CollatzCylinderPacking.Arithmetic.evenGreenHitTerm_nonneg' depends on axioms: [propext, Classical.choice, Quot.sound]
'CollatzCylinderPacking.Arithmetic.evenGreenHitTerm_succ_hasSum' depends on axioms: [propext,
 Classical.choice,
 Quot.sound]
'CollatzCylinderPacking.Arithmetic.evenGreenHitTerm_summable' depends on axioms: [propext, Classical.choice, Quot.sound]
'CollatzCylinderPacking.Arithmetic.evenGreenHitTerm_tsum' depends on axioms: [propext, Classical.choice, Quot.sound]
'CollatzCylinderPacking.Arithmetic.evenGreenHitTerm_zero_hasSum' depends on axioms: [propext,
 Classical.choice,
 Quot.sound]
'CollatzCylinderPacking.Arithmetic.even_run' depends on axioms: [propext, Quot.sound]
'CollatzCylinderPacking.Arithmetic.eventually_basin_targets_have_no_small_ancestor' depends on axioms: [propext,
 Classical.choice,
 Quot.sound]
'CollatzCylinderPacking.Arithmetic.eventually_basin_targets_nonperiodic' depends on axioms: [propext,
 Classical.choice,
 Quot.sound]
'CollatzCylinderPacking.Arithmetic.eventually_canonical_maximum_holder' depends on axioms: [propext,
 Classical.choice,
 Quot.sound]
'CollatzCylinderPacking.Arithmetic.exists_least_positive_period' does not depend on any axioms
'CollatzCylinderPacking.Arithmetic.exists_odd_source_of_oddCount_pos' depends on axioms: [propext, Quot.sound]
'CollatzCylinderPacking.Arithmetic.exists_uniform_basin_boundary_function' depends on axioms: [propext,
 Classical.choice,
 Quot.sound]
'CollatzCylinderPacking.Arithmetic.exists_uniform_basin_weight_comparison' depends on axioms: [propext,
 Classical.choice,
 Quot.sound]
'CollatzCylinderPacking.Arithmetic.exists_uniform_first_hit_correction_bound' depends on axioms: [propext,
 Classical.choice,
 Quot.sound]
'CollatzCylinderPacking.Arithmetic.exists_uniform_first_hit_log_correction_bound' depends on axioms: [propext,
 Classical.choice,
 Quot.sound]
'CollatzCylinderPacking.Arithmetic.exists_word_of_positive_list' depends on axioms: [propext, Quot.sound]
'CollatzCylinderPacking.Arithmetic.finiteBadMass' depends on axioms: [propext, Classical.choice, Quot.sound]
'CollatzCylinderPacking.Arithmetic.finiteMean' depends on axioms: [propext, Classical.choice, Quot.sound]
'CollatzCylinderPacking.Arithmetic.finiteMean_pushforward' depends on axioms: [propext, Classical.choice, Quot.sound]
'CollatzCylinderPacking.Arithmetic.finiteMean_sub_le_fullL1' depends on axioms: [propext, Classical.choice, Quot.sound]
'CollatzCylinderPacking.Arithmetic.finiteMean_transport' depends on axioms: [propext, Classical.choice, Quot.sound]
'CollatzCylinderPacking.Arithmetic.finiteMean_two_passage_bound' depends on axioms: [propext,
 Classical.choice,
 Quot.sound]
'CollatzCylinderPacking.Arithmetic.finitePushforward' depends on axioms: [propext, Classical.choice, Quot.sound]
'CollatzCylinderPacking.Arithmetic.finite_half_contraction_zero' depends on axioms: [propext,
 Classical.choice,
 Quot.sound]
'CollatzCylinderPacking.Arithmetic.firstHitCorrectionProduct' depends on axioms: [propext, Classical.choice, Quot.sound]
'CollatzCylinderPacking.Arithmetic.firstHitCorrectionProduct_of_first_hit' depends on axioms: [propext,
 Classical.choice,
 Quot.sound]
'CollatzCylinderPacking.Arithmetic.firstHitElapsed' depends on axioms: [propext, Classical.choice, Quot.sound]
'CollatzCylinderPacking.Arithmetic.firstHitElapsed_eq' depends on axioms: [propext, Classical.choice, Quot.sound]
'CollatzCylinderPacking.Arithmetic.firstHitLogCutoff' depends on axioms: [propext, Classical.choice, Quot.sound]
'CollatzCylinderPacking.Arithmetic.firstHitLogCutoff_eq_log' depends on axioms: [propext, Classical.choice, Quot.sound]
'CollatzCylinderPacking.Arithmetic.firstHitLogCutoff_lt_log_iff' depends on axioms: [propext,
 Classical.choice,
 Quot.sound]
'CollatzCylinderPacking.Arithmetic.firstHitLogCutoff_nonneg' depends on axioms: [propext, Classical.choice, Quot.sound]
'CollatzCylinderPacking.Arithmetic.firstHitOddDepth' depends on axioms: [propext, Classical.choice, Quot.sound]
'CollatzCylinderPacking.Arithmetic.firstHitOddDepth_clock_halving_eventually' depends on axioms: [propext,
 Classical.choice,
 Quot.sound]
'CollatzCylinderPacking.Arithmetic.firstHitOddDepth_halving' depends on axioms: [propext, Classical.choice, Quot.sound]
'CollatzCylinderPacking.Arithmetic.firstHitOddDepth_of_first_hit' depends on axioms: [propext,
 Classical.choice,
 Quot.sound]
'CollatzCylinderPacking.Arithmetic.firstHitPartialSum' depends on axioms: [propext, Classical.choice, Quot.sound]
'CollatzCylinderPacking.Arithmetic.firstHitPartialSum_split' depends on axioms: [propext, Classical.choice, Quot.sound]
'CollatzCylinderPacking.Arithmetic.firstHitPartialTailTerm' depends on axioms: [propext, Classical.choice, Quot.sound]
'CollatzCylinderPacking.Arithmetic.firstHitPartialTailTerm_nonneg' depends on axioms: [propext,
 Classical.choice,
 Quot.sound]
'CollatzCylinderPacking.Arithmetic.firstHitPartialTailTerm_summable' depends on axioms: [propext,
 Classical.choice,
 Quot.sound]
'CollatzCylinderPacking.Arithmetic.firstHitPartialTerm' depends on axioms: [propext, Classical.choice, Quot.sound]
'CollatzCylinderPacking.Arithmetic.firstHitPartialTerm_eq_weight' depends on axioms: [propext,
 Classical.choice,
 Quot.sound]
'CollatzCylinderPacking.Arithmetic.firstHitPartialTerm_le_reciprocal' depends on axioms: [propext,
 Classical.choice,
 Quot.sound]
'CollatzCylinderPacking.Arithmetic.firstHitPartialTerm_nonneg' depends on axioms: [propext,
 Classical.choice,
 Quot.sound]
'CollatzCylinderPacking.Arithmetic.firstHitPartialTerm_of_first_hit' depends on axioms: [propext,
 Classical.choice,
 Quot.sound]
'CollatzCylinderPacking.Arithmetic.firstHitPartialTerm_summable' depends on axioms: [propext,
 Classical.choice,
 Quot.sound]
'CollatzCylinderPacking.Arithmetic.firstHitTime' does not depend on any axioms
'CollatzCylinderPacking.Arithmetic.firstHitTime_spec' does not depend on any axioms
'CollatzCylinderPacking.Arithmetic.firstHitWeight' depends on axioms: [propext, Classical.choice, Quot.sound]
'CollatzCylinderPacking.Arithmetic.firstHitWeight_bounds' depends on axioms: [propext, Classical.choice, Quot.sound]
'CollatzCylinderPacking.Arithmetic.firstHitWeight_eq_pathWeight' depends on axioms: [propext,
 Classical.choice,
 Quot.sound]
'CollatzCylinderPacking.Arithmetic.firstHitWeight_finite_passage_transport' depends on axioms: [propext,
 Classical.choice,
 Quot.sound]
'CollatzCylinderPacking.Arithmetic.firstHitWeight_halving' depends on axioms: [propext, Classical.choice, Quot.sound]
'CollatzCylinderPacking.Arithmetic.firstHitWeight_halving_defect' depends on axioms: [propext,
 Classical.choice,
 Quot.sound]
'CollatzCylinderPacking.Arithmetic.firstHitWeight_halving_defect_supported' depends on axioms: [propext,
 Classical.choice,
 Quot.sound]
'CollatzCylinderPacking.Arithmetic.firstHitWeight_le_basinIndicator' depends on axioms: [propext,
 Classical.choice,
 Quot.sound]
'CollatzCylinderPacking.Arithmetic.firstHitWeight_odd_target_passage_expectation' depends on axioms: [propext,
 Classical.choice,
 Quot.sound]
'CollatzCylinderPacking.Arithmetic.firstHitWeight_prefix_difference' depends on axioms: [propext,
 Classical.choice,
 Quot.sound]
'CollatzCylinderPacking.Arithmetic.firstHitWeight_prefix_factorization' depends on axioms: [propext,
 Classical.choice,
 Quot.sound]
'CollatzCylinderPacking.Arithmetic.firstHitWeight_self' depends on axioms: [propext, Classical.choice, Quot.sound]
'CollatzCylinderPacking.Arithmetic.firstHitWeight_two_passage_expectation' depends on axioms: [propext,
 Classical.choice,
 Quot.sound]
'CollatzCylinderPacking.Arithmetic.firstHitWeight_uniform_barrier_stability' depends on axioms: [propext,
 Classical.choice,
 Quot.sound]
'CollatzCylinderPacking.Arithmetic.firstHitWeight_uniform_barrier_stability_of_odd_target' depends on axioms: [propext,
 Classical.choice,
 Quot.sound]
'CollatzCylinderPacking.Arithmetic.firstHitWeight_uniform_prefix_transport' depends on axioms: [propext,
 Classical.choice,
 Quot.sound]
'CollatzCylinderPacking.Arithmetic.firstHit_find' does not depend on any axioms
'CollatzCylinderPacking.Arithmetic.firstHit_full_mean_of_odd_mean' depends on axioms: [propext,
 Classical.choice,
 Quot.sound]
'CollatzCylinderPacking.Arithmetic.firstHit_halving_cumulative_defect' depends on axioms: [propext,
 Classical.choice,
 Quot.sound]
'CollatzCylinderPacking.Arithmetic.firstHit_odd_full_cumulative_recurrence' depends on axioms: [propext,
 Classical.choice,
 Quot.sound]
'CollatzCylinderPacking.Arithmetic.firstHit_prefix_injective' depends on axioms: [propext, Classical.choice, Quot.sound]
'CollatzCylinderPacking.Arithmetic.firstHit_prepend' depends on axioms: [propext, Quot.sound]
'CollatzCylinderPacking.Arithmetic.firstHit_scalar_rpow' depends on axioms: [propext, Classical.choice, Quot.sound]
'CollatzCylinderPacking.Arithmetic.firstHit_time_unique' does not depend on any axioms
'CollatzCylinderPacking.Arithmetic.first_hit_centered_clock_identity' depends on axioms: [propext,
 Classical.choice,
 Quot.sound]
'CollatzCylinderPacking.Arithmetic.first_hit_clock_conversion' depends on axioms: [propext,
 Classical.choice,
 Quot.sound]
'CollatzCylinderPacking.Arithmetic.first_hit_elapsed_clock_exception_mean' depends on axioms: [propext,
 Classical.choice,
 Quot.sound]
'CollatzCylinderPacking.Arithmetic.first_hit_finite_family_tail' depends on axioms: [propext,
 Classical.choice,
 Quot.sound]
'CollatzCylinderPacking.Arithmetic.first_hit_fixed_depth_tail_le' depends on axioms: [propext,
 Classical.choice,
 Quot.sound]
'CollatzCylinderPacking.Arithmetic.first_hit_le_of_hit' does not depend on any axioms
'CollatzCylinderPacking.Arithmetic.first_hit_log_identity' depends on axioms: [propext, Classical.choice, Quot.sound]
'CollatzCylinderPacking.Arithmetic.first_hit_loop_rpow_hasSum' depends on axioms: [propext,
 Classical.choice,
 Quot.sound]
'CollatzCylinderPacking.Arithmetic.first_hit_loop_rpow_tsum' depends on axioms: [propext, Classical.choice, Quot.sound]
'CollatzCylinderPacking.Arithmetic.first_hit_partial_endpoint_tail' depends on axioms: [propext,
 Classical.choice,
 Quot.sound]
'CollatzCylinderPacking.Arithmetic.first_hit_partial_sum_linear' depends on axioms: [propext,
 Classical.choice,
 Quot.sound]
'CollatzCylinderPacking.Arithmetic.first_hit_partial_sum_linear_bound' depends on axioms: [propext,
 Classical.choice,
 Quot.sound]
'CollatzCylinderPacking.Arithmetic.first_hit_partial_tail_bound' depends on axioms: [propext,
 Classical.choice,
 Quot.sound]
'CollatzCylinderPacking.Arithmetic.first_hit_path_injective' depends on axioms: [propext, Classical.choice, Quot.sound]
'CollatzCylinderPacking.Arithmetic.first_hit_time_log_identity' depends on axioms: [propext,
 Classical.choice,
 Quot.sound]
'CollatzCylinderPacking.Arithmetic.first_hit_weight' depends on axioms: [propext, Classical.choice, Quot.sound]
'CollatzCylinderPacking.Arithmetic.first_hit_weight_loop_rpow_hasSum' depends on axioms: [propext,
 Classical.choice,
 Quot.sound]
'CollatzCylinderPacking.Arithmetic.first_hit_word' depends on axioms: [propext, Classical.choice, Quot.sound]
'CollatzCylinderPacking.Arithmetic.first_hit_word_weight' depends on axioms: [propext, Classical.choice, Quot.sound]
'CollatzCylinderPacking.Arithmetic.fixed_basin_boundary_limits' depends on axioms: [propext,
 Classical.choice,
 Quot.sound]
'CollatzCylinderPacking.Arithmetic.fixed_basin_density_tendsto_zero' depends on axioms: [propext,
 Classical.choice,
 Quot.sound]
'CollatzCylinderPacking.Arithmetic.fixed_basin_density_uniform_zero' depends on axioms: [propext,
 Classical.choice,
 Quot.sound]
'CollatzCylinderPacking.Arithmetic.fixed_basin_green_ratio_tendsto_zero' depends on axioms: [propext,
 Classical.choice,
 Quot.sound]
'CollatzCylinderPacking.Arithmetic.fixed_basin_green_ratio_uniform_zero' depends on axioms: [propext,
 Classical.choice,
 Quot.sound]
'CollatzCylinderPacking.Arithmetic.forward_orbit_inter_basin_finite' depends on axioms: [propext,
 Classical.choice,
 Quot.sound]
'CollatzCylinderPacking.Arithmetic.geometricAffine' depends on axioms: [propext, Classical.choice, Quot.sound]
'CollatzCylinderPacking.Arithmetic.geometricAffine_measurable' depends on axioms: [propext,
 Classical.choice,
 Quot.sound]
'CollatzCylinderPacking.Arithmetic.geometricSequenceMeasure' depends on axioms: [propext, Classical.choice, Quot.sound]
'CollatzCylinderPacking.Arithmetic.geometricSequenceProbability' depends on axioms: [propext,
 Classical.choice,
 Quot.sound]
'CollatzCylinderPacking.Arithmetic.geometricWordCountable' depends on axioms: [propext, Classical.choice, Quot.sound]
'CollatzCylinderPacking.Arithmetic.geometricWordMeasurableSingleton' depends on axioms: [propext,
 Classical.choice,
 Quot.sound]
'CollatzCylinderPacking.Arithmetic.geometricWordMeasurableSpace' depends on axioms: [propext,
 Classical.choice,
 Quot.sound]
'CollatzCylinderPacking.Arithmetic.geometric_affine_succ_law' depends on axioms: [propext, Classical.choice, Quot.sound]
'CollatzCylinderPacking.Arithmetic.geometric_affine_zero_law' depends on axioms: [propext, Classical.choice, Quot.sound]
'CollatzCylinderPacking.Arithmetic.geometric_coordinate_law' depends on axioms: [propext, Classical.choice, Quot.sound]
'CollatzCylinderPacking.Arithmetic.geometric_coordinates_independent' depends on axioms: [propext,
 Classical.choice,
 Quot.sound]
'CollatzCylinderPacking.Arithmetic.geometric_head_tail_independent' depends on axioms: [propext,
 Classical.choice,
 Quot.sound]
'CollatzCylinderPacking.Arithmetic.geometric_head_tail_law' depends on axioms: [propext, Classical.choice, Quot.sound]
'CollatzCylinderPacking.Arithmetic.geometric_tail_law' depends on axioms: [propext, Classical.choice, Quot.sound]
'CollatzCylinderPacking.Arithmetic.greenCycleFactor' depends on axioms: [propext, Classical.choice, Quot.sound]
'CollatzCylinderPacking.Arithmetic.greenCycleFactor_continuousAt_one' depends on axioms: [propext,
 Classical.choice,
 Quot.sound]
'CollatzCylinderPacking.Arithmetic.greenCycleFactor_one_pos' depends on axioms: [propext, Classical.choice, Quot.sound]
'CollatzCylinderPacking.Arithmetic.green_density_ratio_of_nonperiodic' depends on axioms: [propext,
 Classical.choice,
 Quot.sound]
'CollatzCylinderPacking.Arithmetic.green_eq_syracuseBlock_series' depends on axioms: [propext,
 Classical.choice,
 Quot.sound]
'CollatzCylinderPacking.Arithmetic.green_odd_endpoint_normalization' depends on axioms: [propext,
 Classical.choice,
 Quot.sound]
'CollatzCylinderPacking.Arithmetic.growthHeadSet' depends on axioms: [propext, Classical.choice, Quot.sound]
'CollatzCylinderPacking.Arithmetic.growthHeadSet_fiber' depends on axioms: [propext, Classical.choice, Quot.sound]
'CollatzCylinderPacking.Arithmetic.halfGeometricMeasure' depends on axioms: [propext, Classical.choice, Quot.sound]
'CollatzCylinderPacking.Arithmetic.halfGeometricProbability' depends on axioms: [propext, Classical.choice, Quot.sound]
'CollatzCylinderPacking.Arithmetic.half_geometric_memoryless' depends on axioms: [propext, Classical.choice, Quot.sound]
'CollatzCylinderPacking.Arithmetic.half_geometric_singleton' depends on axioms: [propext, Classical.choice, Quot.sound]
'CollatzCylinderPacking.Arithmetic.half_rpow' depends on axioms: [propext, Classical.choice, Quot.sound]
'CollatzCylinderPacking.Arithmetic.headSet' depends on axioms: [propext, Classical.choice, Quot.sound]
'CollatzCylinderPacking.Arithmetic.headSet_fiber' depends on axioms: [propext, Classical.choice, Quot.sound]
'CollatzCylinderPacking.Arithmetic.hit_iff_suffix_of_prefix_avoids' depends on axioms: [propext]
'CollatzCylinderPacking.Arithmetic.hittingFiber' depends on axioms: [propext, Classical.choice, Quot.sound]
'CollatzCylinderPacking.Arithmetic.hittingFiber_branches_disjoint' depends on axioms: [propext,
 Classical.choice,
 Quot.sound]
'CollatzCylinderPacking.Arithmetic.hittingFiber_succ' depends on axioms: [propext, Classical.choice, Quot.sound]
'CollatzCylinderPacking.Arithmetic.hittingFiber_zero' depends on axioms: [propext, Classical.choice, Quot.sound]
'CollatzCylinderPacking.Arithmetic.hitting_path_tuple' depends on axioms: [propext, Classical.choice, Quot.sound]
'CollatzCylinderPacking.Arithmetic.hitting_path_weight' depends on axioms: [propext, Classical.choice, Quot.sound]
'CollatzCylinderPacking.Arithmetic.hitting_path_word' depends on axioms: [propext, Classical.choice, Quot.sound]
'CollatzCylinderPacking.Arithmetic.hitting_time_iff_eq_firstHitTime_of_no_return' depends on axioms: [propext,
 Quot.sound]
'CollatzCylinderPacking.Arithmetic.hitting_time_iff_eq_first_of_no_return' depends on axioms: [propext, Quot.sound]
'CollatzCylinderPacking.Arithmetic.hitting_time_iff_firstHitTime_plus_periods' depends on axioms: [propext, Quot.sound]
'CollatzCylinderPacking.Arithmetic.hitting_time_iff_first_le_and_return' depends on axioms: [propext,
 Classical.choice,
 Quot.sound]
'CollatzCylinderPacking.Arithmetic.hitting_time_iff_first_plus_periods' depends on axioms: [propext, Quot.sound]
'CollatzCylinderPacking.Arithmetic.hitting_time_iff_first_plus_return' depends on axioms: [propext, Quot.sound]
'CollatzCylinderPacking.Arithmetic.initial_halving_prefix_even' depends on axioms: [propext, Quot.sound]
'CollatzCylinderPacking.Arithmetic.integerResidue' depends on axioms: [propext, Quot.sound]
'CollatzCylinderPacking.Arithmetic.integerResidue_measurable' depends on axioms: [propext, Classical.choice, Quot.sound]
'CollatzCylinderPacking.Arithmetic.integer_residue_increment' depends on axioms: [propext, Classical.choice, Quot.sound]
'CollatzCylinderPacking.Arithmetic.inverseIterate' depends on axioms: [propext, Classical.choice, Quot.sound]
'CollatzCylinderPacking.Arithmetic.inverseIterate_fiber_sum' depends on axioms: [propext, Classical.choice, Quot.sound]
'CollatzCylinderPacking.Arithmetic.inverseIterate_hasSum_of_endpoint_hasSum' depends on axioms: [propext,
 Classical.choice,
 Quot.sound]
'CollatzCylinderPacking.Arithmetic.inverseIterate_tsum' depends on axioms: [propext, Classical.choice, Quot.sound]
'CollatzCylinderPacking.Arithmetic.inverseOperator' depends on axioms: [propext, Classical.choice, Quot.sound]
'CollatzCylinderPacking.Arithmetic.inverseValue' depends on axioms: [propext]
'CollatzCylinderPacking.Arithmetic.inverseValue_of_identity' depends on axioms: [propext, Quot.sound]
'CollatzCylinderPacking.Arithmetic.inverse_block_admissible' depends on axioms: [propext, Classical.choice, Quot.sound]
'CollatzCylinderPacking.Arithmetic.inverse_coefficients_tendsto' depends on axioms: [propext,
 Classical.choice,
 Quot.sound]
'CollatzCylinderPacking.Arithmetic.inverse_identity' depends on axioms: [propext, Classical.choice, Quot.sound]
'CollatzCylinderPacking.Arithmetic.inverse_modEq' depends on axioms: [propext, Classical.choice, Quot.sound]
'CollatzCylinderPacking.Arithmetic.inverse_odd' depends on axioms: [propext, Classical.choice, Quot.sound]
'CollatzCylinderPacking.Arithmetic.inverse_positive' depends on axioms: [propext, Classical.choice, Quot.sound]
'CollatzCylinderPacking.Arithmetic.inverse_powerTwoUnit' depends on axioms: [propext, Quot.sound]
'CollatzCylinderPacking.Arithmetic.iterate_add' depends on axioms: [propext]
'CollatzCylinderPacking.Arithmetic.iterate_eq_mod_period' depends on axioms: [propext, Quot.sound]
'CollatzCylinderPacking.Arithmetic.iterate_initial_even' depends on axioms: [propext, Quot.sound]
'CollatzCylinderPacking.Arithmetic.iterate_initial_halving' depends on axioms: [propext, Quot.sound]
'CollatzCylinderPacking.Arithmetic.iterate_mul_period' depends on axioms: [propext]
'CollatzCylinderPacking.Arithmetic.iterate_zero' depends on axioms: [propext]
'CollatzCylinderPacking.Arithmetic.kernel_three' depends on axioms: [propext, Classical.choice, Quot.sound]
'CollatzCylinderPacking.Arithmetic.logarithmicCumulative_const_mul' depends on axioms: [propext,
 Classical.choice,
 Quot.sound]
'CollatzCylinderPacking.Arithmetic.logarithmicCumulative_le_of_positive_weights' depends on axioms: [propext,
 Classical.choice,
 Quot.sound]
'CollatzCylinderPacking.Arithmetic.maximumResidueMass' depends on axioms: [propext, Classical.choice, Quot.sound]
'CollatzCylinderPacking.Arithmetic.maximum_residue_base_three_rate' depends on axioms: [propext,
 Classical.choice,
 Quot.sound]
'CollatzCylinderPacking.Arithmetic.maximum_residue_exponential_rate' depends on axioms: [propext,
 Classical.choice,
 Quot.sound]
'CollatzCylinderPacking.Arithmetic.maximum_residue_log_bounds' depends on axioms: [propext,
 Classical.choice,
 Quot.sound]
'CollatzCylinderPacking.Arithmetic.maximum_residue_mass_bounds' depends on axioms: [propext,
 Classical.choice,
 Quot.sound]
'CollatzCylinderPacking.Arithmetic.mem_growthHeadSet' depends on axioms: [propext, Classical.choice, Quot.sound]
'CollatzCylinderPacking.Arithmetic.mem_headSet' depends on axioms: [propext, Classical.choice, Quot.sound]
'CollatzCylinderPacking.Arithmetic.mem_hittingFiber' depends on axioms: [propext, Classical.choice, Quot.sound]
'CollatzCylinderPacking.Arithmetic.mem_validFiber' depends on axioms: [propext, Classical.choice, Quot.sound]
'CollatzCylinderPacking.Arithmetic.mem_wordFiber' depends on axioms: [propext, Classical.choice, Quot.sound]
'CollatzCylinderPacking.Arithmetic.noSmallAncestor_prefix_above' depends on axioms: [propext,
 Classical.choice,
 Quot.sound]
'CollatzCylinderPacking.Arithmetic.no_canonical_cylinder_holder_exponent_above' depends on axioms: [propext,
 Classical.choice,
 Quot.sound]
'CollatzCylinderPacking.Arithmetic.nonperiodic_green_hasSum' depends on axioms: [propext, Classical.choice, Quot.sound]
'CollatzCylinderPacking.Arithmetic.norm_span_three' depends on axioms: [propext, Classical.choice, Quot.sound]
'CollatzCylinderPacking.Arithmetic.normalizedGreen' depends on axioms: [propext, Classical.choice, Quot.sound]
'CollatzCylinderPacking.Arithmetic.normalizedGreen_eq_syracuseBlock_series' depends on axioms: [propext,
 Classical.choice,
 Quot.sound]
'CollatzCylinderPacking.Arithmetic.normalized_green_resolvent' depends on axioms: [propext,
 Classical.choice,
 Quot.sound]
'CollatzCylinderPacking.Arithmetic.oddBasinIndicator' depends on axioms: [propext, Classical.choice, Quot.sound]
'CollatzCylinderPacking.Arithmetic.oddCount_add' depends on axioms: [propext, Quot.sound]
'CollatzCylinderPacking.Arithmetic.oddCount_hit_plus_periods' depends on axioms: [propext, Quot.sound]
'CollatzCylinderPacking.Arithmetic.oddCount_mul_period' depends on axioms: [propext, Quot.sound]
'CollatzCylinderPacking.Arithmetic.oddCount_pos_of_odd_start' depends on axioms: [propext, Quot.sound]
'CollatzCylinderPacking.Arithmetic.oddCumulativeHitTerm' depends on axioms: [propext, Classical.choice, Quot.sound]
'CollatzCylinderPacking.Arithmetic.oddCumulativeHitTerm_eq_sum' depends on axioms: [propext,
 Classical.choice,
 Quot.sound]
'CollatzCylinderPacking.Arithmetic.oddCumulativeHitTerm_nonneg' depends on axioms: [propext,
 Classical.choice,
 Quot.sound]
'CollatzCylinderPacking.Arithmetic.oddDepthHitTerm' depends on axioms: [propext, Classical.choice, Quot.sound]
'CollatzCylinderPacking.Arithmetic.oddDepthHitTerm_nonneg' depends on axioms: [propext, Classical.choice, Quot.sound]
'CollatzCylinderPacking.Arithmetic.oddFirstHitWeight' depends on axioms: [propext, Classical.choice, Quot.sound]
'CollatzCylinderPacking.Arithmetic.oddFirstHitWeight_bounds' depends on axioms: [propext, Classical.choice, Quot.sound]
'CollatzCylinderPacking.Arithmetic.oddFirstHitWeight_supported_on_odd_basin' depends on axioms: [propext,
 Classical.choice,
 Quot.sound]
'CollatzCylinderPacking.Arithmetic.oddGreenHitTerm' depends on axioms: [propext, Classical.choice, Quot.sound]
'CollatzCylinderPacking.Arithmetic.oddGreenHitTerm_nonneg' depends on axioms: [propext, Classical.choice, Quot.sound]
'CollatzCylinderPacking.Arithmetic.oddGreenHitTerm_summable' depends on axioms: [propext, Classical.choice, Quot.sound]
'CollatzCylinderPacking.Arithmetic.oddPredecessor' does not depend on any axioms
'CollatzCylinderPacking.Arithmetic.oddPredecessor_spec' depends on axioms: [propext, Quot.sound]
'CollatzCylinderPacking.Arithmetic.oddRestriction_clockExceptionIndicator' depends on axioms: [propext,
 Classical.choice,
 Quot.sound]
'CollatzCylinderPacking.Arithmetic.odd_basin_multiple_three_eq_zero' depends on axioms: [propext,
 Classical.choice,
 Quot.sound]
'CollatzCylinderPacking.Arithmetic.odd_cumulative_hit_summable' depends on axioms: [propext,
 Classical.choice,
 Quot.sound]
'CollatzCylinderPacking.Arithmetic.odd_cumulative_no_return_hasSum' depends on axioms: [propext,
 Classical.choice,
 Quot.sound]
'CollatzCylinderPacking.Arithmetic.odd_cumulative_periodic_hasSum' depends on axioms: [propext,
 Classical.choice,
 Quot.sound]
'CollatzCylinderPacking.Arithmetic.odd_depth_hit_hasSum' depends on axioms: [propext, Classical.choice, Quot.sound]
'CollatzCylinderPacking.Arithmetic.odd_depth_hit_summable' depends on axioms: [propext, Classical.choice, Quot.sound]
'CollatzCylinderPacking.Arithmetic.odd_depth_hit_tsum' depends on axioms: [propext, Classical.choice, Quot.sound]
'CollatzCylinderPacking.Arithmetic.odd_depth_zero_hasSum' depends on axioms: [propext, Classical.choice, Quot.sound]
'CollatzCylinderPacking.Arithmetic.one_le_pathCorrection' depends on axioms: [propext, Classical.choice, Quot.sound]
'CollatzCylinderPacking.Arithmetic.one_sub_kappa_tendsto_zero' depends on axioms: [propext,
 Classical.choice,
 Quot.sound]
'CollatzCylinderPacking.Arithmetic.orbitRatio' depends on axioms: [propext, Classical.choice, Quot.sound]
'CollatzCylinderPacking.Arithmetic.orbitRatio_add' depends on axioms: [propext, Classical.choice, Quot.sound]
'CollatzCylinderPacking.Arithmetic.orbitRatio_first_hit' depends on axioms: [propext, Classical.choice, Quot.sound]
'CollatzCylinderPacking.Arithmetic.orbitRatio_hit_plus_periods' depends on axioms: [propext,
 Classical.choice,
 Quot.sound]
'CollatzCylinderPacking.Arithmetic.orbitRatio_hit_plus_periods_rpow' depends on axioms: [propext,
 Classical.choice,
 Quot.sound]
'CollatzCylinderPacking.Arithmetic.orbitRatio_initial_even' depends on axioms: [propext, Classical.choice, Quot.sound]
'CollatzCylinderPacking.Arithmetic.orbitRatio_mul_period' depends on axioms: [propext, Classical.choice, Quot.sound]
'CollatzCylinderPacking.Arithmetic.orbitRatio_one_even' depends on axioms: [propext, Classical.choice, Quot.sound]
'CollatzCylinderPacking.Arithmetic.orbitRatio_one_odd' depends on axioms: [propext, Classical.choice, Quot.sound]
'CollatzCylinderPacking.Arithmetic.orbitRatio_pos' depends on axioms: [propext, Classical.choice, Quot.sound]
'CollatzCylinderPacking.Arithmetic.orbitRatio_succ_even_rpow' depends on axioms: [propext, Classical.choice, Quot.sound]
'CollatzCylinderPacking.Arithmetic.orbitRatio_succ_odd_rpow' depends on axioms: [propext, Classical.choice, Quot.sound]
'CollatzCylinderPacking.Arithmetic.padicCylinders' depends on axioms: [propext, Classical.choice, Quot.sound]
'CollatzCylinderPacking.Arithmetic.padicOddPredecessor' depends on axioms: [propext, Classical.choice, Quot.sound]
'CollatzCylinderPacking.Arithmetic.padicOddPredecessor_equation' depends on axioms: [propext,
 Classical.choice,
 Quot.sound]
'CollatzCylinderPacking.Arithmetic.padicResidueApproximation' depends on axioms: [propext, Classical.choice, Quot.sound]
'CollatzCylinderPacking.Arithmetic.padicThreeBorelSpace' depends on axioms: [propext, Classical.choice, Quot.sound]
'CollatzCylinderPacking.Arithmetic.padicThreeMeasurableSpace' depends on axioms: [propext, Classical.choice, Quot.sound]
'CollatzCylinderPacking.Arithmetic.padicTruncatedSeries' depends on axioms: [propext, Classical.choice, Quot.sound]
'CollatzCylinderPacking.Arithmetic.padicTwoUnit' depends on axioms: [propext, Classical.choice, Quot.sound]
'CollatzCylinderPacking.Arithmetic.padicTwoUnit_coe' depends on axioms: [propext, Classical.choice, Quot.sound]
'CollatzCylinderPacking.Arithmetic.padic_cylinder_measurable' depends on axioms: [propext, Classical.choice, Quot.sound]
'CollatzCylinderPacking.Arithmetic.padic_cylinders_generate_borel' depends on axioms: [propext,
 Classical.choice,
 Quot.sound]
'CollatzCylinderPacking.Arithmetic.padic_cylinders_piSystem' depends on axioms: [propext, Classical.choice, Quot.sound]
'CollatzCylinderPacking.Arithmetic.padic_inverse_projection' depends on axioms: [propext, Classical.choice, Quot.sound]
'CollatzCylinderPacking.Arithmetic.padic_probability_eq_of_cylinders' depends on axioms: [propext,
 Classical.choice,
 Quot.sound]
'CollatzCylinderPacking.Arithmetic.padic_projection_eq_iff_power_dvd' depends on axioms: [propext,
 Classical.choice,
 Quot.sound]
'CollatzCylinderPacking.Arithmetic.padic_projection_map_eq' depends on axioms: [propext, Classical.choice, Quot.sound]
'CollatzCylinderPacking.Arithmetic.padic_projection_measurable' depends on axioms: [propext,
 Classical.choice,
 Quot.sound]
'CollatzCylinderPacking.Arithmetic.padic_projection_reduce' depends on axioms: [propext, Classical.choice, Quot.sound]
'CollatzCylinderPacking.Arithmetic.padic_projection_refines' depends on axioms: [propext, Classical.choice, Quot.sound]
'CollatzCylinderPacking.Arithmetic.padic_residue_approximation_bound' depends on axioms: [propext,
 Classical.choice,
 Quot.sound]
'CollatzCylinderPacking.Arithmetic.padic_residue_approximation_tendsto' depends on axioms: [propext,
 Classical.choice,
 Quot.sound]
'CollatzCylinderPacking.Arithmetic.padic_three_projection_cancel' depends on axioms: [propext,
 Classical.choice,
 Quot.sound]
'CollatzCylinderPacking.Arithmetic.padic_truncated_closedForm' depends on axioms: [propext,
 Classical.choice,
 Quot.sound]
'CollatzCylinderPacking.Arithmetic.padic_truncated_projection' depends on axioms: [propext,
 Classical.choice,
 Quot.sound]
'CollatzCylinderPacking.Arithmetic.padic_two_isUnit' depends on axioms: [propext, Classical.choice, Quot.sound]
'CollatzCylinderPacking.Arithmetic.padic_two_unit_projection' depends on axioms: [propext, Classical.choice, Quot.sound]
'CollatzCylinderPacking.Arithmetic.pathCorrection' depends on axioms: [propext, Classical.choice, Quot.sound]
'CollatzCylinderPacking.Arithmetic.pathCorrection_add' depends on axioms: [propext, Classical.choice, Quot.sound]
'CollatzCylinderPacking.Arithmetic.pathCorrection_gt_one_of_oddCount_pos' depends on axioms: [propext,
 Classical.choice,
 Quot.sound]
'CollatzCylinderPacking.Arithmetic.pathTuple' does not depend on any axioms
'CollatzCylinderPacking.Arithmetic.pathTuple_spec' depends on axioms: [propext, Classical.choice, Quot.sound]
'CollatzCylinderPacking.Arithmetic.pathWeight' depends on axioms: [propext, Classical.choice, Quot.sound]
'CollatzCylinderPacking.Arithmetic.pathWeight_add' depends on axioms: [propext, Classical.choice, Quot.sound]
'CollatzCylinderPacking.Arithmetic.pathWeight_bounds' depends on axioms: [propext, Classical.choice, Quot.sound]
'CollatzCylinderPacking.Arithmetic.periodic_ancestor_reaches_back' depends on axioms: [propext,
 Classical.choice,
 Quot.sound]
'CollatzCylinderPacking.Arithmetic.periodic_green_hasSum' depends on axioms: [propext, Classical.choice, Quot.sound]
'CollatzCylinderPacking.Arithmetic.periodic_targets_in_basin_finite' depends on axioms: [propext,
 Classical.choice,
 Quot.sound]
'CollatzCylinderPacking.Arithmetic.polynomial_log_over_depth_tendsto_zero' depends on axioms: [propext,
 Classical.choice,
 Quot.sound]
'CollatzCylinderPacking.Arithmetic.positiveReciprocalSum' depends on axioms: [propext, Classical.choice, Quot.sound]
'CollatzCylinderPacking.Arithmetic.positiveReciprocalSum_double' depends on axioms: [propext,
 Classical.choice,
 Quot.sound]
'CollatzCylinderPacking.Arithmetic.positiveReciprocalSum_dyadic' depends on axioms: [propext,
 Classical.choice,
 Quot.sound]
'CollatzCylinderPacking.Arithmetic.positiveReciprocalSum_le_nat' depends on axioms: [propext,
 Classical.choice,
 Quot.sound]
'CollatzCylinderPacking.Arithmetic.positive_cycle_oddCount_pos' depends on axioms: [propext,
 Classical.choice,
 Quot.sound]
'CollatzCylinderPacking.Arithmetic.positive_cycle_ratio_bounds' depends on axioms: [propext,
 Classical.choice,
 Quot.sound]
'CollatzCylinderPacking.Arithmetic.positive_of_hit_positive' depends on axioms: [propext, Quot.sound]
'CollatzCylinderPacking.Arithmetic.positive_of_hit_positive_target' depends on axioms: [propext,
 Classical.choice,
 Quot.sound]
'CollatzCylinderPacking.Arithmetic.positive_representative' depends on axioms: [propext, Classical.choice, Quot.sound]
'CollatzCylinderPacking.Arithmetic.positive_target_reaches_unit' depends on axioms: [propext,
 Classical.choice,
 Quot.sound]
'CollatzCylinderPacking.Arithmetic.powerTwoUnit' depends on axioms: [propext, Quot.sound]
'CollatzCylinderPacking.Arithmetic.powerTwoUnit_coe' depends on axioms: [propext, Quot.sound]
'CollatzCylinderPacking.Arithmetic.powerTwoUnit_pow' depends on axioms: [propext, Quot.sound]
'CollatzCylinderPacking.Arithmetic.reciprocal_product_error_of_exp_bound' depends on axioms: [propext,
 Classical.choice,
 Quot.sound]
'CollatzCylinderPacking.Arithmetic.reduceResidue' depends on axioms: [propext, Quot.sound]
'CollatzCylinderPacking.Arithmetic.reduce_inversePowerTwoUnit' depends on axioms: [propext, Quot.sound]
'CollatzCylinderPacking.Arithmetic.reduce_powerTwoUnit' depends on axioms: [propext, Quot.sound]
'CollatzCylinderPacking.Arithmetic.reduce_truncatedSeries' depends on axioms: [propext, Quot.sound]
'CollatzCylinderPacking.Arithmetic.residueMass' depends on axioms: [propext, Classical.choice, Quot.sound]
'CollatzCylinderPacking.Arithmetic.residueTerm' depends on axioms: [propext, Classical.choice, Quot.sound]
'CollatzCylinderPacking.Arithmetic.residueTerm_nonneg' depends on axioms: [propext, Classical.choice, Quot.sound]
'CollatzCylinderPacking.Arithmetic.residueTerm_summable' depends on axioms: [propext, Classical.choice, Quot.sound]
'CollatzCylinderPacking.Arithmetic.residue_mass_lower' depends on axioms: [propext, Classical.choice, Quot.sound]
'CollatzCylinderPacking.Arithmetic.residue_mass_nonneg' depends on axioms: [propext, Classical.choice, Quot.sound]
'CollatzCylinderPacking.Arithmetic.residue_mass_total' depends on axioms: [propext, Classical.choice, Quot.sound]
'CollatzCylinderPacking.Arithmetic.residue_mass_upper' depends on axioms: [propext, Classical.choice, Quot.sound]
'CollatzCylinderPacking.Arithmetic.return_time_iff_dvd' depends on axioms: [propext, Quot.sound]
'CollatzCylinderPacking.Arithmetic.return_time_iff_multiple' depends on axioms: [propext, Quot.sound]
'CollatzCylinderPacking.Arithmetic.reverseItinerary_add' depends on axioms: [propext]
'CollatzCylinderPacking.Arithmetic.sequenceWord' does not depend on any axioms
'CollatzCylinderPacking.Arithmetic.sequenceWord_eq_iff' depends on axioms: [propext, Quot.sound]
'CollatzCylinderPacking.Arithmetic.sequenceWord_event' depends on axioms: [propext, Classical.choice, Quot.sound]
'CollatzCylinderPacking.Arithmetic.sequenceWord_event_measurable' depends on axioms: [propext,
 Classical.choice,
 Quot.sound]
'CollatzCylinderPacking.Arithmetic.sequenceWord_measurable' depends on axioms: [propext, Classical.choice, Quot.sound]
'CollatzCylinderPacking.Arithmetic.sequenceWord_prefix_sum' depends on axioms: [propext, Classical.choice, Quot.sound]
'CollatzCylinderPacking.Arithmetic.sequenceWord_probability' depends on axioms: [propext, Classical.choice, Quot.sound]
'CollatzCylinderPacking.Arithmetic.sequenceWord_sum' depends on axioms: [propext, Classical.choice, Quot.sound]
'CollatzCylinderPacking.Arithmetic.sequenceWord_take' does not depend on any axioms
'CollatzCylinderPacking.Arithmetic.sequenceWord_take_prefix' depends on axioms: [propext, Quot.sound]
'CollatzCylinderPacking.Arithmetic.sequence_residue_compatible' depends on axioms: [propext,
 Classical.choice,
 Quot.sound]
'CollatzCylinderPacking.Arithmetic.sequence_residue_probability' depends on axioms: [propext,
 Classical.choice,
 Quot.sound]
'CollatzCylinderPacking.Arithmetic.shortcut_hit_halving_iff' depends on axioms: [propext, Quot.sound]
'CollatzCylinderPacking.Arithmetic.start_le_scaled_endpoint' depends on axioms: [propext, Classical.choice, Quot.sound]
'CollatzCylinderPacking.Arithmetic.stationary_cylinder_real_recursion' depends on axioms: [propext,
 Classical.choice,
 Quot.sound]
'CollatzCylinderPacking.Arithmetic.stationary_probability_cylinders_eq' depends on axioms: [propext,
 Classical.choice,
 Quot.sound]
'CollatzCylinderPacking.Arithmetic.step_preimage_iff' depends on axioms: [propext, Quot.sound]
'CollatzCylinderPacking.Arithmetic.step_two_mul' depends on axioms: [propext, Quot.sound]
'CollatzCylinderPacking.Arithmetic.sum_word_coordinates' depends on axioms: [propext, Classical.choice, Quot.sound]
'CollatzCylinderPacking.Arithmetic.syracuseBlockIterate' depends on axioms: [propext, Classical.choice, Quot.sound]
'CollatzCylinderPacking.Arithmetic.syracuseBlockIterate_eq_depth_sum' depends on axioms: [propext,
 Classical.choice,
 Quot.sound]
'CollatzCylinderPacking.Arithmetic.syracuseBlockIterate_eq_word_sum' depends on axioms: [propext,
 Classical.choice,
 Quot.sound]
'CollatzCylinderPacking.Arithmetic.syracuseBlockIterate_hasSum' depends on axioms: [propext,
 Classical.choice,
 Quot.sound]
'CollatzCylinderPacking.Arithmetic.syracuseBlockOperator' depends on axioms: [propext, Classical.choice, Quot.sound]
'CollatzCylinderPacking.Arithmetic.syracuseBlockOperator_formula' depends on axioms: [propext,
 Classical.choice,
 Quot.sound]
'CollatzCylinderPacking.Arithmetic.syracuseH' depends on axioms: [propext, Classical.choice, Quot.sound]
'CollatzCylinderPacking.Arithmetic.syracuseH_cylinder_preimage' depends on axioms: [propext,
 Classical.choice,
 Quot.sound]
'CollatzCylinderPacking.Arithmetic.syracuseH_double' depends on axioms: [propext, Classical.choice, Quot.sound]
'CollatzCylinderPacking.Arithmetic.syracuseH_measurable' depends on axioms: [propext, Classical.choice, Quot.sound]
'CollatzCylinderPacking.Arithmetic.syracuseJ' depends on axioms: [propext, Classical.choice, Quot.sound]
'CollatzCylinderPacking.Arithmetic.syracuseJ_cylinder_measure_eq' depends on axioms: [propext,
 Classical.choice,
 Quot.sound]
'CollatzCylinderPacking.Arithmetic.syracuseJ_double' depends on axioms: [propext, Classical.choice, Quot.sound]
'CollatzCylinderPacking.Arithmetic.syracuseJ_integer_cylinder_preimage' depends on axioms: [propext,
 Classical.choice,
 Quot.sound]
'CollatzCylinderPacking.Arithmetic.syracuseJ_integer_cylinder_preimage_empty' depends on axioms: [propext,
 Classical.choice,
 Quot.sound]
'CollatzCylinderPacking.Arithmetic.syracuseJ_measurable' depends on axioms: [propext, Classical.choice, Quot.sound]
'CollatzCylinderPacking.Arithmetic.syracuseJ_mod_three' depends on axioms: [propext, Classical.choice, Quot.sound]
'CollatzCylinderPacking.Arithmetic.syracuseJ_oddPredecessor' depends on axioms: [propext, Classical.choice, Quot.sound]
'CollatzCylinderPacking.Arithmetic.syracuseJ_padicOddPredecessor' depends on axioms: [propext,
 Classical.choice,
 Quot.sound]
'CollatzCylinderPacking.Arithmetic.syracuseJ_padic_cylinder_preimage' depends on axioms: [propext,
 Classical.choice,
 Quot.sound]
'CollatzCylinderPacking.Arithmetic.syracuseJ_padic_cylinder_preimage_empty' depends on axioms: [propext,
 Classical.choice,
 Quot.sound]
'CollatzCylinderPacking.Arithmetic.syracuseJ_preimage_of_mod_three' depends on axioms: [propext,
 Classical.choice,
 Quot.sound]
'CollatzCylinderPacking.Arithmetic.syracuseJ_projection_approximation' depends on axioms: [propext,
 Classical.choice,
 Quot.sound]
'CollatzCylinderPacking.Arithmetic.syracuseJ_projection_eq_iff' depends on axioms: [propext,
 Classical.choice,
 Quot.sound]
'CollatzCylinderPacking.Arithmetic.syracuse_stationary_probability_unique' depends on axioms: [propext,
 Classical.choice,
 Quot.sound]
'CollatzCylinderPacking.Arithmetic.threePrimeFact' depends on axioms: [propext, Classical.choice, Quot.sound]
'CollatzCylinderPacking.Arithmetic.truncatedSeries' depends on axioms: [propext, Quot.sound]
'CollatzCylinderPacking.Arithmetic.truncatedSeries_cleared' depends on axioms: [propext, Quot.sound]
'CollatzCylinderPacking.Arithmetic.truncatedSeries_closedForm' depends on axioms: [propext,
 Classical.choice,
 Quot.sound]
'CollatzCylinderPacking.Arithmetic.truncatedSeries_drop_last' depends on axioms: [propext, Classical.choice, Quot.sound]
'CollatzCylinderPacking.Arithmetic.tupleEndpoint' depends on axioms: [propext]
'CollatzCylinderPacking.Arithmetic.tupleFiber' depends on axioms: [propext, Classical.choice, Quot.sound]
'CollatzCylinderPacking.Arithmetic.tupleFiber_admissible' depends on axioms: [propext, Classical.choice, Quot.sound]
'CollatzCylinderPacking.Arithmetic.tupleFiber_card' depends on axioms: [propext, Classical.choice, Quot.sound]
'CollatzCylinderPacking.Arithmetic.tupleFiber_length' depends on axioms: [propext, Classical.choice, Quot.sound]
'CollatzCylinderPacking.Arithmetic.tupleFiber_sum' depends on axioms: [propext, Classical.choice, Quot.sound]
'CollatzCylinderPacking.Arithmetic.twoInverse' depends on axioms: [propext, Quot.sound]
'CollatzCylinderPacking.Arithmetic.validBlock_extend_even' depends on axioms: [propext, Quot.sound]
'CollatzCylinderPacking.Arithmetic.validBlock_iff_congruence' depends on axioms: [propext, Classical.choice, Quot.sound]
'CollatzCylinderPacking.Arithmetic.validBlock_iff_residue' depends on axioms: [propext, Classical.choice, Quot.sound]
'CollatzCylinderPacking.Arithmetic.validBlock_modEq' depends on axioms: [propext, Classical.choice, Quot.sound]
'CollatzCylinderPacking.Arithmetic.validBlock_of_identity' depends on axioms: [propext, Quot.sound]
'CollatzCylinderPacking.Arithmetic.validBlock_of_odd_step' depends on axioms: [propext, Quot.sound]
'CollatzCylinderPacking.Arithmetic.validFiber' depends on axioms: [propext, Classical.choice, Quot.sound]
'CollatzCylinderPacking.Arithmetic.validFiber_scaled_card_le' depends on axioms: [propext, Classical.choice, Quot.sound]
'CollatzCylinderPacking.Arithmetic.validFiber_weight_le' depends on axioms: [propext, Classical.choice, Quot.sound]
'CollatzCylinderPacking.Arithmetic.validTuple_iff_compatible' depends on axioms: [propext, Classical.choice, Quot.sound]
'CollatzCylinderPacking.Arithmetic.validTuple_modEq' depends on axioms: [propext, Classical.choice, Quot.sound]
'CollatzCylinderPacking.Arithmetic.validTuple_ones' depends on axioms: [propext, Classical.choice, Quot.sound]
'CollatzCylinderPacking.Arithmetic.validTuple_positive' depends on axioms: [propext, Quot.sound]
'CollatzCylinderPacking.Arithmetic.validWord_iff_compatible' depends on axioms: [propext, Classical.choice, Quot.sound]
'CollatzCylinderPacking.Arithmetic.validWord_iff_wordResidue' depends on axioms: [propext, Classical.choice, Quot.sound]
'CollatzCylinderPacking.Arithmetic.validWord_modEq' depends on axioms: [propext, Classical.choice, Quot.sound]
'CollatzCylinderPacking.Arithmetic.valid_tuple_admissible' depends on axioms: [propext, Classical.choice, Quot.sound]
'CollatzCylinderPacking.Arithmetic.valid_tuple_path' depends on axioms: [propext, Classical.choice, Quot.sound]
'CollatzCylinderPacking.Arithmetic.valid_word_admissible' depends on axioms: [propext, Classical.choice, Quot.sound]
'CollatzCylinderPacking.Arithmetic.valid_word_endpoint_bound' depends on axioms: [propext, Classical.choice, Quot.sound]
'CollatzCylinderPacking.Arithmetic.valid_word_endpoint_time_injective' depends on axioms: [propext,
 Classical.choice,
 Quot.sound]
'CollatzCylinderPacking.Arithmetic.valid_word_oddCount' depends on axioms: [propext, Classical.choice, Quot.sound]
'CollatzCylinderPacking.Arithmetic.weightedDirichletTerm' depends on axioms: [propext, Classical.choice, Quot.sound]
'CollatzCylinderPacking.Arithmetic.weightedDirichletTerm_le' depends on axioms: [propext, Classical.choice, Quot.sound]
'CollatzCylinderPacking.Arithmetic.weightedDirichletTerm_nonneg' depends on axioms: [propext,
 Classical.choice,
 Quot.sound]
'CollatzCylinderPacking.Arithmetic.weightedDirichlet_summable' depends on axioms: [propext,
 Classical.choice,
 Quot.sound]
'CollatzCylinderPacking.Arithmetic.wordBox' depends on axioms: [propext, Classical.choice, Quot.sound]
'CollatzCylinderPacking.Arithmetic.wordCoordinate' does not depend on any axioms
'CollatzCylinderPacking.Arithmetic.wordFiber' depends on axioms: [propext, Classical.choice, Quot.sound]
'CollatzCylinderPacking.Arithmetic.wordLength_ge_depth' depends on axioms: [propext, Quot.sound]
'CollatzCylinderPacking.Arithmetic.wordList' does not depend on any axioms
'CollatzCylinderPacking.Arithmetic.wordList_injective' depends on axioms: [propext, Quot.sound]
'CollatzCylinderPacking.Arithmetic.wordList_length' depends on axioms: [propext]
'CollatzCylinderPacking.Arithmetic.wordList_ne_nil' depends on axioms: [propext, Quot.sound]
'CollatzCylinderPacking.Arithmetic.wordList_positive' depends on axioms: [propext, Quot.sound]
'CollatzCylinderPacking.Arithmetic.wordList_sum' depends on axioms: [propext]
'CollatzCylinderPacking.Arithmetic.wordResidue' depends on axioms: [propext, Quot.sound]
'CollatzCylinderPacking.Arithmetic.wordResidue_closedForm' depends on axioms: [propext, Classical.choice, Quot.sound]
'CollatzCylinderPacking.Arithmetic.wordResidue_eq_truncatedSeries' depends on axioms: [propext, Quot.sound]
'CollatzCylinderPacking.Arithmetic.word_mem_box_of_length_lt' depends on axioms: [propext, Classical.choice, Quot.sound]
'CollatzCylinderPacking.GeometricWord' does not depend on any axioms
'CollatzCylinderPacking.LowerBranch.all_odd_run' depends on axioms: [propext, Classical.choice, Quot.sound]
'CollatzCylinderPacking.LowerBranch.all_one_branch_admissible' depends on axioms: [propext,
 Classical.choice,
 Quot.sound]
'CollatzCylinderPacking.LowerBranch.encode_ones' depends on axioms: [propext]
'CollatzCylinderPacking.LowerBranch.iterate_succ_first' does not depend on any axioms
'CollatzCylinderPacking.LowerBranch.oddCount_succ_first' depends on axioms: [propext, Quot.sound]
'CollatzCylinderPacking.LowerBranch.reverseItinerary_succ_first' depends on axioms: [propext]
'CollatzCylinderPacking.LowerBranch.step_two_mul_sub_one' depends on axioms: [propext, Quot.sound]
'CollatzCylinderPacking.admissible_endpoint_injective' depends on axioms: [propext, Quot.sound]
'CollatzCylinderPacking.admissible_tuple_card_bound' depends on axioms: [propext, Classical.choice, Quot.sound]
'CollatzCylinderPacking.admissible_tuple_scaled_card_bound' depends on axioms: [propext, Classical.choice, Quot.sound]
'CollatzCylinderPacking.bumpHead' does not depend on any axioms
'CollatzCylinderPacking.certificate_card_le_endpointCount' depends on axioms: [propext, Classical.choice, Quot.sound]
'CollatzCylinderPacking.certificate_head_bound_rat' depends on axioms: [propext, Classical.choice, Quot.sound]
'CollatzCylinderPacking.certificate_head_bound_real' depends on axioms: [propext, Classical.choice, Quot.sound]
'CollatzCylinderPacking.cylinder_bound_of_expansion' depends on axioms: [propext, Classical.choice, Quot.sound]
'CollatzCylinderPacking.decode' does not depend on any axioms
'CollatzCylinderPacking.decode_encode' depends on axioms: [propext, Quot.sound]
'CollatzCylinderPacking.decode_zeros_one' depends on axioms: [propext]
'CollatzCylinderPacking.encode' does not depend on any axioms
'CollatzCylinderPacking.encode_injective' depends on axioms: [propext, Quot.sound]
'CollatzCylinderPacking.encode_length' depends on axioms: [propext, Quot.sound]
'CollatzCylinderPacking.encode_sum' depends on axioms: [propext]
'CollatzCylinderPacking.endpointCount' depends on axioms: [propext, Classical.choice, Quot.sound]
'CollatzCylinderPacking.endpointCount_bound' depends on axioms: [propext, Classical.choice, Quot.sound]
'CollatzCylinderPacking.endpointCount_scaled_bound' depends on axioms: [propext, Classical.choice, Quot.sound]
'CollatzCylinderPacking.endpointMass' depends on axioms: [propext, Classical.choice, Quot.sound]
'CollatzCylinderPacking.endpointMass_le' depends on axioms: [propext, Classical.choice, Quot.sound]
'CollatzCylinderPacking.endpointSet' depends on axioms: [propext, Classical.choice, Quot.sound]
'CollatzCylinderPacking.endpoint_head_bound' depends on axioms: [propext, Classical.choice, Quot.sound]
'CollatzCylinderPacking.endpoint_head_general' depends on axioms: [propext, Classical.choice, Quot.sound]
'CollatzCylinderPacking.endpoint_span' depends on axioms: [propext, Classical.choice, Quot.sound]
'CollatzCylinderPacking.filteredGeometricTail' depends on axioms: [propext, Classical.choice, Quot.sound]
'CollatzCylinderPacking.filtered_tail_bound' depends on axioms: [propext, Classical.choice, Quot.sound]
'CollatzCylinderPacking.filtered_tail_le' depends on axioms: [propext, Classical.choice, Quot.sound]
'CollatzCylinderPacking.filtered_tail_nonneg' depends on axioms: [propext, Classical.choice, Quot.sound]
'CollatzCylinderPacking.filtered_tail_summable' depends on axioms: [propext, Classical.choice, Quot.sound]
'CollatzCylinderPacking.finite_dyadic_sum' depends on axioms: [propext, Classical.choice, Quot.sound]
'CollatzCylinderPacking.finite_dyadic_sum_le' depends on axioms: [propext, Classical.choice, Quot.sound]
'CollatzCylinderPacking.geometricTailTerm' depends on axioms: [propext, Classical.choice, Quot.sound]
'CollatzCylinderPacking.geometricTailTerm_nonneg' depends on axioms: [propext, Classical.choice, Quot.sound]
'CollatzCylinderPacking.geometric_tail_bound' depends on axioms: [propext, Classical.choice, Quot.sound]
'CollatzCylinderPacking.geometric_tail_le_half_pow' depends on axioms: [propext, Classical.choice, Quot.sound]
'CollatzCylinderPacking.geometric_tail_pointwise' depends on axioms: [propext, Classical.choice, Quot.sound]
'CollatzCylinderPacking.geometric_tail_summable' depends on axioms: [propext, Classical.choice, Quot.sound]
'CollatzCylinderPacking.geometric_word_hasSum' depends on axioms: [propext, Classical.choice, Quot.sound]
'CollatzCylinderPacking.geometric_word_probability' depends on axioms: [propext, Classical.choice, Quot.sound]
'CollatzCylinderPacking.geometric_word_tilted_mass' depends on axioms: [propext, Classical.choice, Quot.sound]
'CollatzCylinderPacking.iterate' does not depend on any axioms
'CollatzCylinderPacking.mem_endpointSet' depends on axioms: [propext, Classical.choice, Quot.sound]
'CollatzCylinderPacking.oddCount' does not depend on any axioms
'CollatzCylinderPacking.oddCount_le' depends on axioms: [propext, Quot.sound]
'CollatzCylinderPacking.odd_card_le_of_span' depends on axioms: [propext, Classical.choice, Quot.sound]
'CollatzCylinderPacking.odd_endpoint_card_bound' depends on axioms: [propext, Classical.choice, Quot.sound]
'CollatzCylinderPacking.reverseItinerary' does not depend on any axioms
'CollatzCylinderPacking.reverseItinerary_length' depends on axioms: [propext]
'CollatzCylinderPacking.reverseItinerary_sum' depends on axioms: [propext]
'CollatzCylinderPacking.scaled_bounds' depends on axioms: [propext, Classical.choice, Quot.sound]
'CollatzCylinderPacking.step' does not depend on any axioms
'CollatzCylinderPacking.step_even' depends on axioms: [propext, Quot.sound]
'CollatzCylinderPacking.step_odd' depends on axioms: [propext, Quot.sound]
'CollatzCylinderPacking.wordLength' does not depend on any axioms
'CollatzOrbitPackingActualRecurrence.prefixCount_power_recurrence' depends on axioms: [propext,
 Classical.choice,
 Quot.sound]
'CollatzOrbitPackingActualRecurrence.uniform_finite_distinct_packing_of_parameters' depends on axioms: [propext,
 Classical.choice,
 Quot.sound]
'CollatzOrbitPackingBootstrap.bootstrapConstant' depends on axioms: [propext, Classical.choice, Quot.sound]
'CollatzOrbitPackingBootstrap.bootstrapConstant_nonneg' depends on axioms: [propext, Classical.choice, Quot.sound]
'CollatzOrbitPackingBootstrap.bound_of_smaller_argument_half_budget' depends on axioms: [propext,
 Classical.choice,
 Quot.sound]
'CollatzOrbitPackingBootstrap.initial_count_le_bootstrapConstant' depends on axioms: [propext,
 Classical.choice,
 Quot.sound]
'CollatzOrbitPackingBootstrap.uniform_counting_bootstrap' depends on axioms: [propext, Classical.choice, Quot.sound]
'CollatzOrbitPackingBootstrap.uniform_power_bound_of_counting_recursion' depends on axioms: [propext,
 Classical.choice,
 Quot.sound]
'CollatzOrbitPackingFiniteRecurrence.finite_counting_recurrence' depends on axioms: [propext,
 Classical.choice,
 Quot.sound]
'CollatzOrbitPackingFiniteRecurrence.iterate_add' depends on axioms: [propext]
'CollatzOrbitPackingFiniteRecurrence.iterate_positive' depends on axioms: [propext, Quot.sound]
'CollatzOrbitPackingFiniteRecurrence.prefixCount' depends on axioms: [propext, Classical.choice, Quot.sound]
'CollatzOrbitPackingFiniteRecurrence.prefixCount_le' depends on axioms: [propext, Classical.choice, Quot.sound]
'CollatzOrbitPackingFiniteRecurrence.prefixCount_mono' depends on axioms: [propext, Classical.choice, Quot.sound]
'CollatzOrbitPackingFiniteRecurrence.small_start_endpoint' depends on axioms: [propext, Classical.choice, Quot.sound]
'CollatzOrbitPackingFiniteRecurrence.step_positive' depends on axioms: [propext, Quot.sound]
'CollatzOrbitPackingFiniteRecurrence.terminal_card_le' depends on axioms: [propext, Classical.choice, Quot.sound]
'CollatzOrbitPackingParityCount.card_oddCount' depends on axioms: [propext, Classical.choice, Quot.sound]
'CollatzOrbitPackingParityCount.card_oddCount_filter' depends on axioms: [propext, Classical.choice, Quot.sound]
'CollatzOrbitPackingParityCount.card_oddCount_filter_double' depends on axioms: [propext, Classical.choice, Quot.sound]
'CollatzOrbitPackingParityCount.card_subset_double_range_le' depends on axioms: [propext, Classical.choice, Quot.sound]
'CollatzOrbitPackingParityCount.modEq_of_parity' depends on axioms: [propext, Classical.choice, Quot.sound]
'CollatzOrbitPackingParityCount.oddCount_eq_card' depends on axioms: [propext, Classical.choice, Quot.sound]
'CollatzOrbitPackingParityCount.oddCount_eq_sum' depends on axioms: [propext, Classical.choice, Quot.sound]
'CollatzOrbitPackingParityCount.oddCount_modEq' depends on axioms: [propext, Classical.choice, Quot.sound]
'CollatzOrbitPackingParityCount.oddPositions' depends on axioms: [propext, Classical.choice, Quot.sound]
'CollatzOrbitPackingParityCount.oddPositions_injective' depends on axioms: [propext, Classical.choice, Quot.sound]
'CollatzOrbitPackingParityCount.parity_of_modEq' depends on axioms: [propext, Classical.choice, Quot.sound]
'CollatzOrbitPackingParityCount.parity_pattern_realized' depends on axioms: [propext, Classical.choice, Quot.sound]
'CollatzOrbitPackingPowerRecurrence.binaryLogFloor' depends on axioms: [propext, Classical.choice, Quot.sound]
'CollatzOrbitPackingPowerRecurrence.errorCoefficient' depends on axioms: [propext, Classical.choice, Quot.sound]
'CollatzOrbitPackingPowerRecurrence.exists_packing_threshold' depends on axioms: [propext, Classical.choice, Quot.sound]
'CollatzOrbitPackingPowerRecurrence.floor_log_two_le_power' depends on axioms: [propext, Classical.choice, Quot.sound]
'CollatzOrbitPackingPowerRecurrence.packingNext' depends on axioms: [propext, Classical.choice, Quot.sound]
'CollatzOrbitPackingPowerRecurrence.packing_error_le' depends on axioms: [propext, Classical.choice, Quot.sound]
'CollatzOrbitPackingPowerRecurrence.uniform_power_bound_of_packing_recurrence' depends on axioms: [propext,
 Classical.choice,
 Quot.sound]
'CollatzPassageAtoms.actual_stopped_endpoint_card_le' depends on axioms: [propext, Classical.choice, Quot.sound]
'CollatzPassageAtoms.actual_stopped_endpoint_mass_le' depends on axioms: [propext, Classical.choice, Quot.sound]
'CollatzPassageAtoms.atomWordBudget' depends on axioms: [propext, Classical.choice, Quot.sound]
'CollatzPassageAtoms.atomWordBudget_mass_le' depends on axioms: [propext, Classical.choice, Quot.sound]
'CollatzPassageAtoms.atomWordBudget_pow_le' depends on axioms: [propext, Classical.choice, Quot.sound]
'CollatzPassageAtoms.boundedPassageWordEvent' depends on axioms: [propext, Classical.choice, Quot.sound]
'CollatzPassageAtoms.bounded_composition_card' depends on axioms: [propext, Classical.choice, Quot.sound]
'CollatzPassageAtoms.canonical_bounded_word_bad_probability_le' depends on axioms: [propext,
 Classical.choice,
 Quot.sound]
'CollatzPassageAtoms.canonical_passage_atom_finite_bound' depends on axioms: [propext, Classical.choice, Quot.sound]
'CollatzPassageAtoms.cumulative_composition_card' depends on axioms: [propext, Classical.choice, Quot.sound]
'CollatzPassageAtoms.eventually_atom_total_error_le' depends on axioms: [propext, Classical.choice, Quot.sound]
'CollatzPassageAtoms.eventually_canonical_passage_atom_polynomial' depends on axioms: [propext,
 Classical.choice,
 Quot.sound]
'CollatzPassageAtoms.eventually_real_passage_atom_floor_bound' depends on axioms: [propext,
 Classical.choice,
 Quot.sound]
'CollatzPassageAtoms.eventually_real_passage_atom_polynomial' depends on axioms: [propext, Classical.choice, Quot.sound]
'CollatzPassageAtoms.finite_source_fiber_card_le' depends on axioms: [propext, Classical.choice, Quot.sound]
'CollatzPassageAtoms.firstPassageTimeTotal' depends on axioms: [propext, Classical.choice, Quot.sound]
'CollatzPassageAtoms.firstPassageTimeTotal_of_first_hit' depends on axioms: [propext, Classical.choice, Quot.sound]
'CollatzPassageAtoms.logFinsetProb_split_le' depends on axioms: [propext, Classical.choice, Quot.sound]
'CollatzPassageAtoms.logFinsetProb_stopped_endpoint_le' depends on axioms: [propext, Classical.choice, Quot.sound]
'CollatzPassageAtoms.odd_window_nat_event_probability' depends on axioms: [propext, Classical.choice, Quot.sound]
'CollatzPassageAtoms.prefix_good_bounded_word' depends on axioms: [propext, Classical.choice, Quot.sound]
'CollatzPassageAtoms.stoppedValuationWord' depends on axioms: [propext, Classical.choice, Quot.sound]
'CollatzPassageAtoms.stoppedValuationWord_pos' depends on axioms: [propext, Classical.choice, Quot.sound]
'CollatzPassageAtoms.stoppedValuationWord_weight' depends on axioms: [propext, Classical.choice, Quot.sound]
'CollatzPassageAtoms.stopped_tuple_endpoint_injective' depends on axioms: [propext, Classical.choice, Quot.sound]
'CollatzPassageAtoms.taoAffList_injective' depends on axioms: [propext, Classical.choice, Quot.sound]
'CollatzPassageAtoms.total_passage_atom_probability_le' depends on axioms: [propext, Classical.choice, Quot.sound]
'CollatzPassageAtoms.total_passage_eq_iterate' depends on axioms: [propext, Classical.choice, Quot.sound]
'CollatzPassageAtomsSecondScale.actual_stopped_endpoint_card_le' depends on axioms: [propext,
 Classical.choice,
 Quot.sound]
'CollatzPassageAtomsSecondScale.actual_stopped_endpoint_mass_le' depends on axioms: [propext,
 Classical.choice,
 Quot.sound]
'CollatzPassageAtomsSecondScale.atomWordBudget' depends on axioms: [propext, Classical.choice, Quot.sound]
'CollatzPassageAtomsSecondScale.atomWordBudget_mass_le' depends on axioms: [propext, Classical.choice, Quot.sound]
'CollatzPassageAtomsSecondScale.atomWordBudget_pow_le' depends on axioms: [propext, Classical.choice, Quot.sound]
'CollatzPassageAtomsSecondScale.boundedPassageWordEvent' depends on axioms: [propext, Classical.choice, Quot.sound]
'CollatzPassageAtomsSecondScale.bounded_composition_card' depends on axioms: [propext, Classical.choice, Quot.sound]
'CollatzPassageAtomsSecondScale.canonical_bounded_word_bad_probability_le' depends on axioms: [propext,
 Classical.choice,
 Quot.sound]
'CollatzPassageAtomsSecondScale.canonical_passage_atom_finite_bound' depends on axioms: [propext,
 Classical.choice,
 Quot.sound]
'CollatzPassageAtomsSecondScale.cumulative_composition_card' depends on axioms: [propext, Classical.choice, Quot.sound]
'CollatzPassageAtomsSecondScale.eventually_atom_total_error_le' depends on axioms: [propext,
 Classical.choice,
 Quot.sound]
'CollatzPassageAtomsSecondScale.eventually_canonical_passage_atom_polynomial' depends on axioms: [propext,
 Classical.choice,
 Quot.sound]
'CollatzPassageAtomsSecondScale.eventually_real_passage_atom_floor_bound' depends on axioms: [propext,
 Classical.choice,
 Quot.sound]
'CollatzPassageAtomsSecondScale.eventually_real_passage_atom_polynomial' depends on axioms: [propext,
 Classical.choice,
 Quot.sound]
'CollatzPassageAtomsSecondScale.finite_source_fiber_card_le' depends on axioms: [propext, Classical.choice, Quot.sound]
'CollatzPassageAtomsSecondScale.firstPassageTimeTotal' depends on axioms: [propext, Classical.choice, Quot.sound]
'CollatzPassageAtomsSecondScale.firstPassageTimeTotal_of_first_hit' depends on axioms: [propext,
 Classical.choice,
 Quot.sound]
'CollatzPassageAtomsSecondScale.logFinsetProb_split_le' depends on axioms: [propext, Classical.choice, Quot.sound]
'CollatzPassageAtomsSecondScale.logFinsetProb_stopped_endpoint_le' depends on axioms: [propext,
 Classical.choice,
 Quot.sound]
'CollatzPassageAtomsSecondScale.odd_window_nat_event_probability' depends on axioms: [propext,
 Classical.choice,
 Quot.sound]
'CollatzPassageAtomsSecondScale.prefix_good_bounded_word' depends on axioms: [propext, Classical.choice, Quot.sound]
'CollatzPassageAtomsSecondScale.stoppedValuationWord' depends on axioms: [propext, Classical.choice, Quot.sound]
'CollatzPassageAtomsSecondScale.stoppedValuationWord_pos' depends on axioms: [propext, Classical.choice, Quot.sound]
'CollatzPassageAtomsSecondScale.stoppedValuationWord_weight' depends on axioms: [propext, Classical.choice, Quot.sound]
'CollatzPassageAtomsSecondScale.stopped_tuple_endpoint_injective' depends on axioms: [propext,
 Classical.choice,
 Quot.sound]
'CollatzPassageAtomsSecondScale.taoAffList_injective' depends on axioms: [propext, Classical.choice, Quot.sound]
'CollatzPassageAtomsSecondScale.total_passage_atom_probability_le' depends on axioms: [propext,
 Classical.choice,
 Quot.sound]
'CollatzPassageAtomsSecondScale.total_passage_eq_iterate' depends on axioms: [propext, Classical.choice, Quot.sound]
'CollatzPredecessorDensity.nonconvergence_positive_lower_density_of_counterexample' depends on axioms: [propext,
 Classical.choice,
 Quot.sound]
'CollatzPredecessorDensity.predecessors_positive_lower_density' depends on axioms: [propext,
 Classical.choice,
 Quot.sound]
'CollatzPredecessorDensity.universal_reaches_one_of_arbitrarily_dense_convergence' depends on axioms: [propext,
 Classical.choice,
 Quot.sound]
'CollatzUniformOrbitPacking.realPrefixCount' depends on axioms: [propext, Classical.choice, Quot.sound]
'CollatzUniformOrbitPacking.realPrefixCount_eq_floor' depends on axioms: [propext, Classical.choice, Quot.sound]
'CollatzUniformOrbitPacking.uniform_finite_distinct_orbit_packing' depends on axioms: [propext,
 Classical.choice,
 Quot.sound]
'CollatzUniformOrbitPacking.uniform_finite_path_packing' depends on axioms: [propext, Classical.choice, Quot.sound]
'CollatzUniformOrbitPacking.uniform_real_cutoff_packing' depends on axioms: [propext, Classical.choice, Quot.sound]
'CollatzUniformOrbitReciprocalPacking.finite_path_positive' depends on axioms: [propext, Quot.sound]
'CollatzUniformOrbitReciprocalPacking.uniform_finite_path_reciprocal_bounds' depends on axioms: [propext,
 Classical.choice,
 Quot.sound]
'CollatzUniformOrbitReciprocalPacking.uniform_finite_path_reciprocal_tail' depends on axioms: [propext,
 Classical.choice,
 Quot.sound]
'Erdos1135.Tao.taoProp111RealFirstPassageStabilizationRate_checked' depends on axioms: [propext,
 Classical.choice,
 Quot.sound]
'Erdos1135SecondScale.Tao.taoProp111RealFirstPassageStabilizationRate_checked' depends on axioms: [propext,
 Classical.choice,
 Quot.sound]
